"RowID","Date","Calendar Year","Fiscal Year","Month","Day","Day of Week","Sunrise","Sunset","Cart Rentals","Cart Revenue","Club Rentals","Club Revenue","Food and Beverage","Green Fees","Merchandise Revenue","Range Sales","Rounds Possible","Round Booking Rate","Rounds Played","Total Revenue","Revenue/Round","Season"
"1","2004 Dec 10 12:00:00 AM","2004","FY04-5","December","10","Friday",,,"166","$2,656","4","$60","$3,878.33","$12,313","$1,811.63","$5,349.6",,,"219","$26,069","$119.03","Winter"
"2","2015 Jul 01 12:00:00 AM","2015","FY15-16","July","1","Wednesday",,,,,,,,,,,,,"4,492",,,"Summer"
"3","2015 Aug 01 12:00:00 AM","2015","FY15-16","August","1","Saturday",,,,,,,,,,,,,"3,589",,,"Summer"
"4","2015 Sep 01 12:00:00 AM","2015","FY15-16","September","1","Tuesday",,,,,,,,,,,,,"3,867",,,"Fall"
"5","2015 Oct 01 12:00:00 AM","2015","FY15-16","October","1","Thursday",,,,,,,,,,,,,"5,396",,,"Fall"
"6","2015 Nov 01 12:00:00 AM","2015","FY15-16","November","1","Sunday",,,,,,,,,,,,,"3,772",,,"Fall"
"7","2015 Dec 01 12:00:00 AM","2015","FY15-16","December","1","Tuesday",,,,,,,,,,,,,"4,503",,,"Winter"
"8","2016 Jan 01 12:00:00 AM","2016","FY15-16","January","1","Friday",,,,,,,,,,,,,"5,213",,,"Winter"
"9","2016 Feb 01 12:00:00 AM","2016","FY15-16","February","1","Monday",,,,,,,,,,,,,"6,565",,,"Winter"
"10","2016 Mar 01 12:00:00 AM","2016","FY15-16","March","1","Tuesday",,,,,,,,,,,,,"7,761",,,"Spring"
"11","2016 Apr 01 12:00:00 AM","2016","FY15-16","April","1","Friday",,,,,,,,,,,,,"6,373",,,"Spring"
"12","2016 May 01 12:00:00 AM","2016","FY15-16","May","1","Sunday",,,,,,,,,,,,,"5,270",,,"Spring"
"13","2016 Jun 01 12:00:00 AM","2016","FY15-16","June","1","Wednesday",,,,,,,,,,,,,"4,265",,,"Summer"
"14","2016 Jul 01 12:00:00 AM","2016","FY16-17","July","1","Friday",,,,,,,,,,,,,"3,134",,,"Summer"
"15","2016 Aug 01 12:00:00 AM","2016","FY16-17","August","1","Monday",,,,,,,,,,,,,"3,582",,,"Summer"
"16","2016 Sep 01 12:00:00 AM","2016","FY16-17","September","1","Thursday",,,,,,,,,,,,,"3,782",,,"Fall"
"17","2016 Oct 01 12:00:00 AM","2016","FY16-17","October","1","Saturday",,,,,,,,,,,,,"3,763",,,"Fall"
"18","2016 Nov 01 12:00:00 AM","2016","FY16-17","November","1","Tuesday",,,,,,,,,,,,,"4,868",,,"Fall"
"19","2016 Dec 01 12:00:00 AM","2016","FY16-17","December","1","Thursday",,,,,,,,,,,,,"4,769",,,"Winter"
"20","2017 Jan 01 12:00:00 AM","2017","FY16-17","January","1","Sunday",,,,,,,,,,,,,"5,506",,,"Winter"
"21","2017 Feb 01 12:00:00 AM","2017","FY16-17","February","1","Wednesday",,,,,,,,,,,,,"6,366",,,"Winter"
"22","2017 Mar 01 12:00:00 AM","2017","FY16-17","March","1","Wednesday",,,,,,,,,,,,,"8,049",,,"Spring"
"23","2017 Apr 01 12:00:00 AM","2017","FY16-17","April","1","Saturday",,,,,,,,,,,,,"6,058",,,"Spring"
"24","2017 May 01 12:00:00 AM","2017","FY16-17","May","1","Monday",,,,,,,,,,,,,"4,462",,,"Spring"
"25","2017 Jun 01 12:00:00 AM","2017","FY16-17","June","1","Thursday",,,,,,,,,,,,,"4,292",,,"Summer"
"26","2017 Jul 01 12:00:00 AM","2017","FY17-18","July","1","Saturday",,,,,,,,,,,,,"3,497",,,"Summer"
"27","2017 Aug 01 12:00:00 AM","2017","FY17-18","August","1","Tuesday",,,,,,,,,,,,,"3,783",,,"Summer"
"28","2017 Sep 01 12:00:00 AM","2017","FY17-18","September","1","Friday",,,,,,,,,,,,,"4,372",,,"Fall"
"29","2017 Oct 01 12:00:00 AM","2017","FY17-18","October","1","Sunday",,,,,,,,,,,,,"3,817",,,"Fall"
"30","2017 Nov 01 12:00:00 AM","2017","FY17-18","November","1","Wednesday",,,,,,,,,,,,,"5,201",,,"Fall"
"31","2017 Dec 01 12:00:00 AM","2017","FY17-18","December","1","Friday",,,,,,,,,,,,,"4,940",,,"Winter"
"32","2018 Jan 01 12:00:00 AM","2018","FY17-18","January","1","Monday",,,,,,,,,,,,,"6,072",,,"Winter"
"33","2018 Feb 01 12:00:00 AM","2018","FY17-18","February","1","Thursday",,,,,,,,,,,,,"6,448",,,"Winter"
"34","2018 Mar 01 12:00:00 AM","2018","FY17-18","March","1","Thursday",,,,,,,,,,,,,"8,107",,,"Spring"
"35","2018 Apr 01 12:00:00 AM","2018","FY17-18","April","1","Sunday",,,,,,,,,,,,,"6,513",,,"Spring"
"36","2018 May 01 12:00:00 AM","2018","FY17-18","May","1","Tuesday",,,,,,,,,,,,,"5,150",,,"Spring"
"37","2018 Jun 01 12:00:00 AM","2018","FY17-18","June","1","Friday",,,,,,,,,,,,,"4,676",,,"Summer"
"38","2018 Jul 01 12:00:00 AM","2018","FY18-19","July","1","Sunday",,,,,,,,,,,,,"3,844",,,"Summer"
"39","2018 Aug 01 12:00:00 AM","2018","FY18-19","August","1","Wednesday",,,,,,,,,,,,,"3,569",,,"Summer"
"40","2018 Sep 01 12:00:00 AM","2018","FY18-19","September","1","Saturday",,,,,,,,,,,,,"4,281",,,"Fall"
"41","2018 Oct 01 12:00:00 AM","2018","FY18-19","October","1","Monday",,,,,,,,,,,,,"2,963",,,"Fall"
"42","2018 Nov 01 12:00:00 AM","2018","FY18-19","November","1","Thursday",,,,,,,,,,,,,"5,730",,,"Fall"
"43","2018 Dec 01 12:00:00 AM","2018","FY18-19","December","1","Saturday",,,,,,,,,,,,,"4,103",,,"Winter"
"44","2019 Jan 01 12:00:00 AM","2019","FY18-19","January","1","Tuesday",,,,,,,,,,,,,"5,835",,,"Winter"
"45","2019 Feb 01 12:00:00 AM","2019","FY18-19","February","1","Friday",,,,,,,,,,,,,"5,628",,,"Winter"
"46","2019 Mar 01 12:00:00 AM","2019","FY18-19","March","1","Friday",,,,,,,,,,,,,"8,088",,,"Spring"
"47","2019 Apr 01 12:00:00 AM","2019","FY18-19","April","1","Monday",,,,,,,,,,,,,"7,237",,,"Spring"
"48","2019 May 01 12:00:00 AM","2019","FY18-19","May","1","Wednesday",,,,,,,,,,,,,"5,553",,,"Spring"
"49","2019 Jun 01 12:00:00 AM","2019","FY18-19","June","1","Saturday",,,,,,,,,,,,,"5,445",,,"Summer"
"50","2019 Jul 01 12:00:00 AM","2019","FY19-20","July","1","Monday",,,"0",,,"$725","$62,321","$96,114","$10,222","$18,476",,,"5,407","$187,858","$34.74","Summer"
"51","2019 Aug 01 12:00:00 AM","2019","FY19-20","August","1","Thursday",,,"0",,,"$1,038","$64,848","$107,000","$12,408","$18,906",,,"4,950","$204,200","$41.25","Summer"
"52","2019 Sep 01 12:00:00 AM","2019","FY19-20","September","1","Sunday",,,"0",,,"$550","$74,305","$123,314","$10,563","$21,276",,,"5,295","$230,008","$43.44","Fall"
"53","2019 Oct 01 12:00:00 AM","2019","FY19-20","October","1","Tuesday",,,"0",,,"$773","$60,660","$112,814","$14,026","$27,528",,,"4,486","$215,801","$48.11","Fall"
"54","2019 Nov 01 12:00:00 AM","2019","FY19-20","November","1","Friday",,,"0",,,"$2,415","$78,372","$203,750","$16,149","$27,914",,,"6,237","$328,600","$52.69","Fall"
"55","2019 Dec 01 12:00:00 AM","2019","FY19-20","December","1","Sunday",,,"0",,,"$1,703","$69,270","$198,522","$16,319","$27,439",,,"5,477","$313,253","$57.19","Winter"
"56","2020 Jan 01 12:00:00 AM","2020","FY19-20","January","1","Wednesday",,,"0",,,"$3,550","$83,753","$278,914","$14,432","$37,470",,,"7,394","$418,119","$56.55","Winter"
"57","2020 Feb 01 12:00:00 AM","2020","FY19-20","February","1","Saturday",,,,,,"$3,240","$79,690","$287,506","$16,403","$40,592",,,"7,365","$427,431","$58.04","Winter"
"58","2020 Mar 01 12:00:00 AM","2020","FY19-20","March","1","Sunday",,,,,,"$3,814","$75,847","$302,792","$19,305","$33,657",,,"8,151","$435,415","$53.42","Spring"
"59","2020 Apr 01 12:00:00 AM","2020","FY19-20","April","1","Wednesday",,,,,,"$1,590","$89,531","$223,255","$20,994","$36,835",,,"8,117","$372,205","$45.85","Spring"
"60","2020 May 01 12:00:00 AM","2020","FY19-20","May","1","Friday",,,,,,"$1,011","$48,625","$218,974","$27,156","$40,541",,,"8,112","$336,307","$41.46","Spring"
"61","2020 Jun 01 12:00:00 AM","2020","FY19-20","June","1","Monday",,,,,,"$1,184","$58,919","$153,870","$24,745","$31,782",,,"7,662","$270,500","$35.3","Summer"
"62","2020 Jul 01 12:00:00 AM","2020","FY20-21","July","1","Wednesday",,,,,,"$935","$51,146","$125,376","$24,244","$32,062",,,"6,757","$233,763","$34.6","Summer"
"63","2020 Aug 01 12:00:00 AM","2020","FY20-21","August","1","Saturday",,,,,,"$840","$61,032","$135,854","$17,541","$33,621",,,"6,634","$248,888","$37.52","Summer"
"64","2020 Sep 01 12:00:00 AM","2020","FY20-21","September","1","Tuesday",,,,,,"$1,240","$67,907","$140,774","$25,764","$37,305",,,"6,946","$272,990","$39.3","Fall"
"65","2020 Oct 01 12:00:00 AM","2020","FY20-21","October","1","Thursday",,,,,,"$1,613","$65,166","$151,962","$18,450","$37,680",,,"5,354","$274,871","$51.34","Fall"
"66","2020 Nov 01 12:00:00 AM","2020","FY20-21","November","1","Sunday",,,,,,"$2,045","$98,257","$307,911","$23,539","$46,537",,,"8,212","$478,289","$58.24","Fall"
"67","2020 Dec 01 12:00:00 AM","2020","FY20-21","December","1","Tuesday",,,,,,"$2,003","$82,341","$286,573","$25,973","$44,750",,,"7,054","$441,640","$62.61","Winter"
"68","2021 Jan 01 12:00:00 AM","2021","FY20-21","January","1","Friday","07:31:28","17:30:47",,,,"$2,590","$81,597","$305,860","$21,036","$43,387","272","2,673.2%","7,271","$454,470","$62.5","Winter"
"69","2021 Feb 01 12:00:00 AM","2021","FY20-21","February","1","Monday","07:22:54","17:59:02",,,,"$2,938","$92,477","$344,209","$24,877","$50,028","292","2,814.4%","8,218","$514,529","$62.61","Winter"
"70","2021 Mar 01 12:00:00 AM","2021","FY20-21","March","1","Monday","06:54:51","18:24:13",,,,"$5,174","$113,710","$406,892","$37,411","$58,978","316","3,003.2%","9,490","$622,165","$65.56","Spring"
"71","2021 Apr 01 12:00:00 AM","2021","FY20-21","April","1","Thursday","06:14:09","18:47:51",,,,"$4,899","$127,487","$386,287","$31,175","$62,255","348","2,799.4%","9,742","$612,103","$62.83","Spring"
"72","2021 May 01 12:00:00 AM","2021","FY20-21","May","1","Saturday","05:38:29","19:10:13",,,,"$3,383","$114,955","$314,679","$34,773","$52,770","380","2,329.7%","8,853","$520,560","$58.8","Spring"
"73","2021 Jun 01 12:00:00 AM","2021","FY20-21","June","1","Tuesday","05:18:24","19:32:06",,,,"$1,630","$91,652","$186,093","$29,336","$37,538","400","1,939%","7,756","$346,249","$44.64","Summer"
"74","2021 Jul 01 12:00:00 AM","2021","FY21-22","July","1","Thursday","05:21:33","19:41:03",,,,"$50","$2,094","$8,357","$565","$1,262","404","108.7%","439","$12,328","$28.08","Summer"
"75","2021 Jul 02 12:00:00 AM","2021","FY21-22","July","2","Friday","05:21:59","19:41:00",,,,"$195","$4,009","$10,942","$950","$1,769","404","82.9%","335","$17,865","$53.33","Summer"
"76","2021 Jul 03 12:00:00 AM","2021","FY21-22","July","3","Saturday","05:22:26","19:40:54",,,,"$20","$3,942","$7,336","$621","$1,474","400","65%","260","$13,393","$51.51","Summer"
"77","2021 Jul 04 12:00:00 AM","2021","FY21-22","July","4","Sunday","05:22:54","19:40:47",,,,"$96","$2,462","$6,613","$605","$1,044","400","59.8%","239","$10,820","$45.27","Summer"
"78","2021 Jul 05 12:00:00 AM","2021","FY21-22","July","5","Monday","05:23:24","19:40:39",,,,"$26","$3,288","$9,517","$506","$1,540","400","85.3%","341","$14,877","$43.63","Summer"
"79","2021 Jul 06 12:00:00 AM","2021","FY21-22","July","6","Tuesday","05:23:54","19:40:29",,,,"$0","$1,264","$2,231","$259","$657","400","27.5%","110","$4,411","$40.1","Summer"
"80","2021 Jul 07 12:00:00 AM","2021","FY21-22","July","7","Wednesday","05:24:25","19:40:17",,,,"$0","$1,169","$2,370","$259","$1,232","400","30.2%","121","$5,030","$41.57","Summer"
"81","2021 Jul 08 12:00:00 AM","2021","FY21-22","July","8","Thursday","05:24:56","19:40:03",,,,"$35","$2,281","$3,891","$495","$877","400","47%","188","$7,579","$40.31","Summer"
"82","2021 Jul 09 12:00:00 AM","2021","FY21-22","July","9","Friday","05:25:29","19:39:48",,,,"$40","$2,302","$4,486","$1,059","$963","400","50.7%","203","$8,850","$43.6","Summer"
"83","2021 Jul 10 12:00:00 AM","2021","FY21-22","July","10","Saturday","05:26:02","19:39:32",,,,"$10","$3,417","$7,116","$1,986","$1,294","400","61.5%","246","$13,823","$56.19","Summer"
"84","2021 Jul 11 12:00:00 AM","2021","FY21-22","July","11","Sunday","05:26:36","19:39:13",,,,"$0","$3,039","$6,833","$585","$1,346","400","54.2%","217","$11,803","$54.39","Summer"
"85","2021 Jul 12 12:00:00 AM","2021","FY21-22","July","12","Monday","05:27:11","19:38:54",,,,"$20","$1,689","$3,188","$1,223","$1,594","396","41.7%","165","$7,714","$46.75","Summer"
"86","2021 Jul 13 12:00:00 AM","2021","FY21-22","July","13","Tuesday","05:27:47","19:38:32",,,,"$0","$2,074","$4,608","$764","$1,293","396","58.6%","232","$8,739","$37.67","Summer"
"87","2021 Jul 14 12:00:00 AM","2021","FY21-22","July","14","Wednesday","05:28:23","19:38:09",,,,"$60","$1,754","$3,145","$820","$1,140","396","42.2%","167","$6,919","$41.43","Summer"
"88","2021 Jul 15 12:00:00 AM","2021","FY21-22","July","15","Thursday","05:28:59","19:37:44",,,,"$145","$3,994","$4,308","$577","$2,086","396","55.6%","220","$11,110","$50.5","Summer"
"89","2021 Jul 16 12:00:00 AM","2021","FY21-22","July","16","Friday","05:29:37","19:37:18",,,,"$140","$3,823","$9,714","$786","$2,012","396","97.7%","387","$16,475","$42.57","Summer"
"90","2021 Jul 17 12:00:00 AM","2021","FY21-22","July","17","Saturday","05:30:14","19:36:50",,,,"$10","$3,676","$7,462","$1,823","$1,729","396","67.4%","267","$14,700","$55.06","Summer"
"91","2021 Jul 18 12:00:00 AM","2021","FY21-22","July","18","Sunday","05:30:53","19:36:21",,,,"$10","$2,768","$7,731","$1,320","$1,392","396","70.2%","278","$13,221","$47.56","Summer"
"92","2021 Jul 19 12:00:00 AM","2021","FY21-22","July","19","Monday","05:31:31","19:35:50",,,,"$220","$1,829","$4,532","$1,408","$1,563","396","53.3%","211","$9,552","$45.27","Summer"
"93","2021 Jul 20 12:00:00 AM","2021","FY21-22","July","20","Tuesday","05:32:10","19:35:17",,,,"$40","$2,196","$5,080","$557","$1,201","392","57.7%","226","$9,074","$40.15","Summer"
"94","2021 Jul 21 12:00:00 AM","2021","FY21-22","July","21","Wednesday","05:32:50","19:34:43",,,,"$70","$1,880","$3,932","$549","$1,579","392","51.8%","203","$8,010","$39.46","Summer"
"95","2021 Jul 22 12:00:00 AM","2021","FY21-22","July","22","Thursday","05:33:30","19:34:08",,,,"$80","$2,419","$4,698","$422","$1,602","392","63.3%","248","$9,221","$37.18","Summer"
"96","2021 Jul 23 12:00:00 AM","2021","FY21-22","July","23","Friday","05:34:10","19:33:31",,,,"$10","$1,848","$3,955","$274","$1,269","392","40.1%","157","$7,356","$46.85","Summer"
"97","2021 Jul 24 12:00:00 AM","2021","FY21-22","July","24","Saturday","05:34:50","19:32:52",,,,"$100","$2,698","$5,729","$933","$2,725","392","61%","239","$12,185","$50.98","Summer"
"98","2021 Jul 25 12:00:00 AM","2021","FY21-22","July","25","Sunday","05:35:31","19:32:12",,,,"$30","$4,455","$8,412","$1,806","$2,109","392","80.9%","317","$16,812","$53.03","Summer"
"99","2021 Jul 26 12:00:00 AM","2021","FY21-22","July","26","Monday","05:36:12","19:31:31",,,,"$60","$1,174","$2,893","$688","$1,705","388","38.4%","149","$6,520","$43.76","Summer"
"100","2021 Jul 27 12:00:00 AM","2021","FY21-22","July","27","Tuesday","05:36:54","19:30:48",,,,"$0","$1,951","$3,575","$583","$1,582","388","46.9%","182","$7,691","$42.26","Summer"
"101","2021 Jul 28 12:00:00 AM","2021","FY21-22","July","28","Wednesday","05:37:35","19:30:04",,,,"$65","$1,897","$4,582","$877","$1,938","388","57.5%","223","$9,359","$41.97","Summer"
"102","2021 Jul 29 12:00:00 AM","2021","FY21-22","July","29","Thursday","05:38:17","19:29:18",,,,"$0","$3,376","$5,499","$1,183","$2,282","388","70.6%","274","$12,340","$45.04","Summer"
"103","2021 Jul 30 12:00:00 AM","2021","FY21-22","July","30","Friday","05:38:59","19:28:31",,,,"$20","$4,326","$7,232","$1,355","$2,055","388","68.6%","266","$14,988","$56.35","Summer"
"104","2021 Jul 31 12:00:00 AM","2021","FY21-22","July","31","Saturday","05:39:40","19:27:43",,,,"$49","$7,260","$8,958","$604","$2,146","388","82%","318","$19,017","$59.8","Summer"
"105","2021 Aug 01 12:00:00 AM","2021","FY21-22","August","1","Sunday","05:40:23","19:26:53",,,,"$20","$3,337","$8,254","$615","$1,633","384","78.1%","300","$13,859","$46.2","Summer"
"106","2021 Aug 02 12:00:00 AM","2021","FY21-22","August","2","Monday","05:41:05","19:26:02",,,,"$10","$1,617","$3,384","$640","$1,049","384","45.3%","174","$6,700","$38.51","Summer"
"107","2021 Aug 03 12:00:00 AM","2021","FY21-22","August","3","Tuesday","05:41:47","19:25:10",,,,"$0","$1,780","$3,904","$942","$1,589","384","52.3%","201","$8,215","$40.87","Summer"
"108","2021 Aug 04 12:00:00 AM","2021","FY21-22","August","4","Wednesday","05:42:29","19:24:16",,,,"$120","$1,466","$3,880","$813","$1,639","384","54.7%","210","$7,918","$37.7","Summer"
"109","2021 Aug 05 12:00:00 AM","2021","FY21-22","August","5","Thursday","05:43:12","19:23:21",,,,"$10","$2,724","$5,255","$1,666","$1,653","384","69.8%","268","$11,308","$42.19","Summer"
"110","2021 Aug 06 12:00:00 AM","2021","FY21-22","August","6","Friday","05:43:54","19:22:25",,,,"$10","$3,741","$7,395","$1,010","$1,530","380","78.4%","298","$13,686","$45.93","Summer"
"111","2021 Aug 07 12:00:00 AM","2021","FY21-22","August","7","Saturday","05:44:36","19:21:28",,,,"$10","$4,551","$8,442","$859","$1,584","380","77.9%","296","$15,446","$52.18","Summer"
"112","2021 Aug 08 12:00:00 AM","2021","FY21-22","August","8","Sunday","05:45:19","19:20:30",,,,"$10","$4,316","$8,297","$1,800","$2,019","380","79.7%","303","$16,442","$54.26","Summer"
"113","2021 Aug 09 12:00:00 AM","2021","FY21-22","August","9","Monday","05:46:01","19:19:30",,,,"$105","$2,164","$5,424","$753","$2,168","380","73.7%","280","$10,614","$37.91","Summer"
"114","2021 Aug 10 12:00:00 AM","2021","FY21-22","August","10","Tuesday","05:46:43","19:18:29",,,,"$70","$2,233","$4,047","$857","$1,913","380","55%","209","$9,120","$43.64","Summer"
"115","2021 Aug 11 12:00:00 AM","2021","FY21-22","August","11","Wednesday","05:47:25","19:17:28",,,,"$10","$2,504","$4,792","$1,521","$2,312","376","62%","233","$11,139","$47.81","Summer"
"116","2021 Aug 12 12:00:00 AM","2021","FY21-22","August","12","Thursday","05:48:08","19:16:25",,,,"$0","$3,707","$5,503","$1,279","$1,841","376","78.2%","294","$12,330","$41.94","Summer"
"117","2021 Aug 13 12:00:00 AM","2021","FY21-22","August","13","Friday","05:48:50","19:15:21",,,,"$240","$4,513","$9,048","$1,457","$1,900","376","88%","331","$17,158","$51.84","Summer"
"118","2021 Aug 14 12:00:00 AM","2021","FY21-22","August","14","Saturday","05:49:32","19:14:16",,,,"$60","$3,459","$7,875","$922","$1,681","376","73.9%","278","$13,997","$50.35","Summer"
"119","2021 Aug 15 12:00:00 AM","2021","FY21-22","August","15","Sunday","05:50:14","19:13:10",,,,"$30","$4,313","$8,923","$1,286","$1,766","372","87.9%","327","$16,318","$49.9","Summer"
"120","2021 Aug 16 12:00:00 AM","2021","FY21-22","August","16","Monday","05:50:56","19:12:04",,,,"$125","$1,938","$4,592","$1,107","$2,297","372","55.9%","208","$10,059","$48.36","Summer"
"121","2021 Aug 17 12:00:00 AM","2021","FY21-22","August","17","Tuesday","05:51:38","19:10:56",,,,"$160","$1,736","$4,479","$962","$1,133","372","56.2%","209","$8,470","$40.53","Summer"
"122","2021 Aug 18 12:00:00 AM","2021","FY21-22","August","18","Wednesday","05:52:19","19:09:47",,,,"$50","$2,182","$4,164","$759","$1,489","372","57%","212","$8,644","$40.77","Summer"
"123","2021 Aug 19 12:00:00 AM","2021","FY21-22","August","19","Thursday","05:53:01","19:08:38",,,,"$0","$3,880","$5,707","$482","$2,602","368","80.7%","297","$12,671","$42.66","Summer"
"124","2021 Aug 20 12:00:00 AM","2021","FY21-22","August","20","Friday","05:53:42","19:07:28",,,,"$50","$4,000","$7,405","$901","$1,664","368","78.3%","288","$14,020","$48.68","Summer"
"125","2021 Aug 21 12:00:00 AM","2021","FY21-22","August","21","Saturday","05:54:24","19:06:17",,,,"$100","$3,940","$9,516","$1,007","$2,176","368","83.4%","307","$16,739","$54.52","Summer"
"126","2021 Aug 22 12:00:00 AM","2021","FY21-22","August","22","Sunday","05:55:05","19:05:05",,,,"$0","$3,795","$8,539","$2,031","$1,769","368","80.7%","297","$16,134","$54.32","Summer"
"127","2021 Aug 23 12:00:00 AM","2021","FY21-22","August","23","Monday","05:55:46","19:03:52",,,,"$0","$1,573","$3,168","$1,669","$1,578","368","46.5%","171","$7,988","$46.71","Summer"
"128","2021 Aug 24 12:00:00 AM","2021","FY21-22","August","24","Tuesday","05:56:27","19:02:38",,,,"$30","$2,537","$4,150","$933","$1,509","364","53.8%","196","$9,159","$46.73","Summer"
"129","2021 Aug 25 12:00:00 AM","2021","FY21-22","August","25","Wednesday","05:57:08","19:01:24",,,,"$130","$2,522","$4,104","$522","$1,846","364","52.7%","192","$9,124","$47.52","Summer"
"130","2021 Aug 26 12:00:00 AM","2021","FY21-22","August","26","Thursday","05:57:49","19:00:10",,,,"$10","$2,822","$4,796","$1,111","$1,864","364","59.1%","215","$10,603","$49.32","Summer"
"131","2021 Aug 27 12:00:00 AM","2021","FY21-22","August","27","Friday","05:58:30","18:58:54",,,,"$50","$3,990","$7,115","$549","$1,518","364","77.5%","282","$13,222","$46.89","Summer"
"132","2021 Aug 28 12:00:00 AM","2021","FY21-22","August","28","Saturday","05:59:10","18:57:38",,,,"$85","$3,906","$8,256","$1,368","$1,771","360","79.7%","287","$15,386","$53.61","Summer"
"133","2021 Aug 29 12:00:00 AM","2021","FY21-22","August","29","Sunday","05:59:51","18:56:21",,,,"$130","$4,598","$6,471","$743","$1,780","360","64.7%","233","$13,722","$58.89","Summer"
"134","2021 Aug 30 12:00:00 AM","2021","FY21-22","August","30","Monday","06:00:31","18:55:04",,,,"$0","$1,874","$3,861","$1,674","$1,158","360","53.3%","192","$8,567","$44.62","Summer"
"135","2021 Aug 31 12:00:00 AM","2021","FY21-22","August","31","Tuesday","06:01:12","18:53:46",,,,"$0","$2,168","$4,212","$864","$1,022","360","53.6%","193","$8,266","$42.83","Summer"
"136","2021 Sep 01 12:00:00 AM","2021","FY21-22","September","1","Wednesday","06:01:52","18:52:28",,,,"$25","$1,851","$5,152","$808","$2,283","356","59.3%","211","$10,119","$47.96","Fall"
"137","2021 Sep 02 12:00:00 AM","2021","FY21-22","September","2","Thursday","06:02:32","18:51:09",,,,"$85","$4,059","$7,623","$1,229","$1,331","356","64.3%","229","$14,327","$62.56","Fall"
"138","2021 Sep 03 12:00:00 AM","2021","FY21-22","September","3","Friday","06:03:12","18:49:50",,,,"$150","$5,041","$10,482","$686","$2,076","356","89.9%","320","$18,435","$57.61","Fall"
"139","2021 Sep 04 12:00:00 AM","2021","FY21-22","September","4","Saturday","06:03:52","18:48:30",,,,"$40","$5,494","$10,070","$2,633","$1,505","356","85.7%","305","$19,742","$64.73","Fall"
"140","2021 Sep 05 12:00:00 AM","2021","FY21-22","September","5","Sunday","06:04:32","18:47:10",,,,"$50","$3,698","$9,291","$720","$1,468","352","75.6%","266","$15,227","$57.24","Fall"
"141","2021 Sep 06 12:00:00 AM","2021","FY21-22","September","6","Monday","06:05:12","18:45:49",,,,"$140","$1,461","$10,360","$1,133","$2,627","352","88.9%","313","$15,721","$50.23","Fall"
"142","2021 Sep 07 12:00:00 AM","2021","FY21-22","September","7","Tuesday","06:05:52","18:44:29",,,,"$10","$2,364","$5,045","$718","$1,347","352","47.2%","166","$9,484","$57.13","Fall"
"143","2021 Sep 08 12:00:00 AM","2021","FY21-22","September","8","Wednesday","06:06:32","18:43:07",,,,"$0","$1,951","$4,965","$2,127","$1,514","352","62.8%","221","$10,557","$47.77","Fall"
"144","2021 Sep 09 12:00:00 AM","2021","FY21-22","September","9","Thursday","06:07:12","18:41:46",,,,"$10","$2,790","$5,545","$763","$1,007","348","61.8%","215","$10,115","$47.05","Fall"
"145","2021 Sep 10 12:00:00 AM","2021","FY21-22","September","10","Friday","06:07:52","18:40:24",,,,"$260","$5,106","$9,475","$1,592","$1,568","348","86.8%","302","$18,001","$59.61","Fall"
"146","2021 Sep 11 12:00:00 AM","2021","FY21-22","September","11","Saturday","06:08:31","18:39:02",,,,"$70","$6,412","$9,330","$1,193","$2,109","348","79.9%","278","$19,114","$68.76","Fall"
"147","2021 Sep 12 12:00:00 AM","2021","FY21-22","September","12","Sunday","06:09:11","18:37:40",,,,"$22","$4,269","$6,710","$518","$1,913","348","66.7%","232","$13,432","$57.9","Fall"
"148","2021 Sep 13 12:00:00 AM","2021","FY21-22","September","13","Monday","06:09:51","18:36:18",,,,"$0","$1,725","$5,998","$225","$888","344","56.1%","193","$8,836","$45.78","Fall"
"149","2021 Sep 14 12:00:00 AM","2021","FY21-22","September","14","Tuesday","06:10:31","18:34:55",,,,"$0","$2,069","$5,166","$462","$1,693","344","58.7%","202","$9,390","$46.49","Fall"
"150","2021 Sep 15 12:00:00 AM","2021","FY21-22","September","15","Wednesday","06:11:11","18:33:32",,,,"$50","$2,791","$5,297","$1,045","$2,044","344","65.1%","224","$11,227","$50.12","Fall"
"151","2021 Sep 16 12:00:00 AM","2021","FY21-22","September","16","Thursday","06:11:51","18:32:10",,,,"$0","$3,230","$7,192","$750","$1,564","344","70.9%","244","$12,736","$52.2","Fall"
"152","2021 Sep 17 12:00:00 AM","2021","FY21-22","September","17","Friday","06:12:31","18:30:47",,,,"$130","$5,993","$10,456","$1,614","$2,305","340","97.4%","331","$20,498","$61.93","Fall"
"153","2021 Sep 18 12:00:00 AM","2021","FY21-22","September","18","Saturday","06:13:11","18:29:24",,,,"$0","$5,579","$6,934","$833","$1,489","340","62.1%","211","$14,835","$70.31","Fall"
"154","2021 Sep 19 12:00:00 AM","2021","FY21-22","September","19","Sunday","06:13:51","18:28:01",,,,"$105","$7,014","$9,710","$1,110","$1,774","340","89.1%","303","$19,713","$65.06","Fall"
"155","2021 Sep 20 12:00:00 AM","2021","FY21-22","September","20","Monday","06:14:31","18:26:38",,,,"$220","$6,938","$7,532","$644","$1,375","340","75.6%","257","$16,709","$65.02","Fall"
"156","2021 Sep 21 12:00:00 AM","2021","FY21-22","September","21","Tuesday","06:15:11","18:25:15",,,,"$0","$3,646","$5,396","$524","$2,196","336","55.4%","186","$11,762","$63.24","Fall"
"157","2021 Sep 22 12:00:00 AM","2021","FY21-22","September","22","Wednesday","06:15:52","18:23:52",,,,"$50","$3,176","$3,939","$473","$1,649","336","62.5%","210","$9,287","$44.22","Fall"
"158","2021 Sep 23 12:00:00 AM","2021","FY21-22","September","23","Thursday","06:16:33","18:22:30",,,,"$60","$3,030","$3,456","$994","$1,660","336","44.9%","151","$9,200","$60.93","Fall"
"159","2021 Sep 24 12:00:00 AM","2021","FY21-22","September","24","Friday","06:17:13","18:21:07",,,,"$155","$5,145","$10,231","$1,966","$2,878","336","95.2%","320","$20,375","$63.67","Fall"
"160","2021 Sep 25 12:00:00 AM","2021","FY21-22","September","25","Saturday","06:17:54","18:19:45",,,,"$280","$10,947","$11,589","$1,160","$1,938","332","96.7%","321","$25,914","$80.73","Fall"
"161","2021 Sep 26 12:00:00 AM","2021","FY21-22","September","26","Sunday","06:18:35","18:18:22",,,,"$30","$3,253","$6,719","$886","$1,262","332","70.5%","234","$12,150","$51.92","Fall"
"162","2021 Sep 27 12:00:00 AM","2021","FY21-22","September","27","Monday","06:19:16","18:17:00",,,,"$50","$2,903","$7,256","$592","$2,134","332","79.8%","265","$12,935","$48.81","Fall"
"163","2021 Sep 28 12:00:00 AM","2021","FY21-22","September","28","Tuesday","06:19:58","18:15:39",,,,"$150","$3,166","$7,089","$694","$2,247","332","73.2%","243","$13,346","$54.92","Fall"
"164","2021 Sep 29 12:00:00 AM","2021","FY21-22","September","29","Wednesday","06:20:40","18:14:17",,,,"$28","$2,673","$7,611","$511","$3,124","328","82.6%","271","$13,947","$51.46","Fall"
"165","2021 Sep 30 12:00:00 AM","2021","FY21-22","September","30","Thursday","06:21:21","18:12:56",,,,"$0","$3,407","$8,733","$4,542","$1,812","328","89%","292","$18,494","$63.34","Fall"
"166","2021 Oct 01 12:00:00 AM","2021","FY21-22","October","1","Friday","06:22:03","18:11:35","180","$2,880","3","$110","$8,903.68","$7,507","$795.52","$2,215","328","90.5%","297","$22,411","$75.46","Fall"
"167","2021 Oct 02 12:00:00 AM","2021","FY21-22","October","2","Saturday","06:22:46","18:10:14","247","$3,952","2","$60","$5,898.58","$5,817.57","$868.37","$2,260.23","328","89.6%","294","$18,857","$64.14","Fall"
"168","2021 Oct 03 12:00:00 AM","2021","FY21-22","October","3","Sunday","06:23:28","18:08:54","219","$3,504","0","$0","$4,362.96","$5,394.57","$617.7","$1,680.82","324","88%","285","$15,560","$54.6","Fall"
"169","2021 Oct 04 12:00:00 AM","2021","FY21-22","October","4","Monday","06:24:11","18:07:34","223","$3,568","3","$150","$2,001.15","$3,803","$775.81","$1,653.5","324","79.3%","257","$11,951","$46.5","Fall"
"170","2021 Oct 05 12:00:00 AM","2021","FY21-22","October","5","Tuesday","06:24:54","18:06:15","221","$3,536","3","$125","$2,596.68","$3,661.88","$610.06","$1,443.5","324","80.9%","262","$11,973","$45.7","Fall"
"171","2021 Oct 06 12:00:00 AM","2021","FY21-22","October","6","Wednesday","06:25:38","18:04:56","237","$3,792","3","$95","$3,176.77","$4,943","$632.9","$1,937","320","92.2%","295","$14,577","$49.41","Fall"
"172","2021 Oct 07 12:00:00 AM","2021","FY21-22","October","7","Thursday","06:26:21","18:03:38","289","$4,624","3","$40","$5,450.19","$6,608.03","$1,071.94","$1,698","320","104.1%","333","$19,492","$58.54","Fall"
"173","2021 Oct 08 12:00:00 AM","2021","FY21-22","October","8","Friday","06:27:05","18:02:20","258","$4,128","13","$560","$5,567.57","$6,927.54","$1,922.94","$1,992.5","320","95.6%","306","$21,099","$68.95","Fall"
"174","2021 Oct 09 12:00:00 AM","2021","FY21-22","October","9","Saturday","06:27:50","18:01:03","267","$4,272","20","$550","$13,481.63","$7,044.67","$976.35","$1,976","320","100.6%","322","$28,301","$87.89","Fall"
"175","2021 Oct 10 12:00:00 AM","2021","FY21-22","October","10","Sunday","06:28:34","17:59:46","272","$4,352","1","$30","$2,894.19","$6,343.42","$779.34","$1,775.5","316","100.3%","317","$16,174","$51.02","Fall"
"176","2021 Oct 11 12:00:00 AM","2021","FY21-22","October","11","Monday","06:29:19","17:58:30","0","$0","1","$14","$781.82","$275","$428.6","$2,139","316","0%","0","$3,638",,"Fall"
"177","2021 Oct 12 12:00:00 AM","2021","FY21-22","October","12","Tuesday","06:30:04","17:57:14","0","$0","0","$0","$328.36","$727","$125.26","$2,403","316","0%","0","$3,584",,"Fall"
"178","2021 Oct 13 12:00:00 AM","2021","FY21-22","October","13","Wednesday","06:30:50","17:56:00","0","$0","0","$0","$700.66","$154.33","$386.88","$2,329.5","316","0%","0","$3,571",,"Fall"
"179","2021 Oct 14 12:00:00 AM","2021","FY21-22","October","14","Thursday","06:31:36","17:54:46","0","$0","0","$0","$1,389.77","$686","$438.96","$2,402.5","312","0%","0","$4,917",,"Fall"
"180","2021 Oct 15 12:00:00 AM","2021","FY21-22","October","15","Friday","06:32:22","17:53:32","0","$0","0","$0","$1,624.25","$452","$588.32","$2,501.2","312","0%","0","$5,166",,"Fall"
"181","2021 Oct 16 12:00:00 AM","2021","FY21-22","October","16","Saturday","06:33:09","17:52:20","0","$0","0","$0","$583.04","$676","$351.15","$2,409.7","312","0%","0","$4,020",,"Fall"
"182","2021 Oct 17 12:00:00 AM","2021","FY21-22","October","17","Sunday","06:33:56","17:51:08","0","$0","0","$0","$799.96","$314","$372.13","$2,021.6","312","0%","0","$3,508",,"Fall"
"183","2021 Oct 18 12:00:00 AM","2021","FY21-22","October","18","Monday","06:34:44","17:49:57","0","$0","0","$0","$513.99","$1,110","$58.55","$2,221","308","0%","0","$3,904",,"Fall"
"184","2021 Oct 19 12:00:00 AM","2021","FY21-22","October","19","Tuesday","06:35:31","17:48:47","0","$0","0","$0","$662.64","$471","$318.74","$2,491","308","0%","0","$3,943",,"Fall"
"185","2021 Oct 20 12:00:00 AM","2021","FY21-22","October","20","Wednesday","06:36:20","17:47:38","0","$0","0","$0","$605.59","$236","$187.43","$2,669","308","0%","0","$3,698",,"Fall"
"186","2021 Oct 21 12:00:00 AM","2021","FY21-22","October","21","Thursday","06:37:08","17:46:30","0","$0","0","$0","$1,301.04","$519","$852","$2,086.01","308","0%","0","$4,758",,"Fall"
"187","2021 Oct 22 12:00:00 AM","2021","FY21-22","October","22","Friday","06:37:57","17:45:23","259","$4,144","16","$560","$5,814.39","$9,404","$1,745.46","$2,623","308","96.1%","296","$24,291","$82.06","Fall"
"188","2021 Oct 23 12:00:00 AM","2021","FY21-22","October","23","Saturday","06:38:47","17:44:17","228","$3,648","8","$180","$6,633.52","$10,110","$625.58","$2,288.25","304","104.6%","318","$23,485","$73.85","Fall"
"189","2021 Oct 24 12:00:00 AM","2021","FY21-22","October","24","Sunday","06:39:36","17:43:12","206","$3,296","3","$70","$3,832.84","$8,998.5","$1,402.49","$2,168.6","304","92.1%","280","$19,768","$70.6","Fall"
"190","2021 Oct 25 12:00:00 AM","2021","FY21-22","October","25","Monday","06:40:27","17:42:08","206","$3,296","7","$149","$3,298.89","$7,318.5","$760.46","$2,397.53","304","84.5%","257","$17,220","$67.01","Fall"
"191","2021 Oct 26 12:00:00 AM","2021","FY21-22","October","26","Tuesday","06:41:17","17:41:05","159","$2,544","12","$215","$2,666.65","$7,145.28","$638.13","$2,471.03","304","78.9%","240","$15,680","$65.33","Fall"
"192","2021 Oct 27 12:00:00 AM","2021","FY21-22","October","27","Wednesday","06:42:08","17:40:03","197","$3,152","12","$359","$3,607.01","$8,840.5","$908.5","$2,497","300","93.3%","280","$19,364","$69.16","Fall"
"193","2021 Oct 28 12:00:00 AM","2021","FY21-22","October","28","Thursday","06:42:59","17:39:03","180","$2,880","7","$110","$3,695.19","$8,490","$842.59","$2,757.54","300","87.7%","263","$18,775","$71.39","Fall"
"194","2021 Oct 29 12:00:00 AM","2021","FY21-22","October","29","Friday","06:43:51","17:38:03","246","$3,936","10","$315","$5,041.65","$9,313.03","$3,282.72","$2,453.38","300","103.3%","310","$24,342","$78.52","Fall"
"195","2021 Oct 30 12:00:00 AM","2021","FY21-22","October","30","Saturday","06:44:43","17:37:05","193","$3,088","14","$255","$4,283.98","$9,743.12","$1,258.24","$3,126.5","300","95.7%","287","$21,755","$75.8","Fall"
"196","2021 Oct 31 12:00:00 AM","2021","FY21-22","October","31","Sunday","06:45:35","17:36:08","240","$3,840","3","$30","$3,372.11","$6,570.08","$848.1","$2,060.73","296","93.2%","276","$16,721","$60.58","Fall"
"197","2021 Nov 01 12:00:00 AM","2021","FY21-22","November","1","Monday","06:46:28","17:35:12","134","$2,144","11","$200","$1,974.82","$6,170.34","$688.59","$3,305","296","71.3%","211","$14,483","$68.64","Fall"
"198","2021 Nov 02 12:00:00 AM","2021","FY21-22","November","2","Tuesday","06:47:21","17:34:18","127","$2,032","8","$80","$2,428.95","$7,452.17","$411.58","$2,236.49","296","76.7%","227","$14,641","$64.5","Fall"
"199","2021 Nov 03 12:00:00 AM","2021","FY21-22","November","3","Wednesday","06:48:15","17:33:25","151","$2,416","6","$200","$3,139.64","$8,323.33","$1,290.71","$2,692.4","296","83.8%","248","$18,062","$72.83","Fall"
"200","2021 Nov 04 12:00:00 AM","2021","FY21-22","November","4","Thursday","06:49:08","17:32:33","173","$2,768","4","$40","$3,898.86","$8,095.67","$545.86","$1,814.08","292","90.4%","264","$17,162","$65.01","Fall"
"201","2021 Nov 05 12:00:00 AM","2021","FY21-22","November","5","Friday","06:50:02","17:31:43","169","$2,704","10","$210","$4,614.19","$9,485.17","$2,889.95","$3,909.41","292","94.9%","277","$23,813","$85.97","Fall"
"202","2021 Nov 06 12:00:00 AM","2021","FY21-22","November","6","Saturday","06:50:56","17:30:54","197","$3,152","3","$85","$3,782.49","$9,077.19","$575.6","$2,733.19","292","96.2%","281","$19,405","$69.06","Fall"
"203","2021 Nov 07 12:00:00 AM","2021","FY21-22","November","7","Sunday","06:51:51","17:30:06","230","$3,680","4","$100","$3,762.29","$7,393.79","$509.04","$1,960.24","292","94.5%","276","$17,405","$63.06","Fall"
"204","2021 Nov 08 12:00:00 AM","2021","FY21-22","November","8","Monday","06:52:45","17:29:21","153","$2,448","5","$90","$2,523.41","$7,487.94","$935.7","$2,019.5","292","80.5%","235","$15,505","$65.98","Fall"
"205","2021 Nov 09 12:00:00 AM","2021","FY21-22","November","9","Tuesday","06:53:40","17:28:36","151","$2,416","0","$0","$2,592.67","$6,436.89","$848.91","$2,167.6","288","76.4%","220","$14,462","$65.74","Fall"
"206","2021 Nov 10 12:00:00 AM","2021","FY21-22","November","10","Wednesday","06:54:35","17:27:53","175","$2,800","6","$83","$3,209.03","$9,905","$1,224.6","$2,369","288","90.3%","260","$19,591","$75.35","Fall"
"207","2021 Nov 11 12:00:00 AM","2021","FY21-22","November","11","Thursday","06:55:31","17:27:12","189","$3,024","1","$10","$4,326.9","$8,834.67","$1,297.13","$2,399","288","100%","288","$19,892","$69.07","Fall"
"208","2021 Nov 12 12:00:00 AM","2021","FY21-22","November","12","Friday","06:56:26","17:26:32","177","$2,832","8","$190","$6,276.8","$10,650.5","$705","$2,570.7","288","91%","262","$23,225","$88.65","Fall"
"209","2021 Nov 13 12:00:00 AM","2021","FY21-22","November","13","Saturday","06:57:22","17:25:54","178","$2,848","7","$180","$4,593.43","$8,263.33","$763.35","$2,349.54","288","97.6%","281","$18,998","$67.61","Fall"
"210","2021 Nov 14 12:00:00 AM","2021","FY21-22","November","14","Sunday","06:58:17","17:25:17","199","$3,184","1","$60","$8,783.16","$2,613","$788.21","$1,721.23","284","77.1%","219","$17,150","$78.31","Fall"
"211","2021 Nov 15 12:00:00 AM","2021","FY21-22","November","15","Monday","06:59:13","17:24:43","166","$2,656","0","$0","$2,597.59","$7,099.7","$1,059.02","$1,340","284","81.3%","231","$14,752","$63.86","Fall"
"212","2021 Nov 16 12:00:00 AM","2021","FY21-22","November","16","Tuesday","07:00:08","17:24:09","136","$2,176","4","$65","$2,766.46","$6,768","$219.3","$1,891.23","284","77.1%","219","$13,886","$63.41","Fall"
"213","2021 Nov 17 12:00:00 AM","2021","FY21-22","November","17","Wednesday","07:01:04","17:23:38","160","$2,560","1","$10","$2,692.73","$8,325.78","$286.09","$2,190.43","284","87.7%","249","$16,065","$64.52","Fall"
"214","2021 Nov 18 12:00:00 AM","2021","FY21-22","November","18","Thursday","07:02:00","17:23:08","194","$3,104","1","$10","$3,623.13","$7,652.44","$744.94","$2,263.46","284","89.4%","254","$17,398","$68.5","Fall"
"215","2021 Nov 19 12:00:00 AM","2021","FY21-22","November","19","Friday","07:02:55","17:22:40","208","$3,328","3","$110","$4,413.63","$6,604.8","$773.45","$2,374","284","78.2%","222","$17,604","$79.3","Fall"
"216","2021 Nov 20 12:00:00 AM","2021","FY21-22","November","20","Saturday","07:03:51","17:22:14","218","$3,488","8","$100","$8,353.77","$5,530.82","$2,911.29","$2,844.91","280","96.1%","269","$23,229","$86.35","Fall"
"217","2021 Nov 21 12:00:00 AM","2021","FY21-22","November","21","Sunday","07:04:46","17:21:49","215","$3,440","3","$30","$3,904.36","$5,822.9","$2,087.18","$2,060.83","280","92.1%","258","$17,345","$67.23","Fall"
"218","2021 Nov 22 12:00:00 AM","2021","FY21-22","November","22","Monday","07:05:41","17:21:26","179","$2,864","1","$20","$2,003.29","$7,171","$662.99","$1,554.23","280","71.4%","200","$14,276","$71.38","Fall"
"219","2021 Nov 23 12:00:00 AM","2021","FY21-22","November","23","Tuesday","07:06:36","17:21:05","196","$3,136","5","$250","$2,773.13","$9,463","$954.91","$2,125","280","90.4%","253","$18,702","$73.92","Fall"
"220","2021 Nov 24 12:00:00 AM","2021","FY21-22","November","24","Wednesday","07:07:30","17:20:46","207","$3,312","6","$190","$3,798.08","$10,231","$838.45","$2,904.46","280","102.1%","286","$21,274","$74.38","Fall"
"221","2021 Nov 25 12:00:00 AM","2021","FY21-22","November","25","Thursday","07:08:24","17:20:29","123","$1,968","3","$110","$1,813.37","$6,472.33","$601.12","$1,163","280","58.6%","164","$12,128","$73.95","Fall"
"222","2021 Nov 26 12:00:00 AM","2021","FY21-22","November","26","Friday","07:09:18","17:20:14","199","$3,184","4","$90","$3,900.26","$11,514.22","$1,265.27","$2,871.69","276","97.5%","269","$22,825","$84.85","Fall"
"223","2021 Nov 27 12:00:00 AM","2021","FY21-22","November","27","Saturday","07:10:12","17:20:00","226","$3,616","8","$170","$3,804.56","$6,265.88","$748.43","$1,938.41","276","94.9%","262","$16,543","$63.14","Fall"
"224","2021 Nov 28 12:00:00 AM","2021","FY21-22","November","28","Sunday","07:11:05","17:19:48","189","$3,024","2","$100","$3,401.73","$10,626.9","$551.08","$2,425.5","276","95.3%","263","$20,129","$76.54","Fall"
"225","2021 Nov 29 12:00:00 AM","2021","FY21-22","November","29","Monday","07:11:57","17:19:38","134","$2,144","5","$100","$1,863.23","$9,105.82","$735.95","$1,690.69","276","78.6%","217","$15,640","$72.07","Fall"
"226","2021 Nov 30 12:00:00 AM","2021","FY21-22","November","30","Tuesday","07:12:49","17:19:30","162","$2,592","2","$20","$2,582.48","$7,599","$1,799.72","$2,076.14","276","82.6%","228","$16,669","$73.11","Fall"
"227","2021 Dec 01 12:00:00 AM","2021","FY21-22","December","1","Wednesday","07:13:41","17:19:24","139","$2,224","2","$20","$2,284.56","$9,113","$721.61","$2,344.85","276","81.2%","224","$16,708","$74.59","Winter"
"228","2021 Dec 02 12:00:00 AM","2021","FY21-22","December","2","Thursday","07:14:32","17:19:19","181","$2,896","1","$50","$3,728.5","$9,489.5","$3,253.6","$2,122.23","276","90.2%","249","$21,540","$86.51","Winter"
"229","2021 Dec 03 12:00:00 AM","2021","FY21-22","December","3","Friday","07:15:22","17:19:17","157","$2,512","2","$20","$4,783.83","$10,436","$1,719.02","$2,767.23","276","90.2%","249","$22,238","$89.31","Winter"
"230","2021 Dec 04 12:00:00 AM","2021","FY21-22","December","4","Saturday","07:16:11","17:19:16","206","$3,296","1","$50","$14,614.12","$7,816.42","$866.07","$2,009.11","272","80.5%","219","$28,652","$130.83","Winter"
"231","2021 Dec 05 12:00:00 AM","2021","FY21-22","December","5","Sunday","07:17:00","17:19:18","202","$3,232","8","$150","$4,057.11","$10,180.2","$722.04","$1,981.23","272","98.2%","267","$20,323","$76.11","Winter"
"232","2021 Dec 06 12:00:00 AM","2021","FY21-22","December","6","Monday","07:17:48","17:19:21","146","$2,336","2","$20","$2,018.88","$8,365.75","$372.23","$1,265","272","84.9%","231","$14,378","$62.24","Winter"
"233","2021 Dec 07 12:00:00 AM","2021","FY21-22","December","7","Tuesday","07:18:35","17:19:26","160","$2,560","2","$60","$2,410.03","$8,066","$584.5","$1,244","272","87.9%","239","$14,925","$62.45","Winter"
"234","2021 Dec 08 12:00:00 AM","2021","FY21-22","December","8","Wednesday","07:19:21","17:19:32","135","$2,160","0","$0","$2,631.71","$7,169.19","$433.2","$3,338","272","67.6%","184","$15,732","$85.5","Winter"
"235","2021 Dec 09 12:00:00 AM","2021","FY21-22","December","9","Thursday","07:20:06","17:19:41","192","$3,072","3","$45","$2,858.66","$8,983","$991.46","$2,545.06","272","90.4%","246","$18,495","$75.18","Winter"
"236","2021 Dec 10 12:00:00 AM","2021","FY21-22","December","10","Friday","07:20:50","17:19:51","165","$2,640","2","$60","$4,401.47","$9,162.22","$1,008.65","$2,472.46","272","88.2%","240","$19,745","$82.27","Winter"
"237","2021 Dec 11 12:00:00 AM","2021","FY21-22","December","11","Saturday","07:21:33","17:20:04","222","$3,552","2","$60","$3,878.74","$10,483.95","$1,869.23","$2,600.46","272","97.8%","266","$22,444","$84.38","Winter"
"238","2021 Dec 12 12:00:00 AM","2021","FY21-22","December","12","Sunday","07:22:15","17:20:18","212","$3,392","0","$0","$3,660.15","$7,407.42","$817.05","$2,095.4","272","91.5%","249","$17,372","$69.77","Winter"
"239","2021 Dec 13 12:00:00 AM","2021","FY21-22","December","13","Monday","07:22:56","17:20:34","146","$2,336","2","$30","$1,908.12","$7,828.43","$300.05","$1,273.23","272","76.5%","208","$13,676","$65.75","Winter"
"240","2021 Dec 14 12:00:00 AM","2021","FY21-22","December","14","Tuesday","07:23:36","17:20:51","149","$2,384","4","$100","$2,575.74","$6,926.3","$483.67","$1,737","272","78.3%","213","$14,207","$66.7","Winter"
"241","2021 Dec 15 12:00:00 AM","2021","FY21-22","December","15","Wednesday","07:24:14","17:21:10","148","$2,368","2","$80","$4,195.43","$7,131","$538.03","$1,705.23","272","72.8%","198","$16,018","$80.9","Winter"
"242","2021 Dec 16 12:00:00 AM","2021","FY21-22","December","16","Thursday","07:24:51","17:21:31","136","$2,176","2","$60","$3,402.36","$9,175","$594.53","$1,266.82","272","78.7%","214","$16,675","$77.92","Winter"
"243","2021 Dec 17 12:00:00 AM","2021","FY21-22","December","17","Friday","07:25:27","17:21:54","142","$2,272","3","$80","$4,363.83","$8,187.8","$1,197.65","$2,074.5","272","77.6%","211","$18,176","$86.14","Winter"
"244","2021 Dec 18 12:00:00 AM","2021","FY21-22","December","18","Saturday","07:26:02","17:22:18","161","$2,576","3","$70","$15,300.08","$4,948.24","$1,485.24","$2,518.02","272","71%","193","$26,898","$139.37","Winter"
"245","2021 Dec 19 12:00:00 AM","2021","FY21-22","December","19","Sunday","07:26:35","17:22:44","152","$2,432","7","$105","$3,447.4","$10,385","$817.44","$1,958.23","272","89.7%","244","$19,145","$78.46","Winter"
"246","2021 Dec 20 12:00:00 AM","2021","FY21-22","December","20","Monday","07:27:07","17:23:12","163","$2,608","1","$10","$2,960.09","$8,145","$515.75","$1,469.5","272","82.4%","224","$15,708","$70.13","Winter"
"247","2021 Dec 21 12:00:00 AM","2021","FY21-22","December","21","Tuesday","07:27:37","17:23:41","175","$2,800","4","$100","$2,617.71","$7,897","$1,158.48","$1,513.23","272","87.1%","237","$16,086","$67.88","Winter"
"248","2021 Dec 22 12:00:00 AM","2021","FY21-22","December","22","Wednesday","07:28:06","17:24:12","178","$2,848","4","$80","$4,044.88","$9,836.6","$1,613.36","$2,305.5","272","89.3%","243","$20,728","$85.3","Winter"
"249","2021 Dec 23 12:00:00 AM","2021","FY21-22","December","23","Thursday","07:28:33","17:24:44","186","$2,976","3","$30","$4,204.52","$11,164.78","$3,427.71","$2,501.69","272","104.4%","284","$24,305","$85.58","Winter"
"250","2021 Dec 24 12:00:00 AM","2021","FY21-22","December","24","Friday","07:28:59","17:25:18","21","$336","0","$0","$315.43","$970","$1,168.98","$420.5","272","13.2%","36","$3,211","$89.19","Winter"
"251","2021 Dec 25 12:00:00 AM","2021","FY21-22","December","25","Saturday","07:29:23","17:25:53","154","$2,464","7","$70","$1,852.42","$7,616","$861","$1,468.4","272","72.1%","196","$14,332","$73.12","Winter"
"252","2021 Dec 26 12:00:00 AM","2021","FY21-22","December","26","Sunday","07:29:45","17:26:30","157","$2,512","4","$115","$4,901.23","$8,213.31","$798.53","$3,452.65","272","86.8%","236","$19,993","$84.71","Winter"
"253","2021 Dec 27 12:00:00 AM","2021","FY21-22","December","27","Monday","07:30:06","17:27:07","201","$3,216","11","$320","$3,008.25","$10,667.81","$558.43","$2,094","272","98.2%","267","$19,864","$74.4","Winter"
"254","2021 Dec 28 12:00:00 AM","2021","FY21-22","December","28","Tuesday","07:30:25","17:27:47","155","$2,480","2","$60","$2,537.89","$7,363","$728.94","$1,448.73","272","72.8%","198","$14,619","$73.83","Winter"
"255","2021 Dec 29 12:00:00 AM","2021","FY21-22","December","29","Wednesday","07:30:43","17:28:27","182","$2,912","5","$120","$3,053.66","$9,363","$362.79","$2,093.73","272","95.2%","259","$17,905","$69.13","Winter"
"256","2021 Dec 30 12:00:00 AM","2021","FY21-22","December","30","Thursday","07:30:59","17:29:09","192","$3,072","2","$100","$3,411.37","$9,057","$433.2","$2,720.73","272","93.8%","255","$18,794","$73.7","Winter"
"257","2021 Dec 31 12:00:00 AM","2021","FY21-22","December","31","Friday","07:31:13","17:29:52","139","$2,224","0","$0","$2,782.92","$6,930","$1,376.12","$1,779.33","272","69.1%","188","$15,092","$80.28","Winter"
"258","2022 Jan 01 12:00:00 AM","2022","FY21-22","January","1","Saturday","07:31:25","17:30:36","169","$2,704","3","$30","$2,591.51","$22,440.69","$742.13","$3,710.18","272","91.9%","250","$32,219","$128.87","Winter"
"259","2022 Jan 02 12:00:00 AM","2022","FY21-22","January","2","Sunday","07:31:36","17:31:21","207","$3,312","2","$20","$3,688.14","$7,888.11","$714.52","$1,949.88","272","89%","242","$17,573","$72.61","Winter"
"260","2022 Jan 03 12:00:00 AM","2022","FY21-22","January","3","Monday","07:31:45","17:32:07","155","$2,480","2","$35","$2,610.17","$9,651.06","$713.21","$2,558","272","80.9%","220","$18,047","$82.03","Winter"
"261","2022 Jan 04 12:00:00 AM","2022","FY21-22","January","4","Tuesday","07:31:52","17:32:55","144","$2,304","1","$10","$2,689.24","$8,194.17","$353.11","$2,136","272","77.6%","211","$15,687","$74.34","Winter"
"262","2022 Jan 05 12:00:00 AM","2022","FY21-22","January","5","Wednesday","07:31:57","17:33:43","146","$2,336","2","$50","$2,039.29","$9,093","$829.68","$2,788","272","82.7%","225","$17,136","$76.16","Winter"
"263","2022 Jan 06 12:00:00 AM","2022","FY21-22","January","6","Thursday","07:32:01","17:34:32","187","$2,992","2","$30","$3,302","$11,471","$545","$2,352","272","97.8%","266","$20,692","$77.79","Winter"
"264","2022 Jan 07 12:00:00 AM","2022","FY21-22","January","7","Friday","07:32:02","17:35:22","152","$2,432","2","$20","$6,755.1","$10,467.89","$413.32","$3,099.4","272","95.2%","259","$23,188","$89.53","Winter"
"265","2022 Jan 08 12:00:00 AM","2022","FY21-22","January","8","Saturday","07:32:02","17:36:13","215","$3,440","5","$105","$6,138.93","$11,375.42","$351.97","$3,100.23","276","95.7%","264","$24,512","$92.85","Winter"
"266","2022 Jan 09 12:00:00 AM","2022","FY21-22","January","9","Sunday","07:32:00","17:37:05","248","$3,968","1","$10","$4,338.17","$9,090.73","$342.78","$3,061.34","276","104.3%","288","$20,811","$72.26","Winter"
"267","2022 Jan 10 12:00:00 AM","2022","FY21-22","January","10","Monday","07:31:56","17:37:57","123","$1,968","2","$35","$1,903.67","$9,146.4","$569.76","$2,195.46","276","73.2%","202","$15,818","$78.31","Winter"
"268","2022 Jan 11 12:00:00 AM","2022","FY21-22","January","11","Tuesday","07:31:51","17:38:50","156","$2,496","2","$30","$3,231.38","$9,855","$225.9","$1,590.46","276","88.4%","244","$17,429","$71.43","Winter"
"269","2022 Jan 12 12:00:00 AM","2022","FY21-22","January","12","Wednesday","07:31:43","17:39:44","154","$2,464","2","$100","$2,694.59","$9,593","$482.06","$1,822.23","276","91.3%","252","$17,156","$68.08","Winter"
"270","2022 Jan 13 12:00:00 AM","2022","FY21-22","January","13","Thursday","07:31:34","17:40:38","176","$2,816","1","$8","$3,905.77","$10,071","$930.15","$2,441.93","276","90.9%","251","$20,173","$80.37","Winter"
"271","2022 Jan 14 12:00:00 AM","2022","FY21-22","January","14","Friday","07:31:23","17:41:33","183","$2,928","14","$340","$4,617.8","$10,796.06","$1,567.75","$3,485.13","276","98.2%","271","$23,735","$87.58","Winter"
"272","2022 Jan 15 12:00:00 AM","2022","FY21-22","January","15","Saturday","07:31:10","17:42:29","221","$3,536","6","$120","$5,069.71","$8,197.29","$847.52","$2,881.77","276","97.8%","270","$20,652","$76.49","Winter"
"273","2022 Jan 16 12:00:00 AM","2022","FY21-22","January","16","Sunday","07:30:55","17:43:24","184","$2,944","0","$0","$6,073.33","$10,691.5","$692.69","$2,185.33","280","72.1%","202","$22,587","$111.82","Winter"
"274","2022 Jan 17 12:00:00 AM","2022","FY21-22","January","17","Monday","07:30:38","17:44:21","205","$3,280","7","$100","$4,300.16","$13,076.69","$596.39","$3,117.92","280","105.4%","295","$24,471","$82.95","Winter"
"275","2022 Jan 18 12:00:00 AM","2022","FY21-22","January","18","Tuesday","07:30:20","17:45:17","159","$2,544","0","$0","$2,611.71","$10,017.83","$828.2","$1,481.46","280","88.9%","249","$17,483","$70.21","Winter"
"276","2022 Jan 19 12:00:00 AM","2022","FY21-22","January","19","Wednesday","07:30:00","17:46:14","173","$2,768","8","$255","$3,505.58","$9,706","$1,025.06","$2,882.46","280","92.9%","260","$20,142","$77.47","Winter"
"277","2022 Jan 20 12:00:00 AM","2022","FY21-22","January","20","Thursday","07:29:38","17:47:12","183","$2,928","3","$110","$3,805.3","$10,216","$746.86","$2,609.23","280","95.4%","267","$20,415","$76.46","Winter"
"278","2022 Jan 21 12:00:00 AM","2022","FY21-22","January","21","Friday","07:29:14","17:48:09","192","$3,072","2","$80","$5,414.61","$11,403.7","$646.92","$3,176.23","280","102.5%","287","$23,793","$82.9","Winter"
"279","2022 Jan 22 12:00:00 AM","2022","FY21-22","January","22","Saturday","07:28:49","17:49:07","171","$2,736","8","$330","$4,745.5","$9,350.4","$2,742.78","$3,023.44","284","98.9%","281","$22,928","$81.59","Winter"
"280","2022 Jan 23 12:00:00 AM","2022","FY21-22","January","23","Sunday","07:28:22","17:50:05","109","$1,744","5","$45","$2,430.73","$9,568.1","$560.81","$2,237.23","284","73.9%","210","$16,586","$78.98","Winter"
"281","2022 Jan 24 12:00:00 AM","2022","FY21-22","January","24","Monday","07:27:53","17:51:03","141","$2,256","1","$10","$2,940.88","$9,420.35","$244.64","$2,090","284","85.9%","244","$16,962","$69.52","Winter"
"282","2022 Jan 25 12:00:00 AM","2022","FY21-22","January","25","Tuesday","07:27:23","17:52:01","195","$3,120","3","$30","$2,593.11","$9,664.58","$688.11","$1,726.75","284","102.1%","290","$17,823","$61.46","Winter"
"283","2022 Jan 26 12:00:00 AM","2022","FY21-22","January","26","Wednesday","07:26:51","17:52:59","161","$2,576","2","$80","$2,337.58","$9,722.94","$795.9","$3,236.69","284","88.7%","252","$18,749","$74.4","Winter"
"284","2022 Jan 27 12:00:00 AM","2022","FY21-22","January","27","Thursday","07:26:17","17:53:57","182","$2,912","2","$70","$3,497.83","$9,151.21","$449.75","$3,224.73","284","93.7%","266","$19,306","$72.58","Winter"
"285","2022 Jan 28 12:00:00 AM","2022","FY21-22","January","28","Friday","07:25:41","17:54:56","168","$2,688","5","$150","$5,424.39","$10,826","$1,089.63","$3,161.5","288","97.2%","280","$23,340","$83.36","Winter"
"286","2022 Jan 29 12:00:00 AM","2022","FY21-22","January","29","Saturday","07:25:04","17:55:54","213","$3,408","4","$60","$4,716.55","$12,674.18","$3,206.6","$3,366.84","288","94.8%","273","$27,432","$100.48","Winter"
"287","2022 Jan 30 12:00:00 AM","2022","FY21-22","January","30","Sunday","07:24:26","17:56:52","250","$4,000","3","$40","$4,788.98","$10,524.08","$634.09","$3,048.23","288","100.7%","290","$23,035","$79.43","Winter"
"288","2022 Jan 31 12:00:00 AM","2022","FY21-22","January","31","Monday","07:23:46","17:57:50","149","$2,384","4","$40","$3,010.28","$11,473","$329.72","$2,564","288","87.8%","253","$19,801","$78.26","Winter"
"289","2022 Feb 01 12:00:00 AM","2022","FY21-22","February","1","Tuesday","07:23:04","17:58:48","174","$2,784","1","$10","$2,344.07","$9,427.36","$1,098.03","$2,555","288","93.4%","269","$18,218","$67.73","Winter"
"290","2022 Feb 02 12:00:00 AM","2022","FY21-22","February","2","Wednesday","07:22:21","17:59:46","104","$1,664","1","$10","$2,518.98","$6,195.93","$571.24","$3,290.73","292","57.2%","167","$14,251","$85.33","Winter"
"291","2022 Feb 03 12:00:00 AM","2022","FY21-22","February","3","Thursday","07:21:36","18:00:44","268","$4,288","7","$235","$4,095.37","$10,513.03","$1,182.83","$2,674.23","292","106.8%","312","$22,988","$73.68","Winter"
"292","2022 Feb 04 12:00:00 AM","2022","FY21-22","February","4","Friday","07:20:50","18:01:41","181","$2,896","10","$180","$5,599.16","$10,333.11","$1,069.71","$3,795.4","292","90.8%","265","$23,873","$90.09","Winter"
"293","2022 Feb 05 12:00:00 AM","2022","FY21-22","February","5","Saturday","07:20:02","18:02:38","234","$3,744","4","$155","$6,409.62","$15,468.43","$1,494.5","$3,669.23","292","105.8%","309","$30,941","$100.13","Winter"
"294","2022 Feb 06 12:00:00 AM","2022","FY21-22","February","6","Sunday","07:19:13","18:03:35","275","$4,400","2","$20","$5,479.17","$8,926.44","$763.17","$3,164.22","296","104.1%","308","$22,753","$73.87","Winter"
"295","2022 Feb 07 12:00:00 AM","2022","FY21-22","February","7","Monday","07:18:23","18:04:32","178","$2,848","5","$270","$4,887.24","$11,735.33","$2,910.02","$2,026","296","90.2%","267","$24,677","$92.42","Winter"
"296","2022 Feb 08 12:00:00 AM","2022","FY21-22","February","8","Tuesday","07:17:31","18:05:29","185","$2,960","2","$40","$3,522.26","$10,559","$1,128.33","$2,228.23","296","99.7%","295","$20,438","$69.28","Winter"
"297","2022 Feb 09 12:00:00 AM","2022","FY21-22","February","9","Wednesday","07:16:38","18:06:25","215","$3,440","8","$340","$3,739.45","$11,752","$1,220.21","$2,744","296","101%","299","$23,236","$77.71","Winter"
"298","2022 Feb 10 12:00:00 AM","2022","FY21-22","February","10","Thursday","07:15:44","18:07:21","224","$3,584","7","$310","$6,051.9","$12,753.83","$1,336.44","$2,774.46","300","99%","297","$26,811","$90.27","Winter"
"299","2022 Feb 11 12:00:00 AM","2022","FY21-22","February","11","Friday","07:14:48","18:08:17","226","$3,616","14","$600","$8,248.72","$13,468.99","$1,586.22","$3,110.73","300","99.7%","299","$30,631","$102.44","Winter"
"300","2022 Feb 12 12:00:00 AM","2022","FY21-22","February","12","Saturday","07:13:52","18:09:12","261","$4,176","4","$240","$7,010.44","$8,769.76","$2,260.17","$3,681.53","300","100.3%","301","$26,138","$86.84","Winter"
"301","2022 Feb 13 12:00:00 AM","2022","FY21-22","February","13","Sunday","07:12:54","18:10:07","173","$2,768","11","$385","$4,231.01","$12,634.43","$744.31","$2,006.5","300","85.3%","256","$22,769","$88.94","Winter"
"302","2022 Feb 14 12:00:00 AM","2022","FY21-22","February","14","Monday","07:11:55","18:11:02","221","$3,536","5","$90","$4,930.93","$12,407","$2,021.6","$2,366.23","304","105.6%","321","$25,352","$78.98","Winter"
"303","2022 Feb 15 12:00:00 AM","2022","FY21-22","February","15","Tuesday","07:10:54","18:11:56","213","$3,408","4","$40","$3,642.85","$10,631.67","$839.21","$1,795","304","98.7%","300","$20,357","$67.86","Winter"
"304","2022 Feb 16 12:00:00 AM","2022","FY21-22","February","16","Wednesday","07:09:53","18:12:50","167","$2,672","4","$40","$2,730.86","$10,281.67","$346.13","$2,431","304","81.3%","247","$18,502","$74.91","Winter"
"305","2022 Feb 17 12:00:00 AM","2022","FY21-22","February","17","Thursday","07:08:50","18:13:44","228","$3,648","6","$240","$4,536.77","$11,005.28","$1,101.61","$2,832.23","304","96.7%","294","$23,364","$79.47","Winter"
"306","2022 Feb 18 12:00:00 AM","2022","FY21-22","February","18","Friday","07:07:47","18:14:37","201","$3,216","7","$150","$6,517.04","$12,733","$1,757.52","$3,291.96","304","104.6%","318","$27,666","$87","Winter"
"307","2022 Feb 19 12:00:00 AM","2022","FY21-22","February","19","Saturday","07:06:42","18:15:30","191","$3,056","5","$210","$5,050.03","$11,988","$1,081.08","$3,407.4","308","73.1%","225","$24,793","$110.19","Winter"
"308","2022 Feb 20 12:00:00 AM","2022","FY21-22","February","20","Sunday","07:05:37","18:16:23","273","$4,368","4","$80","$7,827","$9,447.24","$1,584.16","$2,643.62","308","107.5%","331","$25,950","$78.4","Winter"
"309","2022 Feb 21 12:00:00 AM","2022","FY21-22","February","21","Monday","07:04:31","18:17:15","205","$3,280","7","$230","$3,825.21","$13,185.04","$1,789.46","$2,594.19","308","100%","308","$24,904","$80.86","Winter"
"310","2022 Feb 22 12:00:00 AM","2022","FY21-22","February","22","Tuesday","07:03:23","18:18:07","185","$2,960","6","$100","$3,641.73","$10,889","$1,182.96","$2,068","308","95.1%","293","$20,842","$71.13","Winter"
"311","2022 Feb 23 12:00:00 AM","2022","FY21-22","February","23","Wednesday","07:02:15","18:18:59","82","$1,312","1","$10","$1,438.55","$3,702","$483.93","$892.98","312","37.5%","117","$7,839","$67","Winter"
"312","2022 Feb 24 12:00:00 AM","2022","FY21-22","February","24","Thursday","07:01:06","18:19:50","211","$3,376","8","$180","$4,698.35","$11,186.47","$1,049.94","$3,215.19","312","95.8%","299","$23,706","$79.28","Winter"
"313","2022 Feb 25 12:00:00 AM","2022","FY21-22","February","25","Friday","06:59:56","18:20:41","216","$3,456","10","$270","$6,276.43","$12,515.94","$863.41","$3,747","312","104.2%","325","$27,129","$83.47","Winter"
"314","2022 Feb 26 12:00:00 AM","2022","FY21-22","February","26","Saturday","06:58:45","18:21:31","227","$3,632","7","$230","$6,522.39","$13,611.5","$1,563.79","$3,366","312","99.7%","311","$28,926","$93.01","Winter"
"315","2022 Feb 27 12:00:00 AM","2022","FY21-22","February","27","Sunday","06:57:34","18:22:21","262","$4,192","5","$125","$6,142.45","$9,149.89","$938.7","$2,761.19","316","101.6%","321","$23,309","$72.61","Winter"
"316","2022 Feb 28 12:00:00 AM","2022","FY21-22","February","28","Monday","06:56:21","18:23:11","218","$3,488","3","$80","$3,587.09","$15,474.56","$1,451.76","$2,549.23","316","101.6%","321","$26,631","$82.96","Winter"
"317","2022 Mar 01 12:00:00 AM","2022","FY21-22","March","1","Tuesday","06:55:09","18:24:01","200","$3,200","8","$290","$4,484.47","$12,422.2","$970.23","$5,033.23","316","96.5%","305","$26,400","$86.56","Spring"
"318","2022 Mar 02 12:00:00 AM","2022","FY21-22","March","2","Wednesday","06:53:55","18:24:50","202","$3,232","2","$30","$3,585.43","$11,368.17","$363.87","$3,200.5","316","97.2%","307","$21,780","$70.94","Spring"
"319","2022 Mar 03 12:00:00 AM","2022","FY21-22","March","3","Thursday","06:52:41","18:25:39","211","$3,376","2","$90","$5,283.33","$11,765.61","$909.4","$2,468.5","320","95.9%","307","$23,893","$77.83","Spring"
"320","2022 Mar 04 12:00:00 AM","2022","FY21-22","March","4","Friday","06:51:26","18:26:27","184","$2,944","3","$80","$5,138.5","$13,542","$1,270.89","$2,241","320","96.9%","310","$25,216","$81.34","Spring"
"321","2022 Mar 05 12:00:00 AM","2022","FY21-22","March","5","Saturday","06:50:11","18:27:15","221","$3,536","9","$250","$6,228.12","$14,368","$1,637.36","$3,358.73","320","105.6%","338","$29,378","$86.92","Spring"
"322","2022 Mar 06 12:00:00 AM","2022","FY21-22","March","6","Sunday","06:48:55","18:28:03","260","$4,160","2","$60","$5,207.59","$9,236.27","$1,392.13","$2,646.57","324","96.9%","314","$22,703","$72.3","Spring"
"323","2022 Mar 07 12:00:00 AM","2022","FY21-22","March","7","Monday","06:47:38","18:28:51","204","$3,264","2","$40","$3,728.12","$11,818.6","$925.57","$2,653","324","96.6%","313","$22,429","$71.66","Spring"
"324","2022 Mar 08 12:00:00 AM","2022","FY21-22","March","8","Tuesday","06:46:21","18:29:38","184","$2,944","1","$60","$3,561.99","$10,800","$1,723.41","$1,991.83","324","97.5%","316","$21,081","$66.71","Spring"
"325","2022 Mar 09 12:00:00 AM","2022","FY21-22","March","9","Wednesday","06:45:04","18:30:25","181","$2,896","5","$160","$3,663.79","$11,707.82","$2,871.59","$3,973.23","324","88%","285","$25,272","$88.68","Spring"
"326","2022 Mar 10 12:00:00 AM","2022","FY21-22","March","10","Thursday","06:43:46","18:31:12","214","$3,424","3","$130","$4,880.44","$13,554","$559.73","$2,585","328","102.4%","336","$25,133","$74.8","Spring"
"327","2022 Mar 11 12:00:00 AM","2022","FY21-22","March","11","Friday","06:42:28","18:31:59","227","$3,632","4","$180","$6,473.66","$12,770.9","$3,891.25","$2,844.5","328","94.2%","309","$29,792","$96.42","Spring"
"328","2022 Mar 12 12:00:00 AM","2022","FY21-22","March","12","Saturday","06:41:09","18:32:45","264","$4,224","1","$30","$8,343.79","$6,890.33","$2,102.5","$3,727.48","328","96.6%","317","$25,318","$79.87","Spring"
"329","2022 Mar 13 12:00:00 AM","2022","FY21-22","March","13","Sunday","06:39:50","18:33:31","215","$3,440","6","$170","$7,365.89","$5,906.94","$998.63","$3,007.58","328","42.7%","140","$20,889","$149.21","Spring"
"330","2022 Mar 14 12:00:00 AM","2022","FY21-22","March","14","Monday","06:38:31","18:34:17","182","$2,912","11","$380","$5,106.28","$14,453.11","$957.05","$2,107","332","99.7%","331","$25,915","$78.29","Spring"
"331","2022 Mar 15 12:00:00 AM","2022","FY21-22","March","15","Tuesday","06:37:12","18:35:03","217","$3,472","7","$230","$3,705.16","$11,968","$703.08","$3,752","332","96.4%","320","$23,830","$74.47","Spring"
"332","2022 Mar 16 12:00:00 AM","2022","FY21-22","March","16","Wednesday","06:35:52","18:35:48","222","$3,552","8","$250","$3,657.15","$11,878.03","$675.64","$3,212","332","99.4%","330","$23,225","$70.38","Spring"
"333","2022 Mar 17 12:00:00 AM","2022","FY21-22","March","17","Thursday","06:34:32","18:36:34","221","$3,536","9","$245","$4,948","$13,038.25","$996.37","$3,189","332","102.7%","341","$25,953","$76.11","Spring"
"334","2022 Mar 18 12:00:00 AM","2022","FY21-22","March","18","Friday","06:33:12","18:37:19","390","$6,240","5","$90","$7,176.46","$13,325.08","$1,064.36","$2,808","336","151.2%","508","$30,704","$60.44","Spring"
"335","2022 Mar 19 12:00:00 AM","2022","FY21-22","March","19","Saturday","06:31:52","18:38:04","246","$3,936","6","$120","$6,315.46","$14,903.44","$1,313.04","$3,945.73","336","101.5%","341","$30,534","$89.54","Spring"
"336","2022 Mar 20 12:00:00 AM","2022","FY21-22","March","20","Sunday","06:30:32","18:38:49","281","$4,496","5","$130","$6,039.38","$9,240.46","$1,293.23","$2,668.95","336","97.9%","329","$23,868","$72.55","Spring"
"337","2022 Mar 21 12:00:00 AM","2022","FY21-22","March","21","Monday","06:29:11","18:39:34","190","$3,040","9","$305","$3,797.69","$12,133","$982.57","$2,174.46","336","95.5%","321","$22,433","$69.88","Spring"
"338","2022 Mar 22 12:00:00 AM","2022","FY21-22","March","22","Tuesday","06:27:51","18:40:18","218","$3,488","5","$110","$3,483.73","$12,025.76","$977.59","$3,314.46","340","98.5%","335","$23,400","$69.85","Spring"
"339","2022 Mar 23 12:00:00 AM","2022","FY21-22","March","23","Wednesday","06:26:30","18:41:03","208","$3,328","22","$860","$4,912.84","$12,902.67","$493.49","$3,471.5","340","101.2%","344","$25,969","$75.49","Spring"
"340","2022 Mar 24 12:00:00 AM","2022","FY21-22","March","24","Thursday","06:25:10","18:41:47","228","$3,648","8","$205","$5,593.81","$11,368","$3,411.89","$3,807.23","340","95.6%","325","$28,034","$86.26","Spring"
"341","2022 Mar 25 12:00:00 AM","2022","FY21-22","March","25","Friday","06:23:49","18:42:31","242","$3,872","8","$405","$7,007.62","$13,713.58","$2,681.79","$3,292","340","99.4%","338","$30,972","$91.63","Spring"
"342","2022 Mar 26 12:00:00 AM","2022","FY21-22","March","26","Saturday","06:22:29","18:43:16","276","$4,416","10","$250","$9,102.95","$16,291","$1,507.11","$2,529","344","102.9%","354","$34,096","$96.32","Spring"
"343","2022 Mar 27 12:00:00 AM","2022","FY21-22","March","27","Sunday","06:21:08","18:44:00","278","$4,448","1","$60","$5,605.37","$10,628.45","$1,717.64","$2,976.24","344","97.7%","336","$25,436","$75.7","Spring"
"344","2022 Mar 28 12:00:00 AM","2022","FY21-22","March","28","Monday","06:19:48","18:44:44","245","$3,920","8","$240","$2,782.92","$12,548","$993.62","$1,544","344","100.6%","346","$22,029","$63.67","Spring"
"345","2022 Mar 29 12:00:00 AM","2022","FY21-22","March","29","Tuesday","06:18:28","18:45:28","201","$3,216","3","$120","$4,052.38","$7,834","$1,674.37","$1,743","344","73.8%","254","$18,640","$73.38","Spring"
"346","2022 Mar 30 12:00:00 AM","2022","FY21-22","March","30","Wednesday","06:17:08","18:46:12","221","$3,536","1","$300","$3,769.9","$11,930.67","$1,448.65","$3,966.5","348","96.6%","336","$24,952","$74.26","Spring"
"347","2022 Mar 31 12:00:00 AM","2022","FY21-22","March","31","Thursday","06:15:48","18:46:56","261","$4,176","7","$110","$5,307.64","$13,954.57","$3,782.95","$4,278.23","348","102.9%","358","$31,609","$88.29","Spring"
"348","2022 Apr 01 12:00:00 AM","2022","FY21-22","April","1","Friday","06:14:28","18:47:40","237","$3,792","5","$190","$8,080.15","$15,826.99","$1,136.14","$4,002","348","97.7%","340","$33,027","$97.14","Spring"
"349","2022 Apr 02 12:00:00 AM","2022","FY21-22","April","2","Saturday","06:13:09","18:48:24","288","$4,608","5","$200","$5,954.47","$10,637.05","$943.18","$2,970.6","348","100.6%","350","$25,313","$72.32","Spring"
"350","2022 Apr 03 12:00:00 AM","2022","FY21-22","April","3","Sunday","06:11:50","18:49:08","278","$4,448","1","$60","$6,226.74","$14,550.5","$694.05","$4,206.96","352","96.3%","339","$30,186","$89.04","Spring"
"351","2022 Apr 04 12:00:00 AM","2022","FY21-22","April","4","Monday","06:10:31","18:49:52","208","$3,328","6","$190","$3,591.03","$12,343","$433.81","$1,987","352","88.1%","310","$21,873","$70.56","Spring"
"352","2022 Apr 05 12:00:00 AM","2022","FY21-22","April","5","Tuesday","06:09:13","18:50:36","242","$3,872","1","$30","$4,279.75","$12,146","$767.27","$3,259.23","352","92.6%","326","$24,354","$74.71","Spring"
"353","2022 Apr 06 12:00:00 AM","2022","FY21-22","April","6","Wednesday","06:07:55","18:51:20","234","$3,744","1","$30","$4,438.04","$11,788.33","$1,078.9","$3,600.69","356","89%","317","$24,680","$77.85","Spring"
"354","2022 Apr 07 12:00:00 AM","2022","FY21-22","April","7","Thursday","06:06:37","18:52:04","264","$4,224","2","$90","$5,508.81","$12,773.8","$1,758.7","$3,839.1","356","100%","356","$28,194","$79.2","Spring"
"355","2022 Apr 08 12:00:00 AM","2022","FY21-22","April","8","Friday","06:05:20","18:52:49","254","$4,064","5","$140","$6,902.73","$14,581","$1,676.89","$4,298.46","356","101.1%","360","$31,663","$87.95","Spring"
"356","2022 Apr 09 12:00:00 AM","2022","FY21-22","April","9","Saturday","06:04:03","18:53:33","294","$4,704","6","$135","$10,876.52","$11,259.45","$1,139.94","$4,223.24","356","102.2%","364","$32,338","$88.84","Spring"
"357","2022 Apr 10 12:00:00 AM","2022","FY21-22","April","10","Sunday","06:02:47","18:54:17","269","$4,304","8","$280","$6,327.23","$13,512.26","$875.94","$3,675","360","100%","360","$28,974","$80.48","Spring"
"358","2022 Apr 11 12:00:00 AM","2022","FY21-22","April","11","Monday","06:01:31","18:55:01","245","$3,920","7","$270","$3,832.54","$12,820.98","$2,751.41","$3,749.23","360","89.4%","322","$27,344","$84.92","Spring"
"359","2022 Apr 12 12:00:00 AM","2022","FY21-22","April","12","Tuesday","06:00:16","18:55:46","226","$3,616","6","$160","$3,396.06","$11,354.5","$839.48","$2,564.5","360","90.6%","326","$21,931","$67.27","Spring"
"360","2022 Apr 13 12:00:00 AM","2022","FY21-22","April","13","Wednesday","05:59:01","18:56:30","251","$4,016","4","$190","$3,816.46","$12,001.5","$1,171.1","$4,090","360","95.3%","343","$25,285","$73.72","Spring"
"361","2022 Apr 14 12:00:00 AM","2022","FY21-22","April","14","Thursday","05:57:47","18:57:15","240","$3,840","8","$230","$4,990.9","$12,451.06","$1,116.39","$4,418.23","364","92.9%","338","$27,047","$80.02","Spring"
"362","2022 Apr 15 12:00:00 AM","2022","FY21-22","April","15","Friday","05:56:33","18:57:59","266","$4,256","4","$110","$7,928","$13,559.37","$1,185.13","$4,367.34","364","93.4%","340","$31,406","$92.37","Spring"
"363","2022 Apr 16 12:00:00 AM","2022","FY21-22","April","16","Saturday","05:55:21","18:58:44","312","$4,992","1","$10","$6,669.25","$9,242.24","$2,568.15","$3,334.58","364","98.6%","359","$26,816","$74.7","Spring"
"364","2022 Apr 17 12:00:00 AM","2022","FY21-22","April","17","Sunday","05:54:08","18:59:29","269","$4,304","0","$0","$4,876.39","$15,029","$1,604.69","$2,077.1","364","91.8%","334","$27,891","$83.51","Spring"
"365","2022 Apr 18 12:00:00 AM","2022","FY21-22","April","18","Monday","05:52:57","19:00:13","251","$4,016","0","$0","$3,572","$10,861","$973","$2,454","368","84%","309","$21,876","$70.8","Spring"
"366","2022 Apr 19 12:00:00 AM","2022","FY21-22","April","19","Tuesday","05:51:46","19:00:58","285","$4,560","2","$70","$4,218","$9,776","$998","$3,121","368","93.8%","345","$22,743","$65.92","Spring"
"367","2022 Apr 20 12:00:00 AM","2022","FY21-22","April","20","Wednesday","05:50:36","19:01:43","246","$3,936","1","$30","$5,377","$10,502","$1,822","$4,127","368","84.8%","312","$25,794","$82.67","Spring"
"368","2022 Apr 21 12:00:00 AM","2022","FY21-22","April","21","Thursday","05:49:27","19:02:28","269","$4,304","12","$505","$6,293","$10,379","$869","$3,326","368","87.5%","322","$25,676","$79.74","Spring"
"369","2022 Apr 22 12:00:00 AM","2022","FY21-22","April","22","Friday","05:48:18","19:03:14","255","$4,080","13","$290","$7,008","$13,360","$1,026","$4,376","368","90.8%","334","$30,140","$90.24","Spring"
"370","2022 Apr 23 12:00:00 AM","2022","FY21-22","April","23","Saturday","05:47:11","19:03:59","268","$4,288","4","$100","$22,640","$10,315.24","$1,128","$4,369","372","87.4%","325","$42,840","$131.82","Spring"
"371","2022 Apr 24 12:00:00 AM","2022","FY21-22","April","24","Sunday","05:46:04","19:04:44","280","$4,480","4","$100","$6,139","$9,885.24","$1,504","$3,788","372","86.8%","323","$25,896","$80.17","Spring"
"372","2022 Apr 24 12:00:00 AM","2022","FY21-22","April","24","Sunday","05:46:04","19:04:44","280","$4,480","4","$100","$6,139","$9,885.24","$1,504","$3,788","372","86.8%","323","$25,896","$80.17","Spring"
"373","2022 Apr 25 12:00:00 AM","2022","FY21-22","April","25","Monday","05:44:58","19:05:29","483","$7,728","11","$325","$3,995","$11,293","$480","$2,550","372","145.7%","542","$26,371","$48.65","Spring"
"374","2022 Apr 26 12:00:00 AM","2022","FY21-22","April","26","Tuesday","05:43:53","19:06:15","240","$3,840","1","$10","$3,644","$7,658","$447","$2,240","372","72.8%","271","$17,839","$65.83","Spring"
"375","2022 Apr 27 12:00:00 AM","2022","FY21-22","April","27","Wednesday","05:42:49","19:07:00","262","$4,192","0","$0","$4,491","$9,551","$940","$3,394","376","80.9%","304","$22,568","$74.24","Spring"
"376","2022 Apr 28 12:00:00 AM","2022","FY21-22","April","28","Thursday","05:41:46","19:07:46","240","$3,840","0","$0","$5,083","$8,730","$486","$3,319","376","79.5%","299","$21,458","$71.77","Spring"
"377","2022 Apr 29 12:00:00 AM","2022","FY21-22","April","29","Friday","05:40:44","19:08:31","274","$4,384","16","$705","$6,869","$13,444","$1,653","$4,053","376","88.3%","332","$31,108","$93.7","Spring"
"378","2022 Apr 30 12:00:00 AM","2022","FY21-22","April","30","Saturday","05:39:43","19:09:17","322","$5,152","6","$210","$10,533","$10,387","$8,436","$4,519","376","98.1%","369","$39,237","$106.33","Spring"
"379","2022 May 01 12:00:00 AM","2022","FY21-22","May","1","Sunday","05:38:43","19:10:02","303","$4,848","6","$135","$4,835","$13,937","$2,925","$3,512","380","91.1%","346","$30,192","$87.26","Spring"
"380","2022 May 02 12:00:00 AM","2022","FY21-22","May","2","Monday","05:37:45","19:10:48","198","$3,168","2","$40","$2,812","$7,563","$2,149","$2,634","380","60.5%","230","$18,366","$79.85","Spring"
"381","2022 May 03 12:00:00 AM","2022","FY21-22","May","3","Tuesday","05:36:47","19:11:33","203","$3,248","3","$20","$3,552","$7,645","$763","$3,190","380","68.2%","259","$18,418","$71.11","Spring"
"382","2022 May 04 12:00:00 AM","2022","FY21-22","May","4","Wednesday","05:35:50","19:12:19","217","$3,472","2","$70","$3,607","$7,344","$593","$2,828","380","69.2%","263","$17,914","$68.11","Spring"
"383","2022 May 05 12:00:00 AM","2022","FY21-22","May","5","Thursday","05:34:55","19:13:04","196","$3,136","3","$150","$6,591","$7,111","$1,008","$3,079","380","66.8%","254","$21,075","$82.97","Spring"
"384","2022 May 06 12:00:00 AM","2022","FY21-22","May","6","Friday","05:34:00","19:13:50","386","$6,176","7","$360","$7,763","$11,902","$2,427","$2,997","380","108.7%","413","$31,625","$76.57","Spring"
"385","2022 May 07 12:00:00 AM","2022","FY21-22","May","7","Saturday","05:33:07","19:14:35","286","$4,576","0","$0","$6,577","$7,478","$1,517","$3,120","384","86.2%","331","$23,268","$70.3","Spring"
"386","2022 May 08 12:00:00 AM","2022","FY21-22","May","8","Sunday","05:32:16","19:15:20","244","$3,904","2","$60","$3,988","$7,834","$795","$1,762","384","75.3%","289","$18,343","$63.47","Spring"
"387","2022 May 09 12:00:00 AM","2022","FY21-22","May","9","Monday","05:31:25","19:16:05","253","$4,048","3","$120","$4,378","$6,871","$739","$2,804","384","76%","292","$18,960","$64.93","Spring"
"388","2022 May 10 12:00:00 AM","2022","FY21-22","May","10","Tuesday","05:30:36","19:16:51","241","$3,856","3","$75","$3,766","$6,822","$381","$2,808","384","77.1%","296","$17,708","$59.82","Spring"
"389","2022 May 11 12:00:00 AM","2022","FY21-22","May","11","Wednesday","05:29:47","19:17:35","290","$4,640","5","$110","$4,803","$5,723","$1,310","$3,650","388","84%","326","$20,236","$62.07","Spring"
"390","2022 May 12 12:00:00 AM","2022","FY21-22","May","12","Thursday","05:29:01","19:18:20","261","$4,176","5","$240","$5,745","$6,919","$1,909","$3,220","388","85.1%","330","$22,209","$67.3","Spring"
"391","2022 May 13 12:00:00 AM","2022","FY21-22","May","13","Friday","05:28:15","19:19:05","268","$4,288","4","$130","$6,802","$9,808","$1,099","$4,122","388","78.4%","304","$26,249","$86.35","Spring"
"392","2022 May 14 12:00:00 AM","2022","FY21-22","May","14","Saturday","05:27:31","19:19:49","303","$4,848","2","$90","$7,082","$13,327","$1,054","$3,494","388","88.1%","342","$29,895","$87.41","Spring"
"393","2022 May 15 12:00:00 AM","2022","FY21-22","May","15","Sunday","05:26:49","19:20:33","292","$4,672","4","$60","$5,481","$7,496","$3,326","$4,817","388","86.3%","335","$25,852","$77.17","Spring"
"394","2022 May 16 12:00:00 AM","2022","FY21-22","May","16","Monday","05:26:07","19:21:17","213","$3,408","5","$260","$2,594","$5,103","$641","$2,616","388","63.7%","247","$14,622","$59.2","Spring"
"395","2022 May 17 12:00:00 AM","2022","FY21-22","May","17","Tuesday","05:25:27","19:22:00","228","$3,648","2","$90","$3,880","$4,994","$773","$2,761","392","66.3%","260","$16,146","$62.1","Spring"
"396","2022 May 18 12:00:00 AM","2022","FY21-22","May","18","Wednesday","05:24:49","19:22:43","303","$4,848","1","$30","$3,440","$4,938","$887","$2,422","392","83.9%","329","$16,565","$50.35","Spring"
"397","2022 May 19 12:00:00 AM","2022","FY21-22","May","19","Thursday","05:24:12","19:23:26","228","$3,648","2","$60","$4,542","$4,934","$460","$3,430","392","71.4%","280","$17,074","$60.98","Spring"
"398","2022 May 20 12:00:00 AM","2022","FY21-22","May","20","Friday","05:23:36","19:24:09","315","$5,040","4","$120","$2,569","$5,787","$891","$1,139","392","86.2%","338","$15,546","$45.99","Spring"
"399","2022 May 21 12:00:00 AM","2022","FY21-22","May","21","Saturday","05:23:02","19:24:51","263","$4,208","2","$40","$6,044","$5,936","$855","$3,309","392","76.8%","301","$20,392","$67.75","Spring"
"400","2022 May 22 12:00:00 AM","2022","FY21-22","May","22","Sunday","05:22:30","19:25:32","320","$5,120","2","$120","$4,943","$9,874","$476","$3,453","392","94.6%","371","$23,986","$64.65","Spring"
"401","2022 May 23 12:00:00 AM","2022","FY21-22","May","23","Monday","05:21:59","19:26:13","264","$4,224","5","$210","$3,671","$7,507","$1,471","$2,130","396","74.7%","296","$19,213","$64.91","Spring"
"402","2022 May 24 12:00:00 AM","2022","FY21-22","May","24","Tuesday","05:21:29","19:26:54","267","$4,272","4","$205","$4,054","$6,423","$1,425","$3,256","396","76.3%","302","$19,635","$65.02","Spring"
"403","2022 May 25 12:00:00 AM","2022","FY21-22","May","25","Wednesday","05:21:01","19:27:34","188","$3,008","0","$0","$3,261","$4,265","$942","$2,911","396","53%","210","$14,387","$68.51","Spring"
"404","2022 May 26 12:00:00 AM","2022","FY21-22","May","26","Thursday","05:20:34","19:28:14","235","$3,760","11","$360","$4,173","$5,158","$450","$3,370","396","69.2%","274","$17,271","$63.03","Spring"
"405","2022 May 27 12:00:00 AM","2022","FY21-22","May","27","Friday","05:20:09","19:28:53","322","$5,152","22","$660","$5,381","$9,243","$538","$4,031","396","85.9%","340","$25,005","$73.54","Spring"
"406","2022 May 28 12:00:00 AM","2022","FY21-22","May","28","Saturday","05:19:46","19:29:31","278","$4,448","2","$60","$7,549","$7,404","$4,209","$4,118","396","79.3%","314","$27,788","$88.5","Spring"
"407","2022 May 29 12:00:00 AM","2022","FY21-22","May","29","Sunday","05:19:24","19:30:09","304","$4,864","3","$80","$5,294","$10,540","$572","$2,788","396","89.4%","354","$24,138","$68.19","Spring"
"408","2022 May 30 12:00:00 AM","2022","FY21-22","May","30","Monday","05:19:04","19:30:46","293","$4,688","3","$75","$4,421","$9,029","$766","$2,480","396","87.4%","346","$21,459","$62.02","Spring"
"409","2022 May 31 12:00:00 AM","2022","FY21-22","May","31","Tuesday","05:18:45","19:31:22","220","$3,520","0","$0","$3,415","$4,480","$713","$2,770","400","63.2%","253","$14,898","$58.89","Spring"
"410","2022 Jun 01 12:00:00 AM","2022","FY21-22","June","1","Wednesday","05:18:28","19:31:57","151","$2,416","3","$60","$2,754","$3,715","$1,155","$2,714","400","47%","188","$12,814","$68.16","Summer"
"411","2022 Jun 02 12:00:00 AM","2022","FY21-22","June","2","Thursday","05:18:12","19:32:32","186","$2,976","2","$60","$3,402","$1,717","$511","$3,226","400","53.7%","215","$11,892","$55.31","Summer"
"412","2022 Jun 03 12:00:00 AM","2022","FY21-22","June","3","Friday","05:17:58","19:33:06","237","$3,792","3","$70","$4,893","$4,938","$654","$4,457","400","66%","264","$18,804","$71.23","Summer"
"413","2022 Jun 04 12:00:00 AM","2022","FY21-22","June","4","Saturday","05:17:46","19:33:39","257","$4,112","4","$100","$5,884","$6,788","$825","$3,408","400","65%","260","$21,117","$81.22","Summer"
"414","2022 Jun 05 12:00:00 AM","2022","FY21-22","June","5","Sunday","05:17:35","19:34:11","284","$4,544","6","$150","$5,924","$6,548","$3,052","$3,006","400","81.8%","327","$23,224","$71.02","Summer"
"415","2022 Jun 06 12:00:00 AM","2022","FY21-22","June","6","Monday","05:17:26","19:34:42","182","$2,912","2","$60","$2,461","$2,612","$434","$2,475","400","49.7%","199","$10,954","$55.05","Summer"
"416","2022 Jun 07 12:00:00 AM","2022","FY21-22","June","7","Tuesday","05:17:18","19:35:12","209","$3,344","3","$60","$3,202","$2,819","$587","$3,115","400","58%","232","$13,127","$56.58","Summer"
"417","2022 Jun 08 12:00:00 AM","2022","FY21-22","June","8","Wednesday","05:17:12","19:35:41","177","$2,832","3","$50","$2,604","$2,416","$658","$2,925","400","49%","196","$11,485","$58.6","Summer"
"418","2022 Jun 09 12:00:00 AM","2022","FY21-22","June","9","Thursday","05:17:07","19:36:09","237","$3,792","3","$90","$3,786","$2,534","$712","$3,020","400","67.7%","271","$13,934","$51.42","Summer"
"419","2022 Jun 10 12:00:00 AM","2022","FY21-22","June","10","Friday","05:17:04","19:36:36","229","$3,664","6","$190","$4,326","$4,471","$1,247","$2,777","400","63.7%","255","$16,675","$65.39","Summer"
"420","2022 Jun 11 12:00:00 AM","2022","FY21-22","June","11","Saturday","05:17:03","19:37:02","258","$4,128","1","$15","$4,496","$4,659","$1,495","$2,152","404","65.3%","264","$16,945","$64.19","Summer"
"421","2022 Jun 12 12:00:00 AM","2022","FY21-22","June","12","Sunday","05:17:03","19:37:27","116","$1,856","5","$70","$6,474","$3,960","$1,224","$2,398","404","35.1%","142","$15,982","$112.55","Summer"
"422","2022 Jun 13 12:00:00 AM","2022","FY21-22","June","13","Monday","05:17:04","19:37:51","194","$3,104","0","$0","$2,095","$2,290","$1,204","$2,127","404","51.7%","209","$10,820","$51.77","Summer"
"423","2022 Jun 14 12:00:00 AM","2022","FY21-22","June","14","Tuesday","05:17:07","19:38:13","189","$3,024","0","$0","$2,673","$1,743","$544","$3,598","404","53.5%","216","$11,582","$53.62","Summer"
"424","2022 Jun 15 12:00:00 AM","2022","FY21-22","June","15","Wednesday","05:17:12","19:38:34","206","$3,296","0","$0","$3,458","$2,633","$386","$3,275","404","57.4%","232","$13,048","$56.24","Summer"
"425","2022 Jun 16 12:00:00 AM","2022","FY21-22","June","16","Thursday","05:17:17","19:38:54","190","$3,040","4","$125","$3,460","$2,256","$709","$3,219","404","57.2%","231","$12,809","$55.45","Summer"
"426","2022 Jun 17 12:00:00 AM","2022","FY21-22","June","17","Friday","05:17:25","19:39:13","248","$3,968","0","$0","$4,090","$3,512","$1,076","$3,083","404","65.1%","263","$15,729","$59.81","Summer"
"427","2022 Jun 18 12:00:00 AM","2022","FY21-22","June","18","Saturday","05:17:34","19:39:30","196","$3,136","5","$114","$5,972","$4,554","$1,311","$3,626","404","54.5%","220","$18,713","$85.06","Summer"
"428","2022 Jun 19 12:00:00 AM","2022","FY21-22","June","19","Sunday","05:17:44","19:39:46","295","$4,720","4","$85","$4,952","$6,551","$1,348","$2,851","404","83.7%","338","$20,507","$60.67","Summer"
"429","2022 Jun 20 12:00:00 AM","2022","FY21-22","June","20","Monday","05:17:55","19:40:01","303","$4,848","3","$65","$4,290","$3,674","$575","$2,689","404","81.4%","329","$16,141","$49.06","Summer"
"430","2022 Jun 21 12:00:00 AM","2022","FY21-22","June","21","Tuesday","05:18:08","19:40:14","215","$3,440","0","$0","$2,796","$1,971","$414","$3,052","404","57.7%","233","$11,673","$50.1","Summer"
"431","2022 Jun 22 12:00:00 AM","2022","FY21-22","June","22","Wednesday","05:18:23","19:40:25","202","$3,232","0","$0","$3,433","$2,602","$736","$2,798","404","58.4%","236","$12,801","$54.24","Summer"
"432","2022 Jun 23 12:00:00 AM","2022","FY21-22","June","23","Thursday","05:18:38","19:40:36","215","$3,440","1","$10","$3,834","$2,420","$4,060","$2,960","404","63.1%","255","$16,724","$65.58","Summer"
"433","2022 Jun 24 12:00:00 AM","2022","FY21-22","June","24","Friday","05:18:55","19:40:45","256","$4,096","3","$90","$4,869","$4,790","$1,176","$3,479","404","67.6%","273","$18,500","$67.77","Summer"
"434","2022 Jun 25 12:00:00 AM","2022","FY21-22","June","25","Saturday","05:19:13","19:40:52","294","$4,704","0","$0","$5,123","$8,232","$896","$3,015","404","76.5%","309","$21,970","$71.1","Summer"
"435","2022 Jun 26 12:00:00 AM","2022","FY21-22","June","26","Sunday","05:19:32","19:40:58","289","$4,624","9","$165","$4,121","$5,520","$955","$2,260","404","81.4%","329","$17,645","$53.63","Summer"
"436","2022 Jun 27 12:00:00 AM","2022","FY21-22","June","27","Monday","05:19:53","19:41:02","239","$3,824","2","$25","$2,964","$2,277","$3,688","$2,760","404","66.3%","268","$15,538","$57.98","Summer"
"437","2022 Jun 28 12:00:00 AM","2022","FY21-22","June","28","Tuesday","05:20:15","19:41:05","254","$4,064","1","$20","$2,880","$1,938","$656","$2,505","404","64.9%","262","$12,063","$46.04","Summer"
"438","2022 Jun 29 12:00:00 AM","2022","FY21-22","June","29","Wednesday","05:20:37","19:41:06","34","$544","1","$25","$2,494","$4,538","$734","$2,752","404","53%","214","$11,087","$51.81","Summer"
"439","2022 Jun 30 12:00:00 AM","2022","FY21-22","June","30","Thursday","05:21:01","19:41:06","84","$1,344","2","$35","$3,270","$4,727","$372","$2,911","404","67.6%","273","$12,659","$46.37","Summer"
"440","2022 Jul 01 12:00:00 AM","2022","FY22-23","July","1","Friday","05:21:26","19:41:04","115","$1,840","4","$100","$3,559","$1,545","$618","$2,936","404","31.9%","129","$10,598","$82.16","Summer"
"441","2022 Jul 02 12:00:00 AM","2022","FY22-23","July","2","Saturday","05:21:52","19:41:01","241","$3,856","1","$10","$4,906","$5,051","$961","$2,643","404","66.8%","270","$17,427","$64.54","Summer"
"442","2022 Jul 03 12:00:00 AM","2022","FY22-23","July","3","Sunday","05:22:19","19:40:56","155","$2,480","8","$110","$5,310","$4,032","$1,377","$2,423","400","47.5%","190","$15,732","$82.8","Summer"
"443","2022 Jul 04 12:00:00 AM","2022","FY22-23","July","4","Monday","05:22:48","19:40:49","259","$4,144","2","$20","$3,585","$5,101","$1,026","$2,017","400","76.5%","306","$15,893","$51.94","Summer"
"444","2022 Jul 05 12:00:00 AM","2022","FY22-23","July","5","Tuesday","05:23:17","19:40:41","114","$1,824","2","$60","$2,245","$1,125","$213","$2,511","400","29.7%","119","$7,978","$67.04","Summer"
"445","2022 Jul 06 12:00:00 AM","2022","FY22-23","July","6","Wednesday","05:23:46","19:40:31","103","$1,648","1","$25","$1,379","$980","$294","$2,195","400","27%","108","$6,521","$60.38","Summer"
"446","2022 Jul 07 12:00:00 AM","2022","FY22-23","July","7","Thursday","05:24:17","19:40:20","184","$2,944","1","$10","$3,278","$1,731","$327","$2,767","400","53.5%","214","$11,057","$51.67","Summer"
"447","2022 Jul 08 12:00:00 AM","2022","FY22-23","July","8","Friday","05:24:49","19:40:07","203","$3,248","5","$270","$4,887","$2,990","$2,789","$2,863","400","54%","216","$17,047","$78.92","Summer"
"448","2022 Jul 09 12:00:00 AM","2022","FY22-23","July","9","Saturday","05:25:21","19:39:52","258","$4,128","1","$9","$6,500","$4,459","$1,722","$3,111","400","71.3%","285","$19,929","$69.93","Summer"
"449","2022 Jul 10 12:00:00 AM","2022","FY22-23","July","10","Sunday","05:25:54","19:39:36","228","$3,648","2","$20","$3,389","$4,453","$2,800","$2,246","400","66%","264","$16,556","$62.71","Summer"
"450","2022 Jul 11 12:00:00 AM","2022","FY22-23","July","11","Monday","05:26:28","19:39:18","177","$2,832","4","$100","$2,435","$1,873","$669","$2,106","400","49.5%","198","$10,015","$50.58","Summer"
"451","2022 Jul 12 12:00:00 AM","2022","FY22-23","July","12","Tuesday","05:27:03","19:38:59","218","$3,488","3","$95","$2,772","$2,078","$590","$3,913","396","57.1%","226","$12,936","$57.24","Summer"
"452","2022 Jul 13 12:00:00 AM","2022","FY22-23","July","13","Wednesday","05:27:38","19:38:38","165","$2,640","2","$20","$2,923","$1,321","$506","$2,369","396","47%","186","$9,779","$52.58","Summer"
"453","2022 Jul 14 12:00:00 AM","2022","FY22-23","July","14","Thursday","05:28:14","19:38:15","197","$3,152","4","$80","$3,985","$2,026","$441","$2,818","396","57.6%","228","$12,502","$54.83","Summer"
"454","2022 Jul 15 12:00:00 AM","2022","FY22-23","July","15","Friday","05:28:51","19:37:51","199","$3,184","0","$0","$3,357","$2,520","$1,482","$3,081","396","55.1%","218","$13,624","$62.5","Summer"
"455","2022 Jul 16 12:00:00 AM","2022","FY22-23","July","16","Saturday","05:29:28","19:37:25","157","$2,512","1","$10","$4,711","$3,613","$1,656","$2,710","396","43.4%","172","$15,212","$88.44","Summer"
"456","2022 Jul 17 12:00:00 AM","2022","FY22-23","July","17","Sunday","05:30:05","19:36:57","291","$4,656","5","$100","$4,898","$5,098","$1,054","$2,705","396","81.8%","324","$18,511","$57.13","Summer"
"457","2022 Jul 18 12:00:00 AM","2022","FY22-23","July","18","Monday","05:30:43","19:36:28","164","$2,624","5","$150","$2,672","$1,748","$1,538","$1,913","396","50%","198","$10,645","$53.76","Summer"
"458","2022 Jul 19 12:00:00 AM","2022","FY22-23","July","19","Tuesday","05:31:22","19:35:58","221","$3,536","1","$40","$3,488","$2,174","$832","$2,520","396","59.6%","236","$12,590","$53.35","Summer"
"459","2022 Jul 20 12:00:00 AM","2022","FY22-23","July","20","Wednesday","05:32:01","19:35:26","223","$3,568","2","$40","$3,365","$2,252","$735","$2,780","392","65.8%","258","$12,740","$49.38","Summer"
"460","2022 Jul 21 12:00:00 AM","2022","FY22-23","July","21","Thursday","05:32:40","19:34:52","230","$3,680","3","$90","$4,664","$2,049","$1,829","$2,844","392","66.3%","260","$15,156","$58.29","Summer"
"461","2022 Jul 22 12:00:00 AM","2022","FY22-23","July","22","Friday","05:33:20","19:34:17","245","$3,920","5","$105","$5,168","$4,309","$685","$2,835","392","68.1%","267","$17,022","$63.75","Summer"
"462","2022 Jul 23 12:00:00 AM","2022","FY22-23","July","23","Saturday","05:34:00","19:33:40","272","$4,352","0","$0","$5,407","$5,046","$1,043","$3,564","392","76.5%","300","$19,412","$64.71","Summer"
"463","2022 Jul 24 12:00:00 AM","2022","FY22-23","July","24","Sunday","05:34:41","19:33:02","312","$4,992","0","$0","$5,613","$5,301","$1,636","$2,870","392","85.7%","336","$20,412","$60.75","Summer"
"464","2022 Jul 25 12:00:00 AM","2022","FY22-23","July","25","Monday","05:35:21","19:32:22","204","$3,264","1","$20","$2,136","$1,728","$765","$2,539","392","56.9%","223","$10,452","$46.87","Summer"
"465","2022 Jul 26 12:00:00 AM","2022","FY22-23","July","26","Tuesday","05:36:02","19:31:41","238","$3,808","2","$90","$3,011","$2,192","$1,160","$2,793","388","66.5%","258","$13,054","$50.6","Summer"
"466","2022 Jul 27 12:00:00 AM","2022","FY22-23","July","27","Wednesday","05:36:44","19:30:59","220","$3,520","2","$90","$3,051","$1,954","$672","$3,580","388","59.5%","231","$12,867","$55.7","Summer"
"467","2022 Jul 28 12:00:00 AM","2022","FY22-23","July","28","Thursday","05:37:25","19:30:15","231","$3,696","1","$10","$4,083","$1,911","$498","$2,978","388","67%","260","$13,176","$50.68","Summer"
"468","2022 Jul 29 12:00:00 AM","2022","FY22-23","July","29","Friday","05:38:07","19:29:29","281","$4,496","2","$20","$5,750","$4,139","$1,569","$3,798","388","74.7%","290","$19,772","$68.18","Summer"
"469","2022 Jul 30 12:00:00 AM","2022","FY22-23","July","30","Saturday","05:38:49","19:28:43","312","$4,992","2","$45","$5,537","$5,944","$2,311","$2,575","388","89.9%","349","$21,404","$61.33","Summer"
"470","2022 Jul 31 12:00:00 AM","2022","FY22-23","July","31","Sunday","05:39:30","19:27:55","292","$4,672","2","$40","$6,012","$5,456","$1,642","$2,948","388","84%","326","$20,770","$63.71","Summer"
"471","2022 Aug 01 12:00:00 AM","2022","FY22-23","August","1","Monday","05:40:13","19:27:05","201","$3,216","4","$95","$2,603","$2,420","$702","$2,680","384","58.3%","224","$11,716","$52.3","Summer"
"472","2022 Aug 02 12:00:00 AM","2022","FY22-23","August","2","Tuesday","05:40:55","19:26:15","204","$3,264","2","$45","$2,925","$2,182","$572","$3,147","384","56.8%","218","$12,135","$55.67","Summer"
"473","2022 Aug 03 12:00:00 AM","2022","FY22-23","August","3","Wednesday","05:41:37","19:25:23","274","$4,384","2","$40","$4,160","$2,214","$887","$3,793","384","76.3%","293","$15,478","$52.83","Summer"
"474","2022 Aug 04 12:00:00 AM","2022","FY22-23","August","4","Thursday","05:42:19","19:24:29","225","$3,600","1","$30","$4,619","$1,346","$664","$2,918","384","60.7%","233","$13,177","$56.55","Summer"
"475","2022 Aug 05 12:00:00 AM","2022","FY22-23","August","5","Friday","05:43:01","19:23:35","277","$4,432","4","$100","$6,771","$5,332","$1,717","$3,522","384","81.5%","313","$21,874","$69.88","Summer"
"476","2022 Aug 06 12:00:00 AM","2022","FY22-23","August","6","Saturday","05:43:44","19:22:39","313","$5,008","2","$40","$5,921","$5,049","$1,081","$2,971","380","87.4%","332","$20,070","$60.45","Summer"
"477","2022 Aug 07 12:00:00 AM","2022","FY22-23","August","7","Sunday","05:44:26","19:21:42","316","$5,056","0","$0","$8,205","$4,816","$1,949","$3,262","380","89.2%","339","$23,288","$68.7","Summer"
"478","2022 Aug 08 12:00:00 AM","2022","FY22-23","August","8","Monday","05:45:09","19:20:44","207","$3,312","4","$115","$2,451","$2,128","$631","$2,563","380","57.9%","220","$11,200","$50.91","Summer"
"479","2022 Aug 09 12:00:00 AM","2022","FY22-23","August","9","Tuesday","05:45:51","19:19:45","220","$3,520","0","$0","$2,582","$1,587","$589","$2,876","380","59.2%","225","$11,154","$49.57","Summer"
"480","2022 Aug 10 12:00:00 AM","2022","FY22-23","August","10","Wednesday","05:46:33","19:18:44","262","$4,192","4","$110","$3,109","$2,210","$1,068","$3,070","380","76.6%","291","$13,759","$47.28","Summer"
"481","2022 Aug 11 12:00:00 AM","2022","FY22-23","August","11","Thursday","05:47:15","19:17:43","263","$4,208","1","$10","$4,975","$2,715","$1,094","$3,283","376","79.3%","298","$16,285","$54.65","Summer"
"482","2022 Aug 12 12:00:00 AM","2022","FY22-23","August","12","Friday","05:47:58","19:16:40","308","$4,928","4","$100","$5,324","$5,060","$886","$2,523","376","90.4%","340","$18,821","$55.36","Summer"
"483","2022 Aug 13 12:00:00 AM","2022","FY22-23","August","13","Saturday","05:48:40","19:15:37","303","$4,848","7","$220","$5,948","$11,832","$902","$4,265","376","88.3%","332","$28,015","$84.38","Summer"
"484","2022 Aug 14 12:00:00 AM","2022","FY22-23","August","14","Sunday","05:49:22","19:14:32","307","$4,912","0","$0","$5,500","$5,038","$1,268","$3,358","376","84.8%","319","$20,076","$62.93","Summer"
"485","2022 Aug 15 12:00:00 AM","2022","FY22-23","August","15","Monday","05:50:04","19:13:27","231","$3,696","3","$100","$2,982","$1,287","$925","$2,170","372","67.7%","252","$11,160","$44.29","Summer"
"486","2022 Aug 16 12:00:00 AM","2022","FY22-23","August","16","Tuesday","05:50:46","19:12:20","179","$2,864","0","$0","$3,023","$2,547","$518","$3,363","372","53.8%","200","$12,315","$61.58","Summer"
"487","2022 Aug 17 12:00:00 AM","2022","FY22-23","August","17","Wednesday","05:51:28","19:11:13","229","$3,664","1","$30","$4,053","$2,968","$737","$2,955","372","67.2%","250","$14,407","$57.63","Summer"
"488","2022 Aug 18 12:00:00 AM","2022","FY22-23","August","18","Thursday","05:52:09","19:10:04","213","$3,408","1","$30","$4,555","$2,253","$373","$2,898","372","62.9%","234","$13,517","$57.76","Summer"
"489","2022 Aug 19 12:00:00 AM","2022","FY22-23","August","19","Friday","05:52:51","19:08:55","255","$4,080","2","$40","$5,524","$5,990","$1,063","$3,322","372","74.2%","276","$20,019","$72.53","Summer"
"490","2022 Aug 20 12:00:00 AM","2022","FY22-23","August","20","Saturday","05:53:32","19:07:45","311","$4,976","1","$10","$5,587","$6,764","$995","$4,243","368","90.2%","332","$22,575","$68","Summer"
"491","2022 Aug 21 12:00:00 AM","2022","FY22-23","August","21","Sunday","05:54:14","19:06:34","226","$3,616","1","$30","$5,256","$5,019","$1,212","$2,632","368","67.1%","247","$17,765","$71.92","Summer"
"492","2022 Aug 22 12:00:00 AM","2022","FY22-23","August","22","Monday","05:54:55","19:05:22","180","$2,880","0","$0","$2,203","$2,587","$802","$2,616","368","54.6%","201","$11,088","$55.16","Summer"
"493","2022 Aug 23 12:00:00 AM","2022","FY22-23","August","23","Tuesday","05:55:36","19:04:10","152","$2,432","1","$60","$2,484","$2,253","$361","$2,761","368","47%","173","$10,351","$59.83","Summer"
"494","2022 Aug 24 12:00:00 AM","2022","FY22-23","August","24","Wednesday","05:56:17","19:02:56","187","$2,992","1","$10","$3,070","$2,124","$919","$3,028","364","57.1%","208","$12,143","$58.38","Summer"
"495","2022 Aug 25 12:00:00 AM","2022","FY22-23","August","25","Thursday","05:56:58","19:01:42","202","$3,232","0","$0","$4,157","$2,819","$977","$2,927","364","61.3%","223","$14,112","$63.28","Summer"
"496","2022 Aug 26 12:00:00 AM","2022","FY22-23","August","26","Friday","05:57:39","19:00:28","319","$5,104","0","$0","$5,944","$5,486","$1,514","$3,890","364","93.4%","340","$21,938","$64.52","Summer"
"497","2022 Aug 27 12:00:00 AM","2022","FY22-23","August","27","Saturday","05:58:20","18:59:12","320","$5,120","3","$70","$8,006","$7,684","$1,278","$3,708","364","93.7%","341","$25,866","$75.85","Summer"
"498","2022 Aug 28 12:00:00 AM","2022","FY22-23","August","28","Sunday","05:59:01","18:57:57","299","$4,784","3","$70","$5,166","$4,769","$1,265","$2,651","360","88.9%","320","$18,705","$58.45","Summer"
"499","2022 Aug 29 12:00:00 AM","2022","FY22-23","August","29","Monday","05:59:41","18:56:40","170","$2,720","1","$15","$2,629","$2,331","$571","$1,871","360","53.1%","191","$10,137","$53.07","Summer"
"500","2022 Aug 30 12:00:00 AM","2022","FY22-23","August","30","Tuesday","06:00:22","18:55:23","146","$2,336","0","$0","$2,703","$2,119","$984","$2,395","360","46.4%","167","$10,537","$63.1","Summer"
"501","2022 Aug 31 12:00:00 AM","2022","FY22-23","August","31","Wednesday","06:01:02","18:54:05","175","$2,800","1","$30","$3,429","$1,978","$1,139","$2,630","360","54.4%","196","$12,006","$61.26","Summer"
"502","2022 Sep 01 12:00:00 AM","2022","FY22-23","September","1","Thursday","06:01:42","18:52:47","198","$3,168","2","$20","$4,625","$2,204","$476","$3,137","356","59.6%","212","$13,630","$64.29","Fall"
"503","2022 Sep 02 12:00:00 AM","2022","FY22-23","September","2","Friday","06:02:22","18:51:28","277","$4,432","5","$90","$6,524","$5,702","$1,555","$3,035","356","86.2%","307","$21,338","$69.5","Fall"
"504","2022 Sep 03 12:00:00 AM","2022","FY22-23","September","3","Saturday","06:03:03","18:50:09","143","$2,288","4","$130","$4,030","$4,068","$1,256","$3,775","356","44.9%","160","$15,547","$97.17","Fall"
"505","2022 Sep 04 12:00:00 AM","2022","FY22-23","September","4","Sunday","06:03:43","18:48:49","244","$3,904","3","$100","$4,869","$5,914","$923","$2,504","356","78.9%","281","$18,214","$64.82","Fall"
"506","2022 Sep 05 12:00:00 AM","2022","FY22-23","September","5","Monday","06:04:23","18:47:29","272","$4,352","4","$135","$4,271","$3,333","$1,363","$2,706","352","82.7%","291","$16,160","$55.53","Fall"
"507","2022 Sep 06 12:00:00 AM","2022","FY22-23","September","6","Tuesday","06:05:03","18:46:09","140","$2,240","1","$25","$1,871","$1,742","$237","$2,018","352","44.6%","157","$8,133","$51.8","Fall"
"508","2022 Sep 07 12:00:00 AM","2022","FY22-23","September","7","Wednesday","06:05:42","18:44:48","169","$2,704","2","$60","$3,281","$2,054","$596","$2,421","352","57.7%","203","$11,116","$54.76","Fall"
"509","2022 Sep 08 12:00:00 AM","2022","FY22-23","September","8","Thursday","06:06:22","18:43:27","212","$3,392","0","$0","$3,457","$2,162","$1,041","$2,417","352","66.8%","235","$12,469","$53.06","Fall"
"510","2022 Sep 09 12:00:00 AM","2022","FY22-23","September","9","Friday","06:07:02","18:42:06","255","$4,080","5","$125","$5,101","$5,592","$1,825","$3,238","348","83.6%","291","$19,961","$68.59","Fall"
"511","2022 Sep 10 12:00:00 AM","2022","FY22-23","September","10","Saturday","06:07:42","18:40:44","284","$4,544","4","$60","$9,087","$5,484","$1,678","$3,831","348","92%","320","$24,684","$77.14","Fall"
"512","2022 Sep 11 12:00:00 AM","2022","FY22-23","September","11","Sunday","06:08:22","18:39:22","176","$2,816","2","$20","$3,706","$3,721","$890","$2,371","348","60.1%","209","$13,524","$64.71","Fall"
"513","2022 Sep 12 12:00:00 AM","2022","FY22-23","September","12","Monday","06:09:02","18:38:00","174","$2,784","2","$40","$2,248","$4,880","$836","$1,961","348","54%","188","$12,749","$67.81","Fall"
"514","2022 Sep 13 12:00:00 AM","2022","FY22-23","September","13","Tuesday","06:09:41","18:36:38","170","$2,720","1","$50","$3,276","$2,156","$444","$3,464","344","53.2%","183","$12,110","$66.17","Fall"
"515","2022 Sep 14 12:00:00 AM","2022","FY22-23","September","14","Wednesday","06:10:21","18:35:15","212","$3,392","3","$80","$3,284","$2,147","$710","$3,107","344","69.2%","238","$12,720","$53.45","Fall"
"516","2022 Sep 15 12:00:00 AM","2022","FY22-23","September","15","Thursday","06:11:01","18:33:53","221","$3,536","2","$90","$4,077","$2,703","$2,281","$3,180","344","71.8%","247","$15,867","$64.24","Fall"
"517","2022 Sep 16 12:00:00 AM","2022","FY22-23","September","16","Friday","06:11:41","18:32:30","279","$4,464","4","$130","$6,967","$6,231","$1,499","$3,841","344","86.6%","298","$23,132","$77.62","Fall"
"518","2022 Sep 17 12:00:00 AM","2022","FY22-23","September","17","Saturday","06:12:21","18:31:07","178","$2,848","6","$310","$6,035","$4,146","$1,491","$4,071","340","59.7%","203","$18,901","$93.11","Fall"
"519","2022 Sep 18 12:00:00 AM","2022","FY22-23","September","18","Sunday","06:13:01","18:29:44","113","$1,808","6","$130","$5,106","$3,871","$985","$2,295","340","44.7%","152","$14,195","$93.39","Fall"
"520","2022 Sep 19 12:00:00 AM","2022","FY22-23","September","19","Monday","06:13:41","18:28:21","214","$3,424","1","$30","$3,102","$2,443","$603","$2,358","340","67.9%","231","$11,960","$51.77","Fall"
"521","2022 Sep 20 12:00:00 AM","2022","FY22-23","September","20","Tuesday","06:14:22","18:26:58","189","$3,024","3","$115","$2,938","$3,008","$842","$3,290","340","59.4%","202","$13,217","$65.43","Fall"
"522","2022 Sep 21 12:00:00 AM","2022","FY22-23","September","21","Wednesday","06:15:02","18:25:35","219","$3,504","0","$0","$2,304","$2,266","$3,387","$2,729","336","66.1%","222","$14,190","$63.92","Fall"
"523","2022 Sep 22 12:00:00 AM","2022","FY22-23","September","22","Thursday","06:15:42","18:24:13","113","$1,808","0","$0","$3,832","$1,120","$1,666","$3,311","336","37.2%","125","$11,737","$93.9","Fall"
"524","2022 Sep 23 12:00:00 AM","2022","FY22-23","September","23","Friday","06:16:23","18:22:50","411","$6,576","4","$34","$5,943","$9,005","$1,570","$3,687","336","135.7%","456","$26,815","$58.8","Fall"
"525","2022 Sep 24 12:00:00 AM","2022","FY22-23","September","24","Saturday","06:17:04","18:21:27","116","$1,856","0","$0","$8,193","$3,950","$1,306","$2,601","336","34.8%","117","$17,906","$153.04","Fall"
"526","2022 Sep 25 12:00:00 AM","2022","FY22-23","September","25","Sunday","06:17:44","18:20:05","261","$4,176","5","$120","$5,169","$4,870","$16,673","$3,066","332","93.4%","310","$34,074","$109.92","Fall"
"527","2022 Sep 26 12:00:00 AM","2022","FY22-23","September","26","Monday","06:18:25","18:18:42","209","$3,344","4","$90","$3,312","$2,815","$877","$2,372","332","70.5%","234","$12,810","$54.74","Fall"
"528","2022 Sep 27 12:00:00 AM","2022","FY22-23","September","27","Tuesday","06:19:07","18:17:20","164","$2,624","0","$0","$3,071","$2,195","$509","$3,287","332","56.3%","187","$11,686","$62.49","Fall"
"529","2022 Sep 28 12:00:00 AM","2022","FY22-23","September","28","Wednesday","06:19:48","18:15:58","217","$3,472","2","$90","$3,960","$2,913","$692","$3,062","332","74.7%","248","$14,189","$57.21","Fall"
"530","2022 Sep 29 12:00:00 AM","2022","FY22-23","September","29","Thursday","06:20:30","18:14:37","271","$4,336","7","$180","$4,758","$3,325","$591","$2,958","328","88.4%","290","$16,148","$55.68","Fall"
"531","2022 Sep 30 12:00:00 AM","2022","FY22-23","September","30","Friday","06:21:11","18:13:15","297","$4,752","0","$0","$8,366","$7,250","$1,151","$3,907","328","102.4%","336","$25,426","$75.67","Fall"
"532","2022 Oct 01 12:00:00 AM","2022","FY22-23","October","1","Saturday","06:21:53","18:11:54","249","$3,984","5","$150","$7,324","$8,990","$861","$4,193","328","78.7%","258","$25,502","$98.84","Fall"
"533","2022 Oct 02 12:00:00 AM","2022","FY22-23","October","2","Sunday","06:22:36","18:10:34","226","$3,616","2","$40","$5,559","$5,788","$738","$1,734","328","97.3%","319","$17,475","$54.78","Fall"
"534","2022 Oct 03 12:00:00 AM","2022","FY22-23","October","3","Monday","06:23:18","18:09:13","272","$4,352","5","$110","$3,210","$3,942","$850","$6,900","324","91.4%","296","$19,364","$65.42","Fall"
"535","2022 Oct 04 12:00:00 AM","2022","FY22-23","October","4","Tuesday","06:24:01","18:07:53","199","$3,184","1","$30","$3,460","$3,502","$378","$3,921","324","74.1%","240","$14,475","$60.31","Fall"
"536","2022 Oct 05 12:00:00 AM","2022","FY22-23","October","5","Wednesday","06:24:44","18:06:34","284","$4,544","9","$342","$4,840","$7,871","$1,374","$4,740","324","97.5%","316","$23,711","$75.03","Fall"
"537","2022 Oct 06 12:00:00 AM","2022","FY22-23","October","6","Thursday","06:25:27","18:05:15","260","$4,160","6","$180","$4,996","$12,146","$996","$3,652","324","92.9%","301","$26,130","$86.81","Fall"
"538","2022 Oct 07 12:00:00 AM","2022","FY22-23","October","7","Friday","06:26:11","18:03:56","290","$4,640","9","$240","$7,392","$11,245","$816","$4,049","320","101.2%","324","$28,382","$87.6","Fall"
"539","2022 Oct 08 12:00:00 AM","2022","FY22-23","October","8","Saturday","06:26:55","18:02:38","420","$6,720","4","$120","$7,856","$7,982","$1,120","$3,140","320","140%","448","$26,938","$60.13","Fall"
"540","2022 Oct 09 12:00:00 AM","2022","FY22-23","October","9","Sunday","06:27:39","18:01:21","142","$2,272","7","$190","$5,595","$7,627","$2,437","$4,507","320","57.8%","185","$22,628","$122.31","Fall"
"541","2022 Oct 10 12:00:00 AM","2022","FY22-23","October","10","Monday","06:28:23","18:00:04","0","$0","0","$0","$553","$2,870","$241","$3,497","320","0%","0","$7,161",,"Fall"
"542","2022 Oct 11 12:00:00 AM","2022","FY22-23","October","11","Tuesday","06:29:08","17:58:48","0","$0","0","$0","$565","$720","$388","$3,868","316","0%","0","$5,541",,"Fall"
"543","2022 Oct 12 12:00:00 AM","2022","FY22-23","October","12","Wednesday","06:29:53","17:57:32","0","$0","0","$0","$912","$592","$202","$5,068","316","0%","0","$6,774",,"Fall"
"544","2022 Oct 13 12:00:00 AM","2022","FY22-23","October","13","Thursday","06:30:39","17:56:18","0","$0","0","$0","$1,942","$266","$77","$4,980","316","0%","0","$7,265",,"Fall"
"545","2022 Oct 14 12:00:00 AM","2022","FY22-23","October","14","Friday","06:31:25","17:55:03","0","$0","0","$0","$4,011","$770","$879","$4,481","316","0%","0","$10,141",,"Fall"
"546","2022 Oct 15 12:00:00 AM","2022","FY22-23","October","15","Saturday","06:32:11","17:53:50","0","$0","0","$0","$866","$149","$217","$2,524","312","0%","0","$3,756",,"Fall"
"547","2022 Oct 16 12:00:00 AM","2022","FY22-23","October","16","Sunday","06:32:58","17:52:37","0","$0","0","$0","$1,057","$1,615","$151","$4,692","312","0%","0","$7,515",,"Fall"
"548","2022 Oct 17 12:00:00 AM","2022","FY22-23","October","17","Monday","06:33:45","17:51:25","0","$0","0","$0","$211","$783","$425","$3,983","312","0%","0","$5,402",,"Fall"
"549","2022 Oct 18 12:00:00 AM","2022","FY22-23","October","18","Tuesday","06:34:32","17:50:14","0","$0","0","$0","$233","$1,802","$366","$3,342","312","0%","0","$5,743",,"Fall"
"550","2022 Oct 19 12:00:00 AM","2022","FY22-23","October","19","Wednesday","06:35:20","17:49:04","0","$0","0","$0","$973","$435","$339","$3,786","308","0%","0","$5,533",,"Fall"
"551","2022 Oct 20 12:00:00 AM","2022","FY22-23","October","20","Thursday","06:36:08","17:47:55","0","$0","0","$0","$1,897","$956","$195","$4,760","308","0%","0","$7,808",,"Fall"
"552","2022 Oct 21 12:00:00 AM","2022","FY22-23","October","21","Friday","06:36:57","17:46:47","223","$3,568","7","$290","$5,964","$16,058","$3,561","$3,829","308","88.6%","273","$33,270","$121.87","Fall"
"553","2022 Oct 22 12:00:00 AM","2022","FY22-23","October","22","Saturday","06:37:45","17:45:39","203","$3,248","6","$190","$5,582","$13,161","$1,004","$4,196","308","89%","274","$27,381","$99.93","Fall"
"554","2022 Oct 23 12:00:00 AM","2022","FY22-23","October","23","Sunday","06:38:35","17:44:33","168","$2,688","11","$210","$4,511","$10,408","$1,319","$4,581","304","80.3%","244","$23,717","$97.2","Fall"
"555","2022 Oct 24 12:00:00 AM","2022","FY22-23","October","24","Monday","06:39:24","17:43:28","206","$3,296","11","$230","$3,141","$11,064","$4,274","$3,984","304","85.2%","259","$25,989","$100.34","Fall"
"556","2022 Oct 25 12:00:00 AM","2022","FY22-23","October","25","Tuesday","06:40:14","17:42:23","140","$2,240","2","$40","$3,041","$9,043","$707","$3,787","304","63.2%","192","$18,858","$98.22","Fall"
"557","2022 Oct 26 12:00:00 AM","2022","FY22-23","October","26","Wednesday","06:41:05","17:41:20","222","$3,552","2","$40","$4,930","$10,784","$775","$4,148","304","91.1%","277","$24,229","$87.47","Fall"
"558","2022 Oct 27 12:00:00 AM","2022","FY22-23","October","27","Thursday","06:41:56","17:40:18","186","$2,976","2","$70","$4,664","$11,487","$473","$3,971","300","86.3%","259","$23,641","$91.28","Fall"
"559","2022 Oct 28 12:00:00 AM","2022","FY22-23","October","28","Friday","06:42:47","17:39:17","182","$2,912","11","$125","$6,371","$10,577","$1,411","$5,039","300","91.3%","274","$26,435","$96.48","Fall"
"560","2022 Oct 29 12:00:00 AM","2022","FY22-23","October","29","Saturday","06:43:39","17:38:17","201","$3,216","14","$200","$5,779","$10,977","$1,667","$4,938","300","91%","273","$26,777","$98.08","Fall"
"561","2022 Oct 30 12:00:00 AM","2022","FY22-23","October","30","Sunday","06:44:30","17:37:19","150","$2,400","12","$140","$5,414","$7,838","$711","$3,715","300","93%","279","$20,218","$72.47","Fall"
"562","2022 Oct 31 12:00:00 AM","2022","FY22-23","October","31","Monday","06:45:23","17:36:21","174","$2,784","5","$42","$2,693","$9,557","$713","$2,536","296","86.5%","256","$18,325","$71.58","Fall"
"563","2022 Nov 01 12:00:00 AM","2022","FY22-23","November","1","Tuesday","06:46:15","17:35:25","132","$2,112","8","$165","$2,921","$7,632","$672","$3,085","296","70.9%","210","$16,587","$78.99","Fall"
"564","2022 Nov 02 12:00:00 AM","2022","FY22-23","November","2","Wednesday","06:47:08","17:34:31","164","$2,624","10","$330","$4,421","$9,038","$499","$5,235","296","88.9%","263","$22,147","$84.21","Fall"
"565","2022 Nov 03 12:00:00 AM","2022","FY22-23","November","3","Thursday","06:48:02","17:33:37","177","$2,832","18","$585","$5,262","$9,762","$1,506","$3,163","296","87.5%","259","$23,110","$89.23","Fall"
"566","2022 Nov 04 12:00:00 AM","2022","FY22-23","November","4","Friday","06:48:55","17:32:45","200","$3,200","12","$412","$7,877","$10,582","$1,256","$4,923","296","84.5%","250","$28,250","$113","Fall"
"567","2022 Nov 05 12:00:00 AM","2022","FY22-23","November","5","Saturday","06:49:49","17:31:55","178","$2,848","6","$220","$5,501","$10,529","$779","$3,988","292","88.4%","258","$23,865","$92.5","Fall"
"568","2022 Nov 06 12:00:00 AM","2022","FY22-23","November","6","Sunday","06:50:43","17:31:05","108","$1,728","6","$55","$5,602","$7,755","$914","$3,968","292","81.8%","239","$20,022","$83.77","Fall"
"569","2022 Nov 07 12:00:00 AM","2022","FY22-23","November","7","Monday","06:51:38","17:30:18","153","$2,448","8","$285","$3,047","$8,835","$876","$3,175","292","74.3%","217","$18,666","$86.02","Fall"
"570","2022 Nov 08 12:00:00 AM","2022","FY22-23","November","8","Tuesday","06:52:32","17:29:31","137","$2,192","4","$100","$3,928","$7,485","$729","$4,491","292","67.5%","197","$18,925","$96.07","Fall"
"571","2022 Nov 09 12:00:00 AM","2022","FY22-23","November","9","Wednesday","06:53:27","17:28:47","127","$2,032","4","$55","$2,441","$7,041","$535","$3,314","288","68.4%","197","$15,418","$78.26","Fall"
"572","2022 Nov 10 12:00:00 AM","2022","FY22-23","November","10","Thursday","06:54:22","17:28:03","157","$2,512","4","$35","$4,309","$8,316","$1,322","$4,147","288","85.8%","247","$20,641","$83.57","Fall"
"573","2022 Nov 11 12:00:00 AM","2022","FY22-23","November","11","Friday","06:55:17","17:27:22","184","$2,944","5","$110","$6,962","$10,181","$1,158","$5,977","288","91.7%","264","$27,332","$103.53","Fall"
"574","2022 Nov 12 12:00:00 AM","2022","FY22-23","November","12","Saturday","06:56:13","17:26:41","0","$59","0","$0","$27,149","$0","$1,728","$0","288","0%","0","$28,936",,"Fall"
"575","2022 Nov 13 12:00:00 AM","2022","FY22-23","November","13","Sunday","06:57:08","17:26:03","165","$2,640","7","$70","$5,058","$7,323","$1,441","$3,674","288","91%","262","$20,206","$77.12","Fall"
"576","2022 Nov 14 12:00:00 AM","2022","FY22-23","November","14","Monday","06:58:04","17:25:26","116","$1,856","3","$100","$2,768","$7,002","$578","$2,978","284","59.2%","168","$15,282","$90.96","Fall"
"577","2022 Nov 15 12:00:00 AM","2022","FY22-23","November","15","Tuesday","06:58:59","17:24:51","107","$1,712","4","$150","$2,921","$5,196","$388","$2,776","284","53.2%","151","$13,143","$87.04","Fall"
"578","2022 Nov 16 12:00:00 AM","2022","FY22-23","November","16","Wednesday","06:59:55","17:24:17","153","$2,448","1","$30","$3,702","$8,734","$790","$3,810","284","74.6%","212","$19,514","$92.05","Fall"
"579","2022 Nov 17 12:00:00 AM","2022","FY22-23","November","17","Thursday","07:00:51","17:23:45","187","$2,992","4","$170","$6,180","$8,787","$946","$3,919","284","93.7%","266","$22,994","$86.44","Fall"
"580","2022 Nov 18 12:00:00 AM","2022","FY22-23","November","18","Friday","07:01:46","17:23:15","181","$2,896","3","$140","$6,632","$9,914","$849","$4,540","284","78.5%","223","$24,971","$111.98","Fall"
"581","2022 Nov 19 12:00:00 AM","2022","FY22-23","November","19","Saturday","07:02:42","17:22:46","183","$2,928","4","$57","$6,051","$7,992","$1,002","$3,905","284","84.9%","241","$21,935","$91.02","Fall"
"582","2022 Nov 20 12:00:00 AM","2022","FY22-23","November","20","Sunday","07:03:37","17:22:20","192","$3,072","4","$57","$5,409","$6,818","$652","$3,276","280","89.3%","250","$19,284","$77.14","Fall"
"583","2022 Nov 21 12:00:00 AM","2022","FY22-23","November","21","Monday","07:04:32","17:21:55","189","$3,024","3","$30","$2,629","$8,790","$739","$2,659","280","90.4%","253","$17,871","$70.64","Fall"
"584","2022 Nov 22 12:00:00 AM","2022","FY22-23","November","22","Tuesday","07:05:28","17:21:32","133","$2,128","1","$10","$2,499","$8,424","$6,168","$3,064","280","66.1%","185","$22,293","$120.5","Fall"
"585","2022 Nov 23 12:00:00 AM","2022","FY22-23","November","23","Wednesday","07:06:22","17:21:10","173","$2,768","1","$30","$4,219","$10,203","$1,051","$4,207","280","87.5%","245","$22,478","$91.75","Fall"
"586","2022 Nov 24 12:00:00 AM","2022","FY22-23","November","24","Thursday","07:07:17","17:20:51","126","$2,016","2","$80","$1,612","$8,204","$683","$1,378","280","63.2%","177","$13,973","$78.94","Fall"
"587","2022 Nov 25 12:00:00 AM","2022","FY22-23","November","25","Friday","07:08:11","17:20:33","180","$2,880","7","$185","$4,732","$13,518","$855","$3,664","280","89.6%","251","$25,834","$102.92","Fall"
"588","2022 Nov 26 12:00:00 AM","2022","FY22-23","November","26","Saturday","07:09:05","17:20:17","157","$2,512","4","$54","$4,508","$8,069","$804","$2,567","276","90.6%","250","$18,514","$74.06","Fall"
"589","2022 Nov 27 12:00:00 AM","2022","FY22-23","November","27","Sunday","07:09:59","17:20:03","186","$2,976","9","$320","$3,790","$10,378","$540","$4,228","276","83.3%","230","$22,232","$96.66","Fall"
"590","2022 Nov 28 12:00:00 AM","2022","FY22-23","November","28","Monday","07:10:52","17:19:51","182","$2,912","3","$70","$2,940","$4,988","$1,085","$2,580","276","74.3%","205","$14,575","$71.1","Fall"
"591","2022 Nov 29 12:00:00 AM","2022","FY22-23","November","29","Tuesday","07:11:45","17:19:40","210","$3,360","1","$60","$2,657.61","$12,920.17","$1,007.83","$2,861","276","90.9%","251","$22,867","$91.1","Fall"
"592","2022 Nov 30 12:00:00 AM","2022","FY22-23","November","30","Wednesday","07:12:37","17:19:32","142","$2,272","0","$0","$4,168.06","$8,807.4","$1,183.91","$3,666.75","276","75.4%","208","$20,098","$96.63","Fall"
"593","2022 Dec 01 12:00:00 AM","2022","FY22-23","December","1","Thursday","07:13:28","17:19:25","165","$2,640","0","$0","$4,620.69","$12,399","$513.82","$3,636","276","81.5%","225","$23,810","$105.82","Winter"
"594","2022 Dec 02 12:00:00 AM","2022","FY22-23","December","2","Friday","07:14:19","17:19:20","168","$2,688","2","$67","$8,230.13","$7,785.55","$744.21","$3,213.01","276","65.9%","182","$22,728","$124.88","Winter"
"595","2022 Dec 03 12:00:00 AM","2022","FY22-23","December","3","Saturday","07:15:10","17:19:17","1","$16","0","$0","$4,073.88","$8,991.5","$764","$2,299.5","276","60.9%","168","$16,145","$96.1","Winter"
"596","2022 Dec 04 12:00:00 AM","2022","FY22-23","December","4","Sunday","07:15:59","17:19:16","96","$1,536","1","$10","$5,370.53","$7,233.75","$597.49","$3,130.32","276","64.9%","179","$17,878","$99.88","Winter"
"597","2022 Dec 05 12:00:00 AM","2022","FY22-23","December","5","Monday","07:16:48","17:19:17","130","$2,080","3","$80","$2,370.78","$9,552.86","$884.79","$2,950","272","70.2%","191","$17,918","$93.81","Winter"
"598","2022 Dec 06 12:00:00 AM","2022","FY22-23","December","6","Tuesday","07:17:36","17:19:20","161","$2,576","0","$0","$2,971.01","$8,219.8","$1,347.5","$3,159.5","272","78.3%","213","$18,274","$85.79","Winter"
"599","2022 Dec 07 12:00:00 AM","2022","FY22-23","December","7","Wednesday","07:18:23","17:19:24","167","$2,672","1","$30","$3,961.92","$9,654","$895.11","$4,251.25","272","84.2%","229","$21,464","$93.73","Winter"
"600","2022 Dec 08 12:00:00 AM","2022","FY22-23","December","8","Thursday","07:19:10","17:19:30","141","$2,256","7","$230","$4,312.09","$10,861.3","$830.42","$3,333.5","272","75.4%","205","$21,823","$106.46","Winter"
"601","2022 Dec 09 12:00:00 AM","2022","FY22-23","December","9","Friday","07:19:55","17:19:39","217","$3,472","2","$120","$7,958.9","$12,355.74","$2,760.68","$3,177","272","83.1%","226","$29,844","$132.05","Winter"
"602","2022 Dec 10 12:00:00 AM","2022","FY22-23","December","10","Saturday","07:20:39","17:19:48","177","$2,832","7","$90","$15,007.31","$16,667.49","$1,166.3","$3,506.6","272","133.1%","362","$39,270","$108.48","Winter"
"603","2022 Dec 11 12:00:00 AM","2022","FY22-23","December","11","Sunday","07:21:23","17:20:00","204","$3,264","16","$454","$4,530.59","$11,790.45","$588.02","$2,803.75","272","95.2%","259","$23,431","$90.47","Winter"
"604","2022 Dec 12 12:00:00 AM","2022","FY22-23","December","12","Monday","07:22:05","17:20:14","86","$1,376","2","$20","$2,019.99","$4,674.19","$696.2","$2,357.05","272","46%","125","$11,143","$89.15","Winter"
"605","2022 Dec 13 12:00:00 AM","2022","FY22-23","December","13","Tuesday","07:22:46","17:20:29","132","$2,112","2","$70","$3,249.95","$7,642.79","$310.38","$3,784.5","272","69.1%","188","$17,170","$91.33","Winter"
"606","2022 Dec 14 12:00:00 AM","2022","FY22-23","December","14","Wednesday","07:23:26","17:20:46","135","$2,160","4","$100","$2,857.17","$8,157.3","$587.3","$2,791.65","272","72.8%","198","$16,653","$84.11","Winter"
"607","2022 Dec 15 12:00:00 AM","2022","FY22-23","December","15","Thursday","07:24:05","17:21:05","142","$2,272","1","$60","$4,554.42","$9,351.85","$514.38","$3,158.12","272","73.5%","200","$19,911","$99.55","Winter"
"608","2022 Dec 16 12:00:00 AM","2022","FY22-23","December","16","Friday","07:24:42","17:21:26","163","$2,608","2","$70","$5,494.97","$12,265.25","$1,526.43","$2,965.5","272","84.2%","229","$24,930","$108.87","Winter"
"609","2022 Dec 17 12:00:00 AM","2022","FY22-23","December","17","Saturday","07:25:18","17:21:48","123","$1,968","1","$10","$4,623.88","$7,411.7","$1,595.49","$3,143.78","272","76.1%","207","$18,753","$90.59","Winter"
"610","2022 Dec 18 12:00:00 AM","2022","FY22-23","December","18","Sunday","07:25:53","17:22:12","154","$2,464","4","$54","$3,501.6","$10,663.9","$5,125.98","$1,996","272","72.8%","198","$23,805","$120.23","Winter"
"611","2022 Dec 19 12:00:00 AM","2022","FY22-23","December","19","Monday","07:26:27","17:22:38","155","$2,480","6","$170","$3,265.94","$9,779.22","$733.52","$3,136","272","80.9%","220","$19,565","$88.93","Winter"
"612","2022 Dec 20 12:00:00 AM","2022","FY22-23","December","20","Tuesday","07:26:59","17:23:05","141","$2,256","2","$90","$3,180.23","$8,633.9","$679.71","$3,441","272","76.5%","208","$18,281","$87.89","Winter"
"613","2022 Dec 21 12:00:00 AM","2022","FY22-23","December","21","Wednesday","07:27:30","17:23:34","147","$2,352","2","$40","$4,016.98","$9,685.3","$1,631.53","$3,527.5","272","77.6%","211","$21,253","$100.73","Winter"
"614","2022 Dec 22 12:00:00 AM","2022","FY22-23","December","22","Thursday","07:27:59","17:24:04","189","$3,024","4","$180","$4,495.02","$10,629.14","$1,688.39","$3,419.5","272","91.9%","250","$23,436","$93.74","Winter"
"615","2022 Dec 23 12:00:00 AM","2022","FY22-23","December","23","Friday","07:28:26","17:24:36","179","$2,864","10","$260","$5,135.99","$13,045.8","$1,141.73","$3,634.5","272","94.9%","258","$26,082","$101.09","Winter"
"616","2022 Dec 24 12:00:00 AM","2022","FY22-23","December","24","Saturday","07:28:53","17:25:09","177","$2,832","4","$140","$3,486.39","$13,131.1","$1,466.51","$1,567","272","83.5%","227","$22,623","$99.66","Winter"
"617","2022 Dec 25 12:00:00 AM","2022","FY22-23","December","25","Sunday","07:29:17","17:25:44","165","$2,640","4","$180","$3,222.01","$8,441.5","$638.49","$1,891.75","272","72.4%","197","$17,014","$86.36","Winter"
"618","2022 Dec 26 12:00:00 AM","2022","FY22-23","December","26","Monday","07:29:40","17:26:20","189","$3,024","4","$60","$4,638.43","$12,766","$636.78","$5,279.5","272","96.3%","262","$26,405","$100.78","Winter"
"619","2022 Dec 27 12:00:00 AM","2022","FY22-23","December","27","Tuesday","07:30:01","17:26:58","186","$2,976","4","$77","$5,613.9","$11,683.5","$515.53","$3,978.5","272","95.2%","259","$24,844","$95.92","Winter"
"620","2022 Dec 28 12:00:00 AM","2022","FY22-23","December","28","Wednesday","07:30:21","17:27:37","68","$1,088","0","$0","$1,649.37","$2,333.39","$1,672.63","$2,788","272","27.6%","75","$9,531","$127.09","Winter"
"621","2022 Dec 29 12:00:00 AM","2022","FY22-23","December","29","Thursday","07:30:39","17:28:17","162","$2,592","4","$130","$4,939.72","$11,361.94","$2,417.43","$3,780.2","272","87.9%","239","$25,221","$105.53","Winter"
"622","2022 Dec 30 12:00:00 AM","2022","FY22-23","December","30","Friday","07:30:55","17:28:58","157","$2,512","6","$200","$4,923.23","$12,791.18","$1,782.49","$4,306","272","91.9%","250","$26,515","$106.06","Winter"
"623","2022 Dec 31 12:00:00 AM","2022","FY22-23","December","31","Saturday","07:31:10","17:29:41","170","$2,720","4","$90","$4,341.62","$11,140.75","$10,637.35","$2,466","272","85.7%","233","$31,396","$134.75","Winter"
"624","2023 Jan 01 12:00:00 AM","2023","FY22-23","January","1","Sunday","07:31:22","17:30:25","84","$1,344","1","$30","$1,392.29","$4,348.2","$211.4","$861.5","272","34.6%","94","$8,187","$87.1","Winter"
"625","2023 Jan 02 12:00:00 AM","2023","FY22-23","January","2","Monday","07:31:34","17:31:10","164","$2,624","7","$160","$3,499.03","$9,623.7","$801.97","$5,466.5","272","81.6%","222","$22,175","$99.89","Winter"
"626","2023 Jan 03 12:00:00 AM","2023","FY22-23","January","3","Tuesday","07:31:43","17:31:56","140","$2,240","0","$0","$2,518.14","$7,054.35","$212.4","$3,659.25","272","68.8%","187","$15,684","$83.87","Winter"
"627","2023 Jan 04 12:00:00 AM","2023","FY22-23","January","4","Wednesday","07:31:50","17:32:43","140","$2,240","3","$50","$2,881.33","$10,451.4","$571.31","$4,593.5","272","79.8%","217","$20,788","$95.8","Winter"
"628","2023 Jan 05 12:00:00 AM","2023","FY22-23","January","5","Thursday","07:31:56","17:33:31","162","$2,592","2","$20","$4,264.96","$10,837.35","$502.58","$4,485.5","272","85.3%","232","$22,702","$97.86","Winter"
"629","2023 Jan 06 12:00:00 AM","2023","FY22-23","January","6","Friday","07:32:00","17:34:20","146","$2,336","7","$230","$6,110.09","$14,744","$938.54","$4,757.5","272","83.5%","227","$29,116","$128.26","Winter"
"630","2023 Jan 07 12:00:00 AM","2023","FY22-23","January","7","Saturday","07:32:02","17:35:10","210","$3,360","0","$0","$8,494.64","$12,591.55","$1,226.02","$4,939.49","272","80.1%","218","$30,612","$140.42","Winter"
"631","2023 Jan 08 12:00:00 AM","2023","FY22-23","January","8","Sunday","07:32:02","17:36:00","154","$2,464","5","$160","$5,465.03","$9,762.9","$965.03","$3,949.64","276","90.6%","250","$22,767","$91.07","Winter"
"632","2023 Jan 09 12:00:00 AM","2023","FY22-23","January","9","Monday","07:32:01","17:36:52","149","$2,384","7","$125","$2,615.74","$11,964.33","$618.73","$2,621.19","276","81.2%","224","$20,329","$90.75","Winter"
"633","2023 Jan 10 12:00:00 AM","2023","FY22-23","January","10","Tuesday","07:31:57","17:37:44","165","$2,640","1","$60","$3,480.89","$10,698.2","$550.58","$3,902","276","83.3%","230","$21,332","$92.75","Winter"
"634","2023 Jan 11 12:00:00 AM","2023","FY22-23","January","11","Wednesday","07:31:52","17:38:37","125","$2,000","3","$130","$4,042.51","$9,122.7","$465.82","$4,500.19","276","76.8%","212","$20,261","$95.57","Winter"
"635","2023 Jan 12 12:00:00 AM","2023","FY22-23","January","12","Thursday","07:31:45","17:39:31","165","$2,640","3","$120","$4,495.68","$13,018.7","$547.37","$4,133.5","276","94.2%","260","$24,955","$95.98","Winter"
"636","2023 Jan 13 12:00:00 AM","2023","FY22-23","January","13","Friday","07:31:36","17:40:25","187","$2,992","3","$70","$8,293.66","$14,799.55","$1,473.39","$6,364.5","276","97.5%","269","$33,993","$126.37","Winter"
"637","2023 Jan 14 12:00:00 AM","2023","FY22-23","January","14","Saturday","07:31:25","17:41:20","200","$3,200","4","$150","$5,330.06","$11,792.8","$894.35","$4,197.5","276","90.2%","249","$25,565","$102.67","Winter"
"638","2023 Jan 15 12:00:00 AM","2023","FY22-23","January","15","Sunday","07:31:13","17:42:15","135","$2,160","2","$120","$4,226.23","$9,162.6","$190.65","$3,173.2","276","80.4%","222","$19,033","$85.73","Winter"
"639","2023 Jan 16 12:00:00 AM","2023","FY22-23","January","16","Monday","07:30:59","17:43:11","116","$1,856","2","$70","$2,133.97","$5,468.8","$194.37","$3,104","280","50.7%","142","$12,827","$90.33","Winter"
"640","2023 Jan 17 12:00:00 AM","2023","FY22-23","January","17","Tuesday","07:30:42","17:44:07","155","$2,480","3","$45","$2,441.43","$9,195.14","$814.74","$3,919","280","77.1%","216","$18,895","$87.48","Winter"
"641","2023 Jan 18 12:00:00 AM","2023","FY22-23","January","18","Wednesday","07:30:25","17:45:03","157","$2,512","1","$30","$3,016.24","$10,234.3","$522.84","$4,243.19","280","88.6%","248","$20,559","$82.9","Winter"
"642","2023 Jan 19 12:00:00 AM","2023","FY22-23","January","19","Thursday","07:30:05","17:46:00","184","$2,944","3","$130","$4,332.98","$11,000.45","$511.56","$3,092","280","88.6%","248","$22,011","$88.75","Winter"
"643","2023 Jan 20 12:00:00 AM","2023","FY22-23","January","20","Friday","07:29:43","17:46:58","181","$2,896","5","$187","$5,481.89","$13,007.9","$1,190.14","$5,738.19","280","91.4%","256","$28,501","$111.33","Winter"
"644","2023 Jan 21 12:00:00 AM","2023","FY22-23","January","21","Saturday","07:29:20","17:47:55","144","$2,304","3","$30","$5,510.28","$9,316.1","$1,032.94","$4,016.54","280","92.5%","259","$22,210","$85.75","Winter"
"645","2023 Jan 22 12:00:00 AM","2023","FY22-23","January","22","Sunday","07:28:55","17:48:53","79","$1,264","4","$40","$4,763.61","$11,530.89","$861.24","$12,693.33","284","73.2%","208","$31,153","$149.77","Winter"
"646","2023 Jan 23 12:00:00 AM","2023","FY22-23","January","23","Monday","07:28:29","17:49:51","141","$2,256","4","$190","$3,053.32","$9,234.55","$448.72","$2,606","284","73.6%","209","$17,789","$85.11","Winter"
"647","2023 Jan 24 12:00:00 AM","2023","FY22-23","January","24","Tuesday","07:28:00","17:50:49","146","$2,336","1","$10","$2,916.51","$8,124.9","$349.8","$3,122","284","67.6%","192","$16,859","$87.81","Winter"
"648","2023 Jan 25 12:00:00 AM","2023","FY22-23","January","25","Wednesday","07:27:30","17:51:47","189","$3,024","0","$0","$2,835.81","$8,368.15","$978.83","$3,538","284","96.1%","273","$18,745","$68.66","Winter"
"649","2023 Jan 26 12:00:00 AM","2023","FY22-23","January","26","Thursday","07:26:58","17:52:45","168","$2,688","2","$70","$3,860.33","$11,412.56","$986.88","$3,748.5","284","84.9%","241","$22,766","$94.47","Winter"
"650","2023 Jan 27 12:00:00 AM","2023","FY22-23","January","27","Friday","07:26:25","17:53:43","178","$2,848","11","$450","$7,376.33","$15,222.92","$785.94","$4,563.5","284","96.5%","274","$31,247","$114.04","Winter"
"651","2023 Jan 28 12:00:00 AM","2023","FY22-23","January","28","Saturday","07:25:50","17:54:41","132","$2,112","1","$10","$9,094.97","$8,746.66","$562.31","$6,000.06","288","78.1%","225","$26,526","$117.89","Winter"
"652","2023 Jan 29 12:00:00 AM","2023","FY22-23","January","29","Sunday","07:25:13","17:55:40","192","$3,072","10","$300","$5,053.16","$14,018.7","$816.99","$3,462","288","92%","265","$26,723","$100.84","Winter"
"653","2023 Jan 30 12:00:00 AM","2023","FY22-23","January","30","Monday","07:24:35","17:56:38","146","$2,336","4","$80","$3,212.78","$10,451.55","$361.07","$3,144.5","288","81.9%","236","$19,586","$82.99","Winter"
"654","2023 Jan 31 12:00:00 AM","2023","FY22-23","January","31","Tuesday","07:23:55","17:57:36","146","$2,336","0","$0","$3,129.53","$7,898.8","$3,208.95","$3,542.75","288","72.6%","209","$20,116","$96.25","Winter"
"655","2023 Feb 01 12:00:00 AM","2023","FY22-23","February","1","Wednesday","07:23:14","17:58:34","154","$2,464","4","$130","$4,457.72","$11,193.2","$814.24","$4,485.25","288","62.8%","181","$23,544","$130.08","Winter"
"656","2023 Feb 02 12:00:00 AM","2023","FY22-23","February","2","Thursday","07:22:31","17:59:32","174","$2,784","1","$13.5","$6,028.53","$11,149.85","$368.59","$5,013","292","92.5%","270","$25,357","$93.92","Winter"
"657","2023 Feb 03 12:00:00 AM","2023","FY22-23","February","3","Friday","07:21:47","18:00:30","235","$3,760","14","$380","$8,477.02","$13,388.7","$1,639.56","$5,730.4","292","96.6%","282","$33,376","$118.35","Winter"
"658","2023 Feb 04 12:00:00 AM","2023","FY22-23","February","4","Saturday","07:21:01","18:01:27","181","$2,896","12","$373.5","$6,812.37","$12,031.65","$1,169.79","$5,359.7","292","91.8%","268","$28,643","$106.88","Winter"
"659","2023 Feb 05 12:00:00 AM","2023","FY22-23","February","5","Sunday","07:20:14","18:02:24","145","$2,320","4","$60","$7,011.46","$10,593.8","$1,399.55","$5,055.9","292","91.8%","268","$26,441","$98.66","Winter"
"660","2023 Feb 06 12:00:00 AM","2023","FY22-23","February","6","Monday","07:19:25","18:03:22","190","$3,040","7","$185","$3,470.69","$11,828.75","$1,649.54","$3,086","296","90.9%","269","$23,260","$86.47","Winter"
"661","2023 Feb 07 12:00:00 AM","2023","FY22-23","February","7","Tuesday","07:18:35","18:04:18","184","$2,944","4","$160","$2,986.65","$10,815.85","$690.13","$4,122","296","84.1%","249","$21,719","$87.22","Winter"
"662","2023 Feb 08 12:00:00 AM","2023","FY22-23","February","8","Wednesday","07:17:44","18:05:15","175","$2,800","4","$110","$4,742.04","$11,161.75","$1,300.46","$3,884.5","296","88.9%","263","$23,999","$91.25","Winter"
"663","2023 Feb 09 12:00:00 AM","2023","FY22-23","February","9","Thursday","07:16:51","18:06:11","223","$3,568","14","$323.5","$8,841","$13,209.9","$1,804.49","$1,639.5","296","95.9%","284","$29,386","$103.47","Winter"
"664","2023 Feb 10 12:00:00 AM","2023","FY22-23","February","10","Friday","07:15:57","18:07:07","228","$3,648","24","$833.5","$11,022.06","$17,664.55","$1,409.29","$4,235.75","300","92%","276","$38,813","$140.63","Winter"
"665","2023 Feb 11 12:00:00 AM","2023","FY22-23","February","11","Saturday","07:15:02","18:08:03","214","$3,424","14","$495","$7,262.87","$14,962.75","$1,287.71","$3,946","300","88.7%","266","$31,378","$117.96","Winter"
"666","2023 Feb 12 12:00:00 AM","2023","FY22-23","February","12","Sunday","07:14:05","18:08:59","146","$2,336","1","$10","$3,722.91","$9,406.24","$867.91","$2,417.75","300","84.3%","253","$18,761","$74.15","Winter"
"667","2023 Feb 13 12:00:00 AM","2023","FY22-23","February","13","Monday","07:13:08","18:09:54","164","$2,624","2","$70","$2,812.41","$10,807.85","$743.83","$2,818","300","78%","234","$19,876","$84.94","Winter"
"668","2023 Feb 14 12:00:00 AM","2023","FY22-23","February","14","Tuesday","07:12:09","18:10:49","120","$1,920","0","$0","$2,004","$9,232.08","$1,243.29","$1,185.44","300","66.3%","199","$15,585","$78.32","Winter"
"669","2023 Feb 15 12:00:00 AM","2023","FY22-23","February","15","Wednesday","07:11:09","18:11:43","165","$2,640","1","$30","$3,142.09","$13,106.19","$1,427.37","$3,652.05","304","76.3%","232","$23,998","$103.44","Winter"
"670","2023 Feb 16 12:00:00 AM","2023","FY22-23","February","16","Thursday","07:10:08","18:12:37","189","$3,024","1","$10","$4,878.52","$11,522.94","$763.35","$3,691","304","84.9%","258","$23,890","$92.6","Winter"
"671","2023 Feb 17 12:00:00 AM","2023","FY22-23","February","17","Friday","07:09:06","18:13:31","191","$3,056","10","$340","$6,826.46","$12,433.5","$994.3","$5,312.25","304","93.4%","284","$28,963","$101.98","Winter"
"672","2023 Feb 18 12:00:00 AM","2023","FY22-23","February","18","Saturday","07:08:02","18:14:24","247","$3,952","3","$33.5","$8,327.27","$10,085.47","$1,621.06","$6,158.28","304","93.4%","284","$30,178","$106.26","Winter"
"673","2023 Feb 19 12:00:00 AM","2023","FY22-23","February","19","Sunday","07:06:58","18:15:18","246","$3,936","5","$140","$7,050.8","$13,226.3","$1,819.69","$5,789.05","308","91.9%","283","$31,962","$112.94","Winter"
"674","2023 Feb 20 12:00:00 AM","2023","FY22-23","February","20","Monday","07:05:53","18:16:10","188","$3,008","4","$110","$5,609.65","$13,992","$946.22","$6,867.4","308","92.5%","285","$30,533","$107.13","Winter"
"675","2023 Feb 21 12:00:00 AM","2023","FY22-23","February","21","Tuesday","07:04:47","18:17:03","183","$2,928","1","$10","$3,402.14","$8,887.22","$1,028.84","$3,895.7","308","77.9%","240","$20,152","$83.97","Winter"
"676","2023 Feb 22 12:00:00 AM","2023","FY22-23","February","22","Wednesday","07:03:39","18:17:55","107","$1,712","4","$130","$2,290.05","$4,110.5","$567.7","$1,825.85","308","43.5%","134","$10,636","$79.37","Winter"
"677","2023 Feb 23 12:00:00 AM","2023","FY22-23","February","23","Thursday","07:02:31","18:18:46","184","$2,944","0","$0","$4,918.33","$11,325","$1,397.16","$4,183.6","312","82.7%","258","$24,768","$96","Winter"
"678","2023 Feb 24 12:00:00 AM","2023","FY22-23","February","24","Friday","07:01:23","18:19:38","215","$3,440","5","$50","$6,471.32","$14,383","$1,909.7","$5,966.2","312","97.8%","305","$32,220","$105.64","Winter"
"679","2023 Feb 25 12:00:00 AM","2023","FY22-23","February","25","Saturday","07:00:13","18:20:28","251","$4,016","2","$20","$8,700.85","$13,965.1","$1,864.13","$6,307.25","312","93.3%","291","$34,873","$119.84","Winter"
"680","2023 Feb 26 12:00:00 AM","2023","FY22-23","February","26","Sunday","06:59:02","18:21:19","264","$4,224","10","$200","$5,567.26","$9,421.61","$1,902.16","$3,605.4","312","93.9%","293","$24,920","$85.05","Winter"
"681","2023 Feb 27 12:00:00 AM","2023","FY22-23","February","27","Monday","06:57:51","18:22:09","206","$3,296","4","$90","$4,656.91","$11,220.9","$983.07","$5,668.85","316","87%","275","$25,916","$94.24","Winter"
"682","2023 Feb 28 12:00:00 AM","2023","FY22-23","February","28","Tuesday","06:56:39","18:22:59","197","$3,152","6","$190","$3,344.36","$10,262.65","$866.16","$5,953.65","316","84.8%","268","$23,769","$88.69","Winter"
"683","2023 Mar 01 12:00:00 AM","2023","FY22-23","March","1","Wednesday","06:55:26","18:23:49","171","$2,736","0","$0","$3,447.56","$7,383","$917.3","$2,046.65","316","73.7%","233","$16,531","$70.95","Spring"
"684","2023 Mar 02 12:00:00 AM","2023","FY22-23","March","2","Thursday","06:54:13","18:24:38","184","$2,944","11","$350","$5,794.45","$12,039","$1,095.49","$6,977.8","316","87.7%","277","$29,201","$105.42","Spring"
"685","2023 Mar 03 12:00:00 AM","2023","FY22-23","March","3","Friday","06:52:59","18:25:27","196","$3,136","15","$420","$8,145.77","$14,842.5","$1,893.2","$6,325.2","320","93.4%","299","$34,763","$116.26","Spring"
"686","2023 Mar 04 12:00:00 AM","2023","FY22-23","March","4","Saturday","06:51:44","18:26:16","244","$3,904","5","$170","$8,666.88","$15,046.7","$1,146.86","$5,421.2","320","90%","288","$34,356","$119.29","Spring"
"687","2023 Mar 05 12:00:00 AM","2023","FY22-23","March","5","Sunday","06:50:29","18:27:04","263","$4,208","8","$228.5","$8,275.76","$10,173.93","$1,305.76","$6,076.92","320","96.6%","309","$30,269","$97.96","Spring"
"688","2023 Mar 06 12:00:00 AM","2023","FY22-23","March","6","Monday","06:49:13","18:27:52","191","$3,056","8","$220","$4,567.43","$12,552.5","$774.45","$4,742.45","320","85%","272","$25,913","$95.27","Spring"
"689","2023 Mar 07 12:00:00 AM","2023","FY22-23","March","7","Tuesday","06:47:57","18:28:39","230","$3,680","7","$240","$4,793.48","$11,736","$528.26","$3,974.25","324","92.6%","300","$24,952","$83.17","Spring"
"690","2023 Mar 08 12:00:00 AM","2023","FY22-23","March","8","Wednesday","06:46:40","18:29:27","196","$3,136","12","$300","$5,314.94","$11,674","$1,155.34","$4,841.2","324","90.4%","293","$26,421","$90.18","Spring"
"691","2023 Mar 09 12:00:00 AM","2023","FY22-23","March","9","Thursday","06:45:23","18:30:14","219","$3,504","4","$140","$6,218.92","$13,352","$1,399.97","$5,361.75","324","93.8%","304","$29,977","$98.61","Spring"
"692","2023 Mar 10 12:00:00 AM","2023","FY22-23","March","10","Friday","06:44:05","18:31:01","239","$3,824","7","$220","$8,958.63","$15,878","$1,410.01","$7,128.9","324","98.5%","319","$37,420","$117.3","Spring"
"693","2023 Mar 11 12:00:00 AM","2023","FY22-23","March","11","Saturday","06:42:47","18:31:48","255","$4,080","17","$604","$12,311.69","$15,648.76","$1,946.7","$6,942.7","328","94.8%","311","$41,534","$133.55","Spring"
"694","2023 Mar 12 12:00:00 AM","2023","FY22-23","March","12","Sunday","06:41:28","18:32:34","294","$4,704","4","$35","$8,264.99","$10,905.55","$1,956.55","$6,682.81","328","99.7%","327","$32,549","$99.54","Spring"
"695","2023 Mar 13 12:00:00 AM","2023","FY22-23","March","13","Monday","06:40:09","18:33:20","245","$3,920","6","$260","$4,341.49","$13,506.25","$738.32","$4,694.6","328","97.6%","320","$27,461","$85.81","Spring"
"696","2023 Mar 14 12:00:00 AM","2023","FY22-23","March","14","Tuesday","06:38:50","18:34:06","206","$3,296","1","$30","$4,879.85","$13,130.5","$600.02","$5,027.25","332","92.5%","307","$26,964","$87.83","Spring"
"697","2023 Mar 15 12:00:00 AM","2023","FY22-23","March","15","Wednesday","06:37:31","18:34:52","117","$1,872","6","$165","$2,638.54","$4,646","$535","$4,328.25","332","49.4%","164","$14,185","$86.49","Spring"
"698","2023 Mar 16 12:00:00 AM","2023","FY22-23","March","16","Thursday","06:36:11","18:35:37","210","$3,360","13","$365","$7,550.3","$13,554.22","$2,068.71","$5,059.75","332","94%","312","$31,958","$102.43","Spring"
"699","2023 Mar 17 12:00:00 AM","2023","FY22-23","March","17","Friday","06:34:51","18:36:23","237","$3,792","10","$340","$9,141.68","$14,806","$1,780.94","$6,639.25","332","91.9%","305","$36,500","$119.67","Spring"
"700","2023 Mar 18 12:00:00 AM","2023","FY22-23","March","18","Saturday","06:33:31","18:37:08","230","$3,680","4","$40","$10,352.22","$10,430.72","$1,641.04","$5,769.69","336","92.9%","312","$31,914","$102.29","Spring"
"701","2023 Mar 19 12:00:00 AM","2023","FY22-23","March","19","Sunday","06:32:11","18:37:53","224","$3,584","5","$125","$7,562.3","$10,481.35","$3,542.5","$5,842.34","336","92.9%","312","$31,137","$99.8","Spring"
"702","2023 Mar 20 12:00:00 AM","2023","FY22-23","March","20","Monday","06:30:51","18:38:38","210","$3,360","8","$150","$4,137.43","$13,099.2","$2,484.56","$4,482.7","336","91.4%","307","$27,714","$90.27","Spring"
"703","2023 Mar 21 12:00:00 AM","2023","FY22-23","March","21","Tuesday","06:29:30","18:39:23","185","$2,960","10","$385","$2,786.55","$8,307","$720.67","$4,896.1","336","73.2%","246","$20,055","$81.53","Spring"
"704","2023 Mar 22 12:00:00 AM","2023","FY22-23","March","22","Wednesday","06:28:10","18:40:07","197","$3,152","2","$20","$4,057.91","$9,368.72","$1,249.85","$4,807.15","340","74.1%","252","$22,656","$89.9","Spring"
"705","2023 Mar 23 12:00:00 AM","2023","FY22-23","March","23","Thursday","06:26:49","18:40:52","217","$3,472","12","$420","$6,644.73","$12,481","$1,240.68","$6,327.14","340","90.6%","308","$30,586","$99.3","Spring"
"706","2023 Mar 24 12:00:00 AM","2023","FY22-23","March","24","Friday","06:25:29","18:41:36","233","$3,728","5","$225","$9,008.16","$15,590","$2,184.8","$5,727.55","340","96.2%","327","$36,464","$111.51","Spring"
"707","2023 Mar 25 12:00:00 AM","2023","FY22-23","March","25","Saturday","06:24:08","18:42:21","256","$4,096","11","$460","$7,958.04","$15,701","$1,580.8","$5,710.25","340","91.5%","311","$35,506","$114.17","Spring"
"708","2023 Mar 26 12:00:00 AM","2023","FY22-23","March","26","Sunday","06:22:48","18:43:05","196","$3,136","11","$340","$7,339.85","$12,565.12","$1,682.02","$6,930.98","344","90.7%","312","$31,994","$102.54","Spring"
"709","2023 Mar 27 12:00:00 AM","2023","FY22-23","March","27","Monday","06:21:27","18:43:49","199","$3,184","4","$40","$3,785.47","$12,013","$551.58","$4,929.35","344","83.7%","288","$24,503","$85.08","Spring"
"710","2023 Mar 28 12:00:00 AM","2023","FY22-23","March","28","Tuesday","06:20:07","18:44:33","226","$3,616","10","$340","$4,636.62","$12,091.83","$1,480.05","$4,943.15","344","87.2%","300","$27,108","$90.36","Spring"
"711","2023 Mar 29 12:00:00 AM","2023","FY22-23","March","29","Wednesday","06:18:47","18:45:17","210","$3,360","4","$100","$5,992","$11,703.61","$2,376.49","$6,953.8","344","86%","296","$30,486","$102.99","Spring"
"712","2023 Mar 30 12:00:00 AM","2023","FY22-23","March","30","Thursday","06:17:27","18:46:01","195","$3,120","1","$120","$4,994.09","$12,491.5","$2,317.06","$4,350.15","348","84.8%","295","$27,393","$92.86","Spring"
"713","2023 Mar 31 12:00:00 AM","2023","FY22-23","March","31","Friday","06:16:07","18:46:46","245","$3,920","24","$1,030","$16,372.86","$15,726.22","$1,225.63","$10,671.75","348","91.1%","317","$48,946","$154.41","Spring"
"714","2023 Apr 01 12:00:00 AM","2023","FY22-23","April","1","Saturday","06:14:47","18:47:30","268","$4,288","3","$50","$8,935.82","$14,849","$1,987.57","$6,671.96","348","89.1%","310","$36,782","$118.65","Spring"
"715","2023 Apr 02 12:00:00 AM","2023","FY22-23","April","2","Sunday","06:13:28","18:48:14","208","$3,328","3","$20","$6,853.93","$13,151.55","$1,799.38","$6,130.73","348","92.2%","321","$31,284","$97.46","Spring"
"716","2023 Apr 03 12:00:00 AM","2023","FY22-23","April","3","Monday","06:12:09","18:48:58","212","$3,392","4","$120","$4,325.19","$12,040.64","$811.02","$4,140.94","352","79.8%","281","$24,830","$88.36","Spring"
"717","2023 Apr 04 12:00:00 AM","2023","FY22-23","April","4","Tuesday","06:10:50","18:49:42","202","$3,232","6","$280","$3,335.57","$11,121","$1,284.7","$3,205.3","352","76.7%","270","$22,459","$83.18","Spring"
"718","2023 Apr 05 12:00:00 AM","2023","FY22-23","April","5","Wednesday","06:09:32","18:50:26","216","$3,456","7","$190","$5,363.86","$13,264.06","$860.05","$12,074.33","352","86.1%","303","$35,208","$116.2","Spring"
"719","2023 Apr 06 12:00:00 AM","2023","FY22-23","April","6","Thursday","06:08:14","18:51:10","221","$3,536","5","$160","$6,966.32","$12,538.06","$996.48","$5,994.61","352","86.4%","304","$30,191","$99.31","Spring"
"720","2023 Apr 07 12:00:00 AM","2023","FY22-23","April","7","Friday","06:06:56","18:51:54","244","$3,904","8","$290","$7,958.67","$15,412","$1,684.43","$6,174.35","356","89.9%","320","$35,423","$110.7","Spring"
"721","2023 Apr 08 12:00:00 AM","2023","FY22-23","April","8","Saturday","06:05:39","18:52:38","183","$2,928","2","$20","$7,956.62","$11,900.41","$1,071.62","$5,466.16","356","91.9%","327","$29,343","$89.73","Spring"
"722","2023 Apr 09 12:00:00 AM","2023","FY22-23","April","9","Sunday","06:04:22","18:53:22","229","$3,664","9","$185","$6,381.21","$13,091.66","$829.77","$4,743.2","356","85.7%","305","$28,895","$94.74","Spring"
"723","2023 Apr 10 12:00:00 AM","2023","FY22-23","April","10","Monday","06:03:05","18:54:06","223","$3,568","7","$160","$4,928.73","$12,646.99","$1,276.34","$5,419.45","356","85.4%","304","$28,000","$92.1","Spring"
"724","2023 Apr 11 12:00:00 AM","2023","FY22-23","April","11","Tuesday","06:01:49","18:54:51","232","$3,712","3","$50","$4,792.66","$11,331","$806.35","$4,690.25","360","82.8%","298","$25,382","$85.18","Spring"
"725","2023 Apr 12 12:00:00 AM","2023","FY22-23","April","12","Wednesday","06:00:34","18:55:35","231","$3,696","3","$50","$5,892.96","$12,187.5","$603.21","$5,706.65","360","88.6%","319","$28,136","$88.2","Spring"
"726","2023 Apr 13 12:00:00 AM","2023","FY22-23","April","13","Thursday","05:59:19","18:56:19","229","$3,664","10","$380","$6,900.88","$13,591.99","$1,065.14","$7,317.64","360","89.7%","323","$32,920","$101.92","Spring"
"727","2023 Apr 14 12:00:00 AM","2023","FY22-23","April","14","Friday","05:58:05","18:57:04","264","$4,224","5","$140","$10,958.18","$16,813","$1,686.75","$6,229.05","360","92.5%","333","$40,051","$120.27","Spring"
"728","2023 Apr 15 12:00:00 AM","2023","FY22-23","April","15","Saturday","05:56:51","18:57:48","192","$3,072","6","$245","$8,287.29","$12,397.74","$1,943.41","$5,826.61","364","85.7%","312","$31,772","$101.83","Spring"
"729","2023 Apr 16 12:00:00 AM","2023","FY22-23","April","16","Sunday","05:55:38","18:58:33","194","$3,104","5","$185","$5,927.18","$12,391","$1,030.61","$4,869.85","364","73.1%","266","$27,508","$103.41","Spring"
"730","2023 Apr 17 12:00:00 AM","2023","FY22-23","April","17","Monday","05:54:26","18:59:18","250","$4,000","4","$100","$4,509.95","$13,430.5","$613.9","$4,251.19","364","86.5%","315","$26,906","$85.41","Spring"
"731","2023 Apr 18 12:00:00 AM","2023","FY22-23","April","18","Tuesday","05:53:14","19:00:03","240","$3,840","1","$30","$4,850.68","$9,862.89","$1,110.06","$4,166.2","364","83.8%","305","$23,860","$78.23","Spring"
"732","2023 Apr 19 12:00:00 AM","2023","FY22-23","April","19","Wednesday","05:52:03","19:00:48","240","$3,840","4","$40","$6,029.02","$13,144","$1,739.27","$5,025.5","368","87.2%","321","$29,818","$92.89","Spring"
"733","2023 Apr 20 12:00:00 AM","2023","FY22-23","April","20","Thursday","05:50:53","19:01:33","234","$3,744","6","$210","$7,881.67","$12,143.48","$1,075.33","$7,336.9","368","85.1%","313","$32,391","$103.49","Spring"
"734","2023 Apr 21 12:00:00 AM","2023","FY22-23","April","21","Friday","05:49:43","19:02:18","244","$3,904","6","$190","$9,396.68","$9,672","$1,765.08","$5,189.6","368","71.2%","262","$30,117","$114.95","Spring"
"735","2023 Apr 22 12:00:00 AM","2023","FY22-23","April","22","Saturday","05:48:35","19:03:03","188","$3,008","0","$0","$9,027.37","$14,728","$1,713.59","$5,225.74","368","52.7%","194","$33,703","$173.73","Spring"
"736","2023 Apr 23 12:00:00 AM","2023","FY22-23","April","23","Sunday","05:47:27","19:03:48","229","$3,664","1","$30","$6,606.16","$12,287.43","$1,043.22","$4,725.71","372","88.7%","330","$28,357","$85.93","Spring"
"737","2023 Apr 24 12:00:00 AM","2023","FY22-23","April","24","Monday","05:46:20","19:04:33","228","$3,648","4","$40","$4,408.86","$11,795.5","$1,146","$4,086.78","372","82.3%","306","$25,125","$82.11","Spring"
"738","2023 Apr 25 12:00:00 AM","2023","FY22-23","April","25","Tuesday","05:45:14","19:05:18","232","$3,712","2","$20","$4,530.3","$10,693","$1,136.32","$5,359.65","372","82.5%","307","$25,451","$82.9","Spring"
"739","2023 Apr 26 12:00:00 AM","2023","FY22-23","April","26","Wednesday","05:44:09","19:06:04","244","$3,904","5","$150","$6,434.52","$10,157","$4,574.04","$4,588.65","372","81.5%","303","$29,808","$98.38","Spring"
"740","2023 Apr 27 12:00:00 AM","2023","FY22-23","April","27","Thursday","05:43:05","19:06:49","249","$3,984","4","$100","$6,773.87","$10,919.19","$902.91","$5,317.3","372","82%","305","$27,997","$91.79","Spring"
"741","2023 Apr 28 12:00:00 AM","2023","FY22-23","April","28","Friday","05:42:01","19:07:35","256","$4,096","22","$855","$13,692.38","$14,549.32","$1,995.9","$7,848.96","376","70.2%","264","$43,038","$163.02","Spring"
"742","2023 Apr 29 12:00:00 AM","2023","FY22-23","April","29","Saturday","05:40:59","19:08:20","237","$3,792","1","$10","$9,321.48","$11,261.81","$1,204.94","$4,305.69","376","77.9%","293","$29,896","$102.03","Spring"
"743","2023 Apr 30 12:00:00 AM","2023","FY22-23","April","30","Sunday","05:39:58","19:09:06","159","$2,544","2","$35","$8,119.89","$10,546.52","$3,220.01","$5,116.05","376","54.3%","204","$29,581","$145.01","Spring"
"744","2023 May 01 12:00:00 AM","2023","FY22-23","May","1","Monday","05:38:58","19:09:51","229","$3,664","3","$130","$3,985.02","$8,691","$687.17","$3,296.7","376","71.5%","269","$20,454","$76.04","Spring"
"745","2023 May 02 12:00:00 AM","2023","FY22-23","May","2","Tuesday","05:37:59","19:10:37","248","$3,968","2","$90","$5,360.99","$8,485.94","$962.97","$4,960.55","380","78.4%","298","$23,828","$79.96","Spring"
"746","2023 May 03 12:00:00 AM","2023","FY22-23","May","3","Wednesday","05:37:01","19:11:22","254","$4,064","7","$180","$7,340.63","$10,278.99","$1,060.49","$4,848.25","380","83.4%","317","$27,772","$87.61","Spring"
"747","2023 May 04 12:00:00 AM","2023","FY22-23","May","4","Thursday","05:36:04","19:12:08","224","$3,584","1","$30","$6,669.95","$8,726.4","$1,639.13","$7,178.7","380","75%","285","$27,828","$97.64","Spring"
"748","2023 May 05 12:00:00 AM","2023","FY22-23","May","5","Friday","05:35:08","19:12:53","252","$4,032","18","$691","$10,085.34","$15,514.5","$1,833.97","$4,228.6","380","82.4%","313","$36,385","$116.25","Spring"
"749","2023 May 06 12:00:00 AM","2023","FY22-23","May","6","Saturday","05:34:13","19:13:39","246","$3,936","12","$370","$8,244.8","$9,446.37","$1,157.66","$6,091.33","380","87.1%","331","$29,246","$88.36","Spring"
"750","2023 May 07 12:00:00 AM","2023","FY22-23","May","7","Sunday","05:33:20","19:14:24","231","$3,696","0","$0","$8,038.96","$10,371.45","$1,526.01","$3,381.1","384","62.8%","241","$27,014","$112.09","Spring"
"751","2023 May 08 12:00:00 AM","2023","FY22-23","May","8","Monday","05:32:28","19:15:10","162","$2,592","6","$240","$12,316.44","$9,530.08","$38,060.85","$3,855.1","384","45.6%","175","$66,594","$380.54","Spring"
"752","2023 May 09 12:00:00 AM","2023","FY22-23","May","9","Tuesday","05:31:37","19:15:55","237","$3,792","3","$70","$4,986.09","$6,907.5","$932.33","$3,859.7","384","72.7%","279","$20,548","$73.65","Spring"
"753","2023 May 10 12:00:00 AM","2023","FY22-23","May","10","Wednesday","05:30:47","19:16:40","253","$4,048","8","$360","$5,984.38","$7,325","$3,029.1","$5,272.8","384","74%","284","$26,019","$91.62","Spring"
"754","2023 May 11 12:00:00 AM","2023","FY22-23","May","11","Thursday","05:29:59","19:17:25","264","$4,224","17","$625","$7,371.52","$8,836.06","$3,094.3","$6,675.54","388","86.9%","337","$30,826","$91.47","Spring"
"755","2023 May 12 12:00:00 AM","2023","FY22-23","May","12","Friday","05:29:12","19:18:09","289","$4,624","10","$420","$7,759.86","$11,853","$1,928.5","$5,648.8","388","89.4%","347","$32,234","$92.89","Spring"
"756","2023 May 13 12:00:00 AM","2023","FY22-23","May","13","Saturday","05:28:26","19:18:54","218","$3,488","0","$0","$10,294.32","$13,581.94","$1,123.58","$4,147.72","388","64.4%","250","$32,636","$130.54","Spring"
"757","2023 May 14 12:00:00 AM","2023","FY22-23","May","14","Sunday","05:27:42","19:19:38","224","$3,584","3","$90","$5,902.01","$10,282","$1,063.54","$3,422.8","388","71.9%","279","$24,344","$87.26","Spring"
"758","2023 May 15 12:00:00 AM","2023","FY22-23","May","15","Monday","05:26:59","19:20:22","208","$3,328","4","$100","$5,471.24","$6,679","$1,532.61","$4,634.85","388","58.2%","226","$21,746","$96.22","Spring"
"759","2023 May 16 12:00:00 AM","2023","FY22-23","May","16","Tuesday","05:26:17","19:21:06","246","$3,936","6","$130","$4,814.37","$6,884","$982.63","$2,712","388","74.7%","290","$19,459","$67.1","Spring"
"760","2023 May 17 12:00:00 AM","2023","FY22-23","May","17","Wednesday","05:25:37","19:21:50","249","$3,984","5","$180","$4,734.57","$6,639","$1,245.96","$4,602.8","392","77.8%","305","$21,386","$70.12","Spring"
"761","2023 May 18 12:00:00 AM","2023","FY22-23","May","18","Thursday","05:24:58","19:22:33","235","$3,760","5","$180","$5,841.06","$7,086.83","$3,842.37","$4,047.55","392","75.3%","295","$24,758","$83.92","Spring"
"762","2023 May 19 12:00:00 AM","2023","FY22-23","May","19","Friday","05:24:21","19:23:16","211","$3,376","15","$545","$5,152.29","$12,545.72","$2,529.96","$6,312.85","392","60.2%","236","$30,462","$129.08","Spring"
"763","2023 May 20 12:00:00 AM","2023","FY22-23","May","20","Saturday","05:23:45","19:23:59","272","$4,352","4","$55","$10,670.99","$8,623.64","$6,085.81","$4,377.24","392","86.2%","338","$34,165","$101.08","Spring"
"764","2023 May 21 12:00:00 AM","2023","FY22-23","May","21","Sunday","05:23:10","19:24:41","255","$4,080","6","$240","$6,622.37","$8,298.95","$1,119.56","$5,961.74","392","84.9%","333","$26,323","$79.05","Spring"
"765","2023 May 22 12:00:00 AM","2023","FY22-23","May","22","Monday","05:22:37","19:25:23","215","$3,440","0","$0","$4,635.8","$6,470.5","$855.25","$3,687.15","392","68.1%","267","$19,089","$71.49","Spring"
"766","2023 May 23 12:00:00 AM","2023","FY22-23","May","23","Tuesday","05:22:06","19:26:04","238","$3,808","4","$120","$4,694.49","$5,865.5","$744.78","$4,127.25","396","68.4%","271","$19,360","$71.44","Spring"
"767","2023 May 24 12:00:00 AM","2023","FY22-23","May","24","Wednesday","05:21:36","19:26:45","251","$4,016","4","$180","$5,362.12","$6,099.24","$1,012.93","$5,363.75","396","75.5%","299","$22,034","$73.69","Spring"
"768","2023 May 25 12:00:00 AM","2023","FY22-23","May","25","Thursday","05:21:08","19:27:25","270","$4,320","5","$210","$6,466.74","$7,626.5","$2,371.29","$4,627","396","81.1%","321","$25,622","$79.82","Spring"
"769","2023 May 26 12:00:00 AM","2023","FY22-23","May","26","Friday","05:20:41","19:28:05","270","$4,320","1","$60","$8,801.64","$11,036.36","$2,661.03","$4,304.15","396","71.2%","282","$31,183","$110.58","Spring"
"770","2023 May 27 12:00:00 AM","2023","FY22-23","May","27","Saturday","05:20:15","19:28:44","242","$3,872","0","$0","$7,035.5","$7,851.9","$2,283.62","$5,494.18","396","77.8%","308","$26,537","$86.16","Spring"
"771","2023 May 28 12:00:00 AM","2023","FY22-23","May","28","Sunday","05:19:51","19:29:22","278","$4,448","4","$100","$7,992.52","$12,362","$700.73","$5,367.95","396","83.8%","332","$30,971","$93.29","Spring"
"772","2023 May 29 12:00:00 AM","2023","FY22-23","May","29","Monday","05:19:29","19:30:00","257","$4,112","1","$30","$6,515.95","$10,355","$1,930.08","$5,214.8","396","75.5%","299","$28,158","$94.17","Spring"
"773","2023 May 30 12:00:00 AM","2023","FY22-23","May","30","Tuesday","05:19:09","19:30:37","219","$3,504","5","$180","$4,030.84","$5,957","$1,152.83","$3,263.55","396","64.1%","254","$18,088","$71.21","Spring"
"774","2023 May 31 12:00:00 AM","2023","FY22-23","May","31","Wednesday","05:18:49","19:31:13","217","$3,472","1","$60","$4,927.42","$5,198","$1,340.62","$4,539.15","400","64%","256","$19,537","$76.32","Spring"
"775","2023 Jun 01 12:00:00 AM","2023","FY22-23","June","1","Thursday","05:18:32","19:31:49","214","$3,424","0","$0","$5,272.3","$5,432.76","$1,665.5","$5,922.3","400","62.7%","251","$21,717","$86.52","Summer"
"776","2023 Jun 02 12:00:00 AM","2023","FY22-23","June","2","Friday","05:18:16","19:32:24","257","$4,112","7","$130","$10,573.96","$8,227","$1,594","$3,718.6","400","74.8%","299","$28,356","$94.83","Summer"
"777","2023 Jun 03 12:00:00 AM","2023","FY22-23","June","3","Saturday","05:18:02","19:32:58","283","$4,528","1","$10","$9,128.13","$8,679.78","$1,559.14","$6,062.33","400","85%","340","$29,967","$88.14","Summer"
"778","2023 Jun 04 12:00:00 AM","2023","FY22-23","June","4","Sunday","05:17:49","19:33:31","251","$4,016","7","$270","$5,304.45","$10,485.67","$1,183.51","$5,202.7","400","76.5%","306","$26,462","$86.48","Summer"
"779","2023 Jun 05 12:00:00 AM","2023","FY22-23","June","5","Monday","05:17:38","19:34:03","31","$496","1","$10","$2,533.86","$4,852","$2,542.26","$3,478.75","400","41%","164","$13,913","$84.83","Summer"
"780","2023 Jun 06 12:00:00 AM","2023","FY22-23","June","6","Tuesday","05:17:28","19:34:35","133","$2,128","3","$90","$4,551.24","$4,673","$832.55","$5,632.45","400","55.5%","222","$17,907","$80.66","Summer"
"781","2023 Jun 07 12:00:00 AM","2023","FY22-23","June","7","Wednesday","05:17:20","19:35:05","123","$1,968","2","$60","$4,113.53","$4,422","$572.91","$4,926.4","400","55.2%","221","$16,063","$72.68","Summer"
"782","2023 Jun 08 12:00:00 AM","2023","FY22-23","June","8","Thursday","05:17:13","19:35:35","151","$2,416","0","$0","$5,731.55","$5,017.99","$1,509.36","$5,344.95","400","58.8%","235","$20,020","$85.19","Summer"
"783","2023 Jun 09 12:00:00 AM","2023","FY22-23","June","9","Friday","05:17:08","19:36:03","297","$4,752","0","$0","$7,561.91","$7,984","$1,170.12","$4,612.4","400","86.3%","345","$26,080","$75.6","Summer"
"784","2023 Jun 10 12:00:00 AM","2023","FY22-23","June","10","Saturday","05:17:05","19:36:30","284","$4,544","2","$70","$6,587.66","$11,955.34","$1,731.78","$4,566.85","400","82.3%","329","$29,456","$89.53","Summer"
"785","2023 Jun 11 12:00:00 AM","2023","FY22-23","June","11","Sunday","05:17:03","19:36:56","250","$4,000","2","$60","$6,993.75","$7,861.47","$1,320.82","$4,709.58","400","85%","340","$24,946","$73.37","Summer"
"786","2023 Jun 12 12:00:00 AM","2023","FY22-23","June","12","Monday","05:17:03","19:37:21","208","$3,328","1","$10","$5,600.68","$3,093.27","$420.92","$4,376.6","404","68.1%","275","$16,829","$61.2","Summer"
"787","2023 Jun 13 12:00:00 AM","2023","FY22-23","June","13","Tuesday","05:17:04","19:37:45","241","$3,856","0","$0","$5,729.29","$2,254.5","$689.77","$4,859.5","404","69.1%","279","$17,389","$62.33","Summer"
"788","2023 Jun 14 12:00:00 AM","2023","FY22-23","June","14","Wednesday","05:17:06","19:38:08","241","$3,856","0","$0","$5,729.29","$2,254.5","$689.77","$4,859.5","404","69.1%","279","$17,389","$62.33","Summer"
"789","2023 Jun 15 12:00:00 AM","2023","FY22-23","June","15","Thursday","05:17:10","19:38:29","214","$3,424","2","$40","$6,031.28","$3,135.9","$1,074.92","$4,118.15","404","63.9%","258","$17,824","$69.09","Summer"
"790","2023 Jun 16 12:00:00 AM","2023","FY22-23","June","16","Friday","05:17:16","19:38:50","252","$4,032","1","$60","$9,897.08","$6,569","$1,429.36","$5,513.95","404","70.5%","285","$27,501","$96.5","Summer"
"791","2023 Jun 17 12:00:00 AM","2023","FY22-23","June","17","Saturday","05:17:23","19:39:09","268","$4,288","2","$60","$7,379.72","$10,311.44","$1,564.27","$4,518.07","404","80.9%","327","$28,122","$86","Summer"
"792","2023 Jun 18 12:00:00 AM","2023","FY22-23","June","18","Sunday","05:17:31","19:39:26","232","$3,712","6","$190","$5,424.89","$6,804","$1,079.87","$3,913.15","404","73.8%","298","$21,124","$70.89","Summer"
"793","2023 Jun 19 12:00:00 AM","2023","FY22-23","June","19","Monday","05:17:41","19:39:42","271","$4,336","6","$140","$5,700.19","$4,113.5","$4,926.15","$4,907.05","404","73.3%","296","$24,123","$81.5","Summer"
"794","2023 Jun 20 12:00:00 AM","2023","FY22-23","June","20","Tuesday","05:17:52","19:39:57","277","$4,432","1","$30","$5,211.18","$2,835.5","$532.08","$4,317.69","404","77.2%","312","$17,358","$55.64","Summer"
"795","2023 Jun 21 12:00:00 AM","2023","FY22-23","June","21","Wednesday","05:18:05","19:40:11","276","$4,416","2","$90","$4,964.93","$3,467","$961.79","$4,495","404","75.7%","306","$18,395","$60.11","Summer"
"796","2023 Jun 22 12:00:00 AM","2023","FY22-23","June","22","Thursday","05:18:19","19:40:23","235","$3,760","1","$30","$5,534.5","$2,826","$12,222.66","$4,034.05","404","65.1%","263","$28,407","$108.01","Summer"
"797","2023 Jun 23 12:00:00 AM","2023","FY22-23","June","23","Friday","05:18:34","19:40:34","300","$4,800","3","$100","$7,436.92","$7,628.27","$2,010.87","$6,323.15","404","88.1%","356","$28,299","$79.49","Summer"
"798","2023 Jun 24 12:00:00 AM","2023","FY22-23","June","24","Saturday","05:18:51","19:40:43","223","$3,568","3","$55","$5,418.54","$5,836.42","$1,903.34","$5,260.5","404","70.8%","286","$22,042","$77.07","Summer"
"799","2023 Jun 25 12:00:00 AM","2023","FY22-23","June","25","Sunday","05:19:09","19:40:51","251","$4,016","3","$50","$5,532.16","$7,056","$1,127.29","$4,398.66","404","78.2%","316","$22,180","$70.19","Summer"
"800","2023 Jun 26 12:00:00 AM","2023","FY22-23","June","26","Monday","05:19:28","19:40:57","232","$3,712","1","$30","$3,194.87","$2,757","$1,437.55","$4,854.8","404","63.9%","258","$15,986","$61.96","Summer"
"801","2023 Jun 27 12:00:00 AM","2023","FY22-23","June","27","Tuesday","05:19:48","19:41:02","219","$3,504","1","$60","$4,501.69","$3,079.77","$859.21","$3,066.25","404","67.1%","271","$15,071","$55.61","Summer"
"802","2023 Jun 28 12:00:00 AM","2023","FY22-23","June","28","Wednesday","05:20:09","19:41:05","54","$864","0","$0","$3,259.15","$3,281.27","$627.85","$5,499.85","404","48.8%","197","$13,532","$68.69","Summer"
"803","2023 Jun 29 12:00:00 AM","2023","FY22-23","June","29","Thursday","05:20:32","19:41:07","29","$464","0","$0","$3,889.75","$3,632.3","$447.15","$3,935.6","404","48.8%","197","$12,369","$62.79","Summer"
"804","2023 Jun 30 12:00:00 AM","2023","FY22-23","June","30","Friday","05:20:56","19:41:07","254","$4,064","7","$210","$6,951.6","$6,496.5","$1,653.95","$4,168.5","404","77%","311","$23,545","$75.71","Summer"
"805","2023 Jul 01 12:00:00 AM","2023","FY23-24","July","1","Saturday","05:21:20","19:41:05","249","$3,984","2","$55","$8,743.24","$5,772.48","$1,373.85","$4,419.66","404","72.8%","294","$24,348","$82.82","Summer"
"806","2023 Jul 02 12:00:00 AM","2023","FY23-24","July","2","Sunday","05:21:46","19:41:02","261","$4,176","3","$100","$4,585.36","$4,864.5","$859.86","$3,736.6","404","73.5%","297","$18,322","$61.69","Summer"
"807","2023 Jul 03 12:00:00 AM","2023","FY23-24","July","3","Monday","05:22:13","19:40:58","287","$4,592","8","$590","$4,027.16","$2,769.5","$826.21","$3,835.6","400","84.5%","338","$16,640","$49.23","Summer"
"808","2023 Jul 04 12:00:00 AM","2023","FY23-24","July","4","Tuesday","05:22:41","19:40:51","218","$3,488","2","$20","$4,248.19","$3,283","$843.32","$3,055.2","400","69.8%","279","$14,938","$53.54","Summer"
"809","2023 Jul 05 12:00:00 AM","2023","FY23-24","July","5","Wednesday","05:23:10","19:40:44","190","$3,040","0","$-345","$3,355.07","$1,644","$467.99","$2,686.85","400","54.2%","217","$10,849","$49.99","Summer"
"810","2023 Jul 06 12:00:00 AM","2023","FY23-24","July","6","Thursday","05:23:39","19:40:34","238","$3,808","1","$10","$5,020.38","$1,942.78","$734.87","$4,946.45","400","67%","268","$16,462","$61.43","Summer"
"811","2023 Jul 07 12:00:00 AM","2023","FY23-24","July","7","Friday","05:24:10","19:40:23","240","$3,840","6","$200","$4,966.25","$4,988.5","$1,585.47","$5,144.3","400","69.3%","277","$20,725","$74.82","Summer"
"812","2023 Jul 08 12:00:00 AM","2023","FY23-24","July","8","Saturday","05:24:41","19:40:10","257","$4,112","4","$125","$5,942.69","$5,130.5","$943.66","$4,383.2","400","74%","296","$20,637","$69.72","Summer"
"813","2023 Jul 09 12:00:00 AM","2023","FY23-24","July","9","Sunday","05:25:13","19:39:56","226","$3,616","0","$0","$5,986.2","$4,393.64","$1,358.28","$4,438.15","400","71.3%","285","$19,792","$69.45","Summer"
"814","2023 Jul 10 12:00:00 AM","2023","FY23-24","July","10","Monday","05:25:46","19:39:40","155","$2,480","2","$60","$2,021.96","$854","$788.76","$2,498.8","400","43.2%","173","$8,704","$50.31","Summer"
"815","2023 Jul 11 12:00:00 AM","2023","FY23-24","July","11","Tuesday","05:26:20","19:39:23","124","$1,984","0","$0","$2,708.88","$316","$1,124.92","$4,335.3","400","37.5%","150","$10,469","$69.79","Summer"
"816","2023 Jul 12 12:00:00 AM","2023","FY23-24","July","12","Wednesday","05:26:55","19:39:04","172","$2,752","3","$90","$3,836.99","$1,632","$688.98","$2,949.05","400","50%","200","$11,949","$59.75","Summer"
"817","2023 Jul 13 12:00:00 AM","2023","FY23-24","July","13","Thursday","05:27:30","19:38:43","224","$3,584","1","$30","$4,954.34","$2,251.18","$939.79","$4,598.65","396","66.4%","263","$16,358","$62.2","Summer"
"818","2023 Jul 14 12:00:00 AM","2023","FY23-24","July","14","Friday","05:28:05","19:38:21","191","$3,056","1","$60","$5,359.93","$3,938.5","$1,173.06","$4,563.4","396","58.3%","231","$18,151","$78.58","Summer"
"819","2023 Jul 15 12:00:00 AM","2023","FY23-24","July","15","Saturday","05:28:42","19:37:57","211","$3,376","0","$0","$4,531.09","$4,871.43","$1,401.95","$3,377.6","396","62.4%","247","$17,558","$71.09","Summer"
"820","2023 Jul 16 12:00:00 AM","2023","FY23-24","July","16","Sunday","05:29:19","19:37:31","228","$3,648","5","$150","$4,221.38","$4,715","$874.88","$2,762.25","396","66.2%","262","$16,372","$62.49","Summer"
"821","2023 Jul 17 12:00:00 AM","2023","FY23-24","July","17","Monday","05:29:56","19:37:04","182","$2,912","1","$10","$2,184.16","$1,923","$940.97","$4,081.6","396","51%","202","$12,052","$59.66","Summer"
"822","2023 Jul 18 12:00:00 AM","2023","FY23-24","July","18","Tuesday","05:30:34","19:36:36","189","$3,024","0","$0","$3,360.64","$1,580","$3,930.71","$3,344.95","396","55.6%","220","$15,240","$69.27","Summer"
"823","2023 Jul 19 12:00:00 AM","2023","FY23-24","July","19","Wednesday","05:31:13","19:36:05","197","$3,152","0","$0","$3,509.41","$1,367.72","$533.64","$2,647.9","396","52.8%","209","$11,211","$53.64","Summer"
"824","2023 Jul 20 12:00:00 AM","2023","FY23-24","July","20","Thursday","05:31:52","19:35:34","199","$3,184","1","$60","$3,991.82","$1,918.12","$1,684.2","$2,431.4","396","61.4%","243","$13,270","$54.61","Summer"
"825","2023 Jul 21 12:00:00 AM","2023","FY23-24","July","21","Friday","05:32:31","19:35:00","184","$2,944","2","$35","$3,802.93","$3,857","$1,071.92","$5,207.3","392","56.6%","222","$16,918","$76.21","Summer"
"826","2023 Jul 22 12:00:00 AM","2023","FY23-24","July","22","Saturday","05:33:11","19:34:26","219","$3,504","0","$0","$5,674.09","$4,574.11","$834.06","$3,745.74","392","62.8%","246","$18,332","$74.52","Summer"
"827","2023 Jul 23 12:00:00 AM","2023","FY23-24","July","23","Sunday","05:33:51","19:33:49","193","$3,088","5","$210","$4,966.09","$4,914","$1,032.49","$4,583.8","392","56.4%","221","$18,794","$85.04","Summer"
"828","2023 Jul 24 12:00:00 AM","2023","FY23-24","July","24","Monday","05:34:31","19:33:12","172","$2,752","0","$0","$2,884.49","$1,537.8","$2,141.48","$2,382.75","392","47.4%","186","$11,699","$62.9","Summer"
"829","2023 Jul 25 12:00:00 AM","2023","FY23-24","July","25","Tuesday","05:35:12","19:32:32","198","$3,168","1","$60","$4,248.33","$1,657.76","$813.24","$2,848.35","392","57.1%","224","$12,796","$57.12","Summer"
"830","2023 Jul 26 12:00:00 AM","2023","FY23-24","July","26","Wednesday","05:35:53","19:31:52","144","$2,304","1","$10","$2,873.35","$1,699","$1,313.95","$4,817.1","392","44.6%","175","$13,017","$74.39","Summer"
"831","2023 Jul 27 12:00:00 AM","2023","FY23-24","July","27","Thursday","05:36:34","19:31:09","217","$3,472","2","$60","$5,001.64","$1,664.69","$832.66","$2,859.75","388","62.6%","243","$13,891","$57.16","Summer"
"832","2023 Jul 28 12:00:00 AM","2023","FY23-24","July","28","Friday","05:37:15","19:30:26","196","$3,136","1","$60","$4,502.97","$3,846","$1,024.26","$6,462.95","388","57.7%","224","$19,032","$84.97","Summer"
"833","2023 Jul 29 12:00:00 AM","2023","FY23-24","July","29","Saturday","05:37:57","19:29:41","246","$3,936","2","$40","$5,331.52","$5,754.5","$1,330.31","$3,551.3","388","73.5%","285","$19,944","$69.98","Summer"
"834","2023 Jul 30 12:00:00 AM","2023","FY23-24","July","30","Sunday","05:38:39","19:28:54","249","$3,984","3","$120","$4,611.75","$4,642.29","$1,262.35","$3,296.03","388","73.7%","286","$17,916","$62.64","Summer"
"835","2023 Jul 31 12:00:00 AM","2023","FY23-24","July","31","Monday","05:39:20","19:28:07","210","$3,360","2","$40","$3,022.72","$1,603","$-156.46","$2,654.4","388","60.3%","234","$10,524","$44.97","Summer"
"836","2023 Aug 01 12:00:00 AM","2023","FY23-24","August","1","Tuesday","05:40:02","19:27:17","255","$4,080","5","$160","$4,576.47","$2,442","$635.27","$3,851.85","384","77.1%","296","$15,746","$53.19","Summer"
"837","2023 Aug 02 12:00:00 AM","2023","FY23-24","August","2","Wednesday","05:40:45","19:26:27","223","$3,568","1","$30","$4,223.76","$1,914","$658.76","$4,470.15","384","68%","261","$14,865","$56.95","Summer"
"838","2023 Aug 03 12:00:00 AM","2023","FY23-24","August","3","Thursday","05:41:27","19:25:35","252","$4,032","4","$40","$5,582.85","$2,318.76","$765.07","$4,171.05","384","75.5%","290","$16,910","$58.31","Summer"
"839","2023 Aug 04 12:00:00 AM","2023","FY23-24","August","4","Friday","05:42:09","19:24:42","208","$3,328","0","$0","$5,333.85","$3,332.5","$987.34","$3,346.79","384","62.2%","239","$16,328","$68.32","Summer"
"840","2023 Aug 05 12:00:00 AM","2023","FY23-24","August","5","Saturday","05:42:51","19:23:48","223","$3,568","4","$150","$5,182.82","$4,442.72","$2,762.94","$3,957.25","384","59.6%","229","$20,064","$87.61","Summer"
"841","2023 Aug 06 12:00:00 AM","2023","FY23-24","August","6","Sunday","05:43:34","19:22:53","192","$3,072","0","$0","$4,498.13","$4,465.09","$2,033.63","$4,092.5","380","72.9%","277","$18,161","$65.56","Summer"
"842","2023 Aug 07 12:00:00 AM","2023","FY23-24","August","7","Monday","05:44:16","19:21:56","211","$3,376","2","$60","$2,443","$1,776","$836.11","$2,131.75","380","61.1%","232","$10,623","$45.79","Summer"
"843","2023 Aug 08 12:00:00 AM","2023","FY23-24","August","8","Tuesday","05:44:58","19:20:58","207","$3,312","1","$30","$3,147.07","$1,842.5","$882.34","$4,214.45","380","61.8%","235","$13,428","$57.14","Summer"
"844","2023 Aug 09 12:00:00 AM","2023","FY23-24","August","9","Wednesday","05:45:41","19:19:59","219","$3,504","0","$0","$5,201.46","$1,831.01","$501.78","$3,578.15","380","65%","247","$14,616","$59.18","Summer"
"845","2023 Aug 10 12:00:00 AM","2023","FY23-24","August","10","Thursday","05:46:23","19:18:59","217","$3,472","2","$90","$5,480.78","$2,027.97","$834.03","$4,050.2","380","67.1%","255","$15,955","$62.57","Summer"
"846","2023 Aug 11 12:00:00 AM","2023","FY23-24","August","11","Friday","05:47:05","19:17:58","230","$3,680","3","$75","$7,975.75","$6,036.9","$1,981.63","$3,954.93","376","70.2%","264","$23,704","$89.79","Summer"
"847","2023 Aug 12 12:00:00 AM","2023","FY23-24","August","12","Saturday","05:47:48","19:16:56","162","$2,592","2","$50","$9,309.33","$6,410.39","$1,330.95","$6,004.59","376","79.3%","298","$25,697","$86.23","Summer"
"848","2023 Aug 13 12:00:00 AM","2023","FY23-24","August","13","Sunday","05:48:30","19:15:52","200","$3,200","1","$30","$6,649.01","$5,510.95","$6,460.98","$5,039.83","376","86.4%","325","$26,891","$82.74","Summer"
"849","2023 Aug 14 12:00:00 AM","2023","FY23-24","August","14","Monday","05:49:12","19:14:48","248","$3,968","4","$120","$2,752.77","$3,013.5","$1,191.26","$3,350.1","376","75.3%","283","$14,396","$50.87","Summer"
"850","2023 Aug 15 12:00:00 AM","2023","FY23-24","August","15","Tuesday","05:49:54","19:13:43","212","$3,392","3","$90","$3,221.43","$1,996.33","$1,071.26","$5,040.47","376","62%","233","$14,811","$63.57","Summer"
"851","2023 Aug 16 12:00:00 AM","2023","FY23-24","August","16","Wednesday","05:50:36","19:12:36","218","$3,488","0","$0","$3,562.03","$2,148.91","$640.02","$3,971.55","372","66.4%","247","$13,811","$55.91","Summer"
"852","2023 Aug 17 12:00:00 AM","2023","FY23-24","August","17","Thursday","05:51:18","19:11:29","203","$3,248","1","$30","$4,810.81","$1,816.92","$630.54","$3,867.35","372","61.3%","228","$14,404","$63.17","Summer"
"853","2023 Aug 18 12:00:00 AM","2023","FY23-24","August","18","Friday","05:51:59","19:10:21","239","$3,824","2","$120","$6,176.19","$5,737","$1,138.57","$4,536.9","372","72.8%","271","$21,533","$79.46","Summer"
"854","2023 Aug 19 12:00:00 AM","2023","FY23-24","August","19","Saturday","05:52:41","19:09:12","279","$4,464","4","$180","$6,310.08","$7,532","$1,179.41","$4,488.5","372","85.2%","317","$24,154","$76.2","Summer"
"855","2023 Aug 20 12:00:00 AM","2023","FY23-24","August","20","Sunday","05:53:23","19:08:02","221","$3,536","2","$90","$6,378.75","$5,690.18","$882.72","$4,419.65","368","80.4%","296","$20,997","$70.94","Summer"
"856","2023 Aug 21 12:00:00 AM","2023","FY23-24","August","21","Monday","05:54:04","19:06:51","224","$3,584","2","$60","$3,317.35","$2,266","$891.3","$4,005.45","368","65.8%","242","$14,124","$58.36","Summer"
"857","2023 Aug 22 12:00:00 AM","2023","FY23-24","August","22","Tuesday","05:54:45","19:05:40","219","$3,504","3","$90","$3,650.36","$3,757.81","$553.06","$3,573.15","368","68.8%","253","$15,128","$59.8","Summer"
"858","2023 Aug 23 12:00:00 AM","2023","FY23-24","August","23","Wednesday","05:55:26","19:04:27","170","$2,720","0","$0","$3,778.1","$1,909.4","$1,503.63","$3,693.6","368","53.8%","198","$13,605","$68.71","Summer"
"859","2023 Aug 24 12:00:00 AM","2023","FY23-24","August","24","Thursday","05:56:08","19:03:14","206","$3,296","5","$120","$4,404.602","$2,517","$935.03","$3,629.65","364","65.9%","240","$14,902","$62.09","Summer"
"860","2023 Aug 25 12:00:00 AM","2023","FY23-24","August","25","Friday","05:56:49","19:02:00","201","$3,216","3","$120","$5,525.82","$4,967","$1,687.3","$3,116.9","364","65.1%","237","$18,633","$78.62","Summer"
"861","2023 Aug 26 12:00:00 AM","2023","FY23-24","August","26","Saturday","05:57:29","19:00:46","218","$3,488","3","$30","$6,565.56","$6,384.33","$1,771.67","$4,501.2","364","62.6%","228","$22,741","$99.74","Summer"
"862","2023 Aug 27 12:00:00 AM","2023","FY23-24","August","27","Sunday","05:58:10","18:59:31","146","$2,336","0","$0","$4,832.26","$4,129.15","$1,389.9","$3,210.96","364","64%","233","$15,898","$68.23","Summer"
"863","2023 Aug 28 12:00:00 AM","2023","FY23-24","August","28","Monday","05:58:51","18:58:15","139","$2,224","0","$0","$2,280.03","$1,990","$820.66","$7,082.35","364","41.2%","150","$14,397","$95.98","Summer"
"864","2023 Aug 29 12:00:00 AM","2023","FY23-24","August","29","Tuesday","05:59:32","18:56:59","91","$1,456","1","$30","$2,694.52","$2,591","$996.11","$3,169.63","360","31.1%","112","$10,937","$97.65","Summer"
"865","2023 Aug 30 12:00:00 AM","2023","FY23-24","August","30","Wednesday","06:00:12","18:55:42","122","$1,952","1","$30","$2,493.13","$1,359","$771.7","$2,764.75","360","38.3%","138","$9,371","$67.9","Summer"
"866","2023 Aug 31 12:00:00 AM","2023","FY23-24","August","31","Thursday","06:00:52","18:54:24","202","$3,232","3","$50","$5,558.12","$2,727.25","$3,606.24","$2,660.78","360","63.1%","227","$17,834","$78.57","Summer"
"867","2023 Sep 01 12:00:00 AM","2023","FY23-24","September","1","Friday","06:01:33","18:53:06","265","$4,240","1","$10","$6,518.72","$6,613","$1,625.59","$5,489.25","360","83.1%","299","$24,497","$81.93","Fall"
"868","2023 Sep 02 12:00:00 AM","2023","FY23-24","September","2","Saturday","06:02:13","18:51:47","226","$3,616","4","$160","$8,344.88","$6,484.93","$2,323.21","$5,289.24","356","82.6%","294","$26,218","$89.18","Fall"
"869","2023 Sep 03 12:00:00 AM","2023","FY23-24","September","3","Sunday","06:02:53","18:50:28","256","$4,096","5","$135","$6,488.58","$7,866","$2,150.84","$5,367.7","356","82.9%","295","$26,104","$88.49","Fall"
"870","2023 Sep 04 12:00:00 AM","2023","FY23-24","September","4","Monday","06:03:33","18:49:09","214","$3,424","2","$90","$4,916.18","$5,023.77","$2,216.93","$4,655.95","356","75%","267","$20,327","$76.13","Fall"
"871","2023 Sep 05 12:00:00 AM","2023","FY23-24","September","5","Tuesday","06:04:13","18:47:49","173","$2,768","3","$115","$3,356.96","$2,987","$975.49","$4,137.6","352","56.5%","199","$14,340","$72.06","Fall"
"872","2023 Sep 06 12:00:00 AM","2023","FY23-24","September","6","Wednesday","06:04:53","18:46:29","168","$2,688","2","$60","$4,175.57","$2,963.5","$992.62","$4,266.5","352","56.5%","199","$15,146","$76.11","Fall"
"873","2023 Sep 07 12:00:00 AM","2023","FY23-24","September","7","Thursday","06:05:33","18:45:08","196","$3,136","6","$260","$4,683.72","$3,708","$2,088.68","$3,805.1","352","71.6%","252","$17,682","$70.16","Fall"
"874","2023 Sep 08 12:00:00 AM","2023","FY23-24","September","8","Friday","06:06:13","18:43:47","219","$3,504","2","$90","$9,787.9","$9,637.04","$3,140.3","$3,483.6","352","63.9%","225","$29,643","$131.75","Fall"
"875","2023 Sep 09 12:00:00 AM","2023","FY23-24","September","9","Saturday","06:06:53","18:42:25","176","$2,816","4","$160","$7,479.49","$6,282.2","$1,372.44","$2,967.73","352","77.6%","273","$21,078","$77.21","Fall"
"876","2023 Sep 10 12:00:00 AM","2023","FY23-24","September","10","Sunday","06:07:33","18:41:04","133","$2,128","0","$0","$4,188.72","$5,087.88","$369.7","$5,024.15","348","72.1%","251","$16,798","$66.93","Fall"
"877","2023 Sep 11 12:00:00 AM","2023","FY23-24","September","11","Monday","06:08:12","18:39:42","134","$2,144","1","$30","$2,381.66","$2,915","$606.6","$2,487.5","348","47.1%","164","$10,565","$64.42","Fall"
"878","2023 Sep 12 12:00:00 AM","2023","FY23-24","September","12","Tuesday","06:08:52","18:38:20","219","$3,504","1","$60","$4,355.25","$2,969","$1,693.94","$3,472.7","348","72.7%","253","$16,055","$63.46","Fall"
"879","2023 Sep 13 12:00:00 AM","2023","FY23-24","September","13","Wednesday","06:09:32","18:36:58","165","$2,640","0","$0","$4,244.05","$3,788","$1,279.83","$3,943.3","344","65.4%","225","$15,895","$70.65","Fall"
"880","2023 Sep 14 12:00:00 AM","2023","FY23-24","September","14","Thursday","06:10:12","18:35:35","199","$3,184","2","$60","$4,847.53","$4,111.78","$1,413.08","$5,497.5","344","72.1%","248","$19,114","$77.07","Fall"
"881","2023 Sep 15 12:00:00 AM","2023","FY23-24","September","15","Friday","06:10:52","18:34:13","244","$3,904","2","$90","$6,161.18","$6,884.9","$5,665.81","$2,839.4","344","82%","282","$25,545","$90.59","Fall"
"882","2023 Sep 16 12:00:00 AM","2023","FY23-24","September","16","Saturday","06:11:32","18:32:50","246","$3,936","4","$140","$5,913.28","$8,572.8","$2,988.41","$3,561","344","77.9%","268","$25,111","$93.7","Fall"
"883","2023 Sep 17 12:00:00 AM","2023","FY23-24","September","17","Sunday","06:12:12","18:31:27","202","$3,232","3","$90","$5,346.01","$5,909.89","$888.01","$3,789.1","340","79.4%","270","$19,255","$71.31","Fall"
"884","2023 Sep 18 12:00:00 AM","2023","FY23-24","September","18","Monday","06:12:52","18:30:04","157","$2,512","0","$0","$2,861.7","$3,268","$577.76","$2,678.85","340","53.5%","182","$11,898","$65.38","Fall"
"885","2023 Sep 19 12:00:00 AM","2023","FY23-24","September","19","Tuesday","06:13:32","18:28:41","184","$2,944","2","$60","$3,813.38","$3,340","$1,316.31","$4,702.8","340","60.9%","207","$16,176","$78.15","Fall"
"886","2023 Sep 20 12:00:00 AM","2023","FY23-24","September","20","Wednesday","06:14:12","18:27:18","100","$1,600","0","$0","$3,430.25","$1,240","$944.4","$5,123.5","340","33.8%","115","$12,338","$107.29","Fall"
"887","2023 Sep 21 12:00:00 AM","2023","FY23-24","September","21","Thursday","06:14:52","18:25:55","391","$6,256","3","$135","$6,529.89","$8,035.45","$2,475.45","$7,128.25","336","127.7%","429","$30,560","$71.24","Fall"
"888","2023 Sep 22 12:00:00 AM","2023","FY23-24","September","22","Friday","06:15:33","18:24:33","253","$4,048","6","$180","$7,239.94","$6,546","$1,434.72","$4,725.07","336","85.7%","288","$24,174","$83.94","Fall"
"889","2023 Sep 23 12:00:00 AM","2023","FY23-24","September","23","Saturday","06:16:13","18:23:10","224","$3,584","5","$185","$7,614.05","$6,767.12","$1,415.59","$6,474.37","336","86.9%","292","$26,040","$89.18","Fall"
"890","2023 Sep 24 12:00:00 AM","2023","FY23-24","September","24","Sunday","06:16:54","18:21:47","199","$3,184","3","$90","$5,094.18","$7,106","$782.05","$3,287.3","336","71.7%","241","$19,544","$81.09","Fall"
"891","2023 Sep 25 12:00:00 AM","2023","FY23-24","September","25","Monday","06:17:35","18:20:25","139","$2,224","1","$30","$6,608.56","$5,122.93","$985.63","$2,312.2","332","44%","146","$17,283","$118.38","Fall"
"892","2023 Sep 26 12:00:00 AM","2023","FY23-24","September","26","Tuesday","06:18:16","18:19:02","202","$3,232","0","$0","$4,346.94","$4,066.8","$726.91","$4,600.25","332","70.5%","234","$16,973","$72.53","Fall"
"893","2023 Sep 27 12:00:00 AM","2023","FY23-24","September","27","Wednesday","06:18:57","18:17:40","193","$3,088","0","$0","$9,234.03","$3,620","$1,530.61","$8,256.4","332","69.3%","230","$25,729","$111.87","Fall"
"894","2023 Sep 28 12:00:00 AM","2023","FY23-24","September","28","Thursday","06:19:38","18:16:18","192","$3,072","6","$110","$5,090.37","$4,652.51","$1,840.91","$3,858.05","332","71.7%","238","$18,624","$78.25","Fall"
"895","2023 Sep 29 12:00:00 AM","2023","FY23-24","September","29","Friday","06:20:20","18:14:56","230","$3,680","4","$120","$8,419.83","$7,448","$2,413.96","$5,320.96","328","79.6%","261","$27,403","$104.99","Fall"
"896","2023 Sep 30 12:00:00 AM","2023","FY23-24","September","30","Saturday","06:21:01","18:13:35","249","$3,984","2","$60","$8,278.07","$4,988.16","$689.58","$4,829.55","328","82.3%","270","$22,829","$84.55","Fall"
"897","2023 Oct 01 12:00:00 AM","2023","FY23-24","October","1","Sunday","06:21:43","18:12:14","228","$3,648","1","$30","$6,672.64","$7,273.32","$1,072.64","$7,176.62","328","91.5%","300","$25,873","$86.24","Fall"
"898","2023 Oct 02 12:00:00 AM","2023","FY23-24","October","2","Monday","06:22:25","18:10:53","241","$3,856","0","$0","$4,008.39","$9,773","$1,699.04","$6,771.25","328","86.6%","284","$26,108","$91.93","Fall"
"899","2023 Oct 03 12:00:00 AM","2023","FY23-24","October","3","Tuesday","06:23:08","18:09:33","212","$3,392","6","$180","$3,445.56","$10,665.68","$621.7","$3,317.05","324","80.9%","262","$21,622","$82.53","Fall"
"900","2023 Oct 04 12:00:00 AM","2023","FY23-24","October","4","Wednesday","06:23:51","18:08:13","226","$3,616","1","$30","$4,089.61","$6,946","$904.65","$5,471.75","324","79.9%","259","$21,058","$81.31","Fall"
"901","2023 Oct 05 12:00:00 AM","2023","FY23-24","October","5","Thursday","06:24:34","18:06:53","248","$3,968","1","$60","$7,130.7","$11,454","$4,420.01","$3,560.75","324","89.8%","291","$30,593","$105.13","Fall"
"902","2023 Oct 06 12:00:00 AM","2023","FY23-24","October","6","Friday","06:25:17","18:05:34","279","$4,464","9","$300","$8,327.39","$10,204","$2,257.96","$5,101.4","324","93.2%","302","$30,655","$101.51","Fall"
"903","2023 Oct 07 12:00:00 AM","2023","FY23-24","October","7","Saturday","06:26:00","18:04:15","252","$4,032","13","$150","$7,420.72","$7,983.38","$1,270.02","$4,944.4","320","79.1%","253","$25,801","$101.98","Fall"
"904","2023 Oct 08 12:00:00 AM","2023","FY23-24","October","8","Sunday","06:26:44","18:02:57","231","$3,696","2","$120","$6,550.47","$8,810.49","$1,445.73","$4,083.09","320","88.7%","284","$24,706","$86.99","Fall"
"905","2023 Oct 09 12:00:00 AM","2023","FY23-24","October","9","Monday","06:27:28","18:01:40","0","$0","0","$0","$1,151.79","$1,072","$324.55","$5,023.23","320","0%","0","$7,572",,"Fall"
"906","2023 Oct 10 12:00:00 AM","2023","FY23-24","October","10","Tuesday","06:28:13","18:00:23","0","$0","0","$0","$1,687.59","$974","$922.48","$3,424.35","320","0%","0","$7,008",,"Fall"
"907","2023 Oct 11 12:00:00 AM","2023","FY23-24","October","11","Wednesday","06:28:57","17:59:06","0","$0","0","$0","$3,362.31","$806","$298.47","$4,530.65","316","0%","0","$8,997",,"Fall"
"908","2023 Oct 12 12:00:00 AM","2023","FY23-24","October","12","Thursday","06:29:43","17:57:51","0","$0","0","$0","$2,687.95","$1,061","$1,432.24","$4,110.05","316","0%","0","$9,291",,"Fall"
"909","2023 Oct 13 12:00:00 AM","2023","FY23-24","October","13","Friday","06:30:28","17:56:36","0","$0","0","$0","$2,733.94","$781","$429.62","$5,571.6","316","0%","0","$9,516",,"Fall"
"910","2023 Oct 14 12:00:00 AM","2023","FY23-24","October","14","Saturday","06:31:14","17:55:21","0","$0","0","$0","$1,931.11","$747","$618.41","$4,072.75","316","0%","0","$7,369",,"Fall"
"911","2023 Oct 15 12:00:00 AM","2023","FY23-24","October","15","Sunday","06:32:00","17:54:08","0","$0","0","$0","$2,169.91","$512","$588.77","$3,882.25","312","0%","0","$7,153",,"Fall"
"912","2023 Oct 16 12:00:00 AM","2023","FY23-24","October","16","Monday","06:32:47","17:52:55","0","$0","0","$0","$973.84","$236","$119.86","$5,120.88","312","0%","0","$6,451",,"Fall"
"913","2023 Oct 17 12:00:00 AM","2023","FY23-24","October","17","Tuesday","06:33:33","17:51:43","0","$0","0","$0","$1,619.53","$896","$350.9","$3,469.6","312","0%","0","$6,336",,"Fall"
"914","2023 Oct 18 12:00:00 AM","2023","FY23-24","October","18","Wednesday","06:34:21","17:50:31","0","$0","0","$0","$2,263.92","$216","$380.81","$4,762.6","312","0%","0","$7,623",,"Fall"
"915","2023 Oct 19 12:00:00 AM","2023","FY23-24","October","19","Thursday","06:35:08","17:49:21","0","$0","0","$0","$2,621.51","$443","$817.97","$4,095.35","308","0%","0","$7,978",,"Fall"
"916","2023 Oct 20 12:00:00 AM","2023","FY23-24","October","20","Friday","06:35:56","17:48:11","203","$3,248","17","$710.01","$7,040.76","$12,310.2","$894.27","$4,621.8","308","80.5%","248","$28,825","$116.23","Fall"
"917","2023 Oct 21 12:00:00 AM","2023","FY23-24","October","21","Saturday","06:36:45","17:47:03","218","$3,488","33","$980","$7,828.4","$12,621.77","$1,214.5","$4,315.75","308","85.1%","262","$30,448","$116.22","Fall"
"918","2023 Oct 22 12:00:00 AM","2023","FY23-24","October","22","Sunday","06:37:34","17:45:55","191","$3,056","3","$150","$5,029.06","$11,661","$987.82","$3,257.3","308","79.9%","246","$24,141","$98.13","Fall"
"919","2023 Oct 23 12:00:00 AM","2023","FY23-24","October","23","Monday","06:38:23","17:44:49","171","$2,736","10","$210","$4,222.52","$11,896","$934.49","$3,154.6","304","79.9%","243","$23,154","$95.28","Fall"
"920","2023 Oct 24 12:00:00 AM","2023","FY23-24","October","24","Tuesday","06:39:12","17:43:43","135","$2,160","7","$180","$3,282.39","$10,670.5","$555.89","$10,361.85","304","66.4%","202","$27,211","$134.71","Fall"
"921","2023 Oct 25 12:00:00 AM","2023","FY23-24","October","25","Wednesday","06:40:02","17:42:39","169","$2,704","5","$134","$5,424.31","$12,879","$703.23","$5,511.1","304","87.2%","265","$27,356","$103.23","Fall"
"922","2023 Oct 26 12:00:00 AM","2023","FY23-24","October","26","Thursday","06:40:53","17:41:35","153","$2,448","6","$134","$5,570.85","$12,692","$1,428.51","$5,334.2","304","81.6%","248","$27,608","$111.32","Fall"
"923","2023 Oct 27 12:00:00 AM","2023","FY23-24","October","27","Friday","06:41:43","17:40:33","189","$3,024","24","$950","$7,361.55","$14,327","$1,646.45","$4,918.95","300","85.7%","257","$32,228","$125.4","Fall"
"924","2023 Oct 28 12:00:00 AM","2023","FY23-24","October","28","Saturday","06:42:35","17:39:32","188","$3,008","10","$330","$6,409.02","$11,841.5","$1,104.36","$4,870.85","300","82.7%","248","$27,564","$111.14","Fall"
"925","2023 Oct 29 12:00:00 AM","2023","FY23-24","October","29","Sunday","06:43:26","17:38:31","171","$2,736","2","$20","$5,360.42","$11,545","$759.79","$6,508.55","300","81.3%","244","$26,930","$110.37","Fall"
"926","2023 Oct 30 12:00:00 AM","2023","FY23-24","October","30","Monday","06:44:18","17:37:33","183","$2,928","12","$420","$3,646.46","$10,716.15","$603.02","$2,986.4","300","76%","228","$21,300","$93.42","Fall"
"927","2023 Oct 31 12:00:00 AM","2023","FY23-24","October","31","Tuesday","06:45:10","17:36:35","135","$2,160","2","$90","$3,110.39","$10,026","$1,935.61","$2,054.99","296","71.3%","211","$19,377","$91.83","Fall"
"928","2023 Nov 01 12:00:00 AM","2023","FY23-24","November","1","Wednesday","06:46:03","17:35:39","144","$2,304","1","$30","$3,282.43","$9,438","$703.11","$4,316.1","296","81.4%","241","$20,074","$83.29","Fall"
"929","2023 Nov 02 12:00:00 AM","2023","FY23-24","November","2","Thursday","06:46:55","17:34:44","163","$2,608","5","$150","$6,188.57","$11,376.6","$927.8","$5,716.99","296","86.5%","256","$26,968","$105.34","Fall"
"930","2023 Nov 03 12:00:00 AM","2023","FY23-24","November","3","Friday","06:47:49","17:33:50","186","$2,976","14","$575","$7,169.76","$11,266","$1,023.99","$6,002.45","296","87.5%","259","$29,013","$112.02","Fall"
"931","2023 Nov 04 12:00:00 AM","2023","FY23-24","November","4","Saturday","06:48:42","17:32:58","175","$2,800","8","$100","$7,978.85","$7,604.32","$749","$5,699.3","296","62.2%","184","$24,931","$135.5","Fall"
"932","2023 Nov 05 12:00:00 AM","2023","FY23-24","November","5","Sunday","06:49:36","17:32:07","414","$6,624","5","$80","$7,033.91","$11,162.25","$1,318.57","$5,125.39","292","159.2%","465","$31,344","$67.41","Fall"
"933","2023 Nov 06 12:00:00 AM","2023","FY23-24","November","6","Monday","06:50:30","17:31:17","192","$3,072","7","$170","$3,438.79","$11,750.54","$951.85","$4,735.55","292","87.3%","255","$24,119","$94.58","Fall"
"934","2023 Nov 07 12:00:00 AM","2023","FY23-24","November","7","Tuesday","06:51:24","17:30:29","172","$2,752","1","$60","$3,771.18","$9,613","$612.65","$4,436.1","292","78.4%","229","$21,245","$92.77","Fall"
"935","2023 Nov 08 12:00:00 AM","2023","FY23-24","November","8","Wednesday","06:52:19","17:29:42","161","$2,576","6","$140","$5,496.44","$11,077","$826.47","$5,516.51","292","86.6%","253","$25,632","$101.31","Fall"
"936","2023 Nov 09 12:00:00 AM","2023","FY23-24","November","9","Thursday","06:53:14","17:28:57","8","$128","6","$110","$5,102.28","$8,149.75","$644.06","$4,459.7","288","31.3%","90","$18,594","$206.6","Fall"
"937","2023 Nov 10 12:00:00 AM","2023","FY23-24","November","10","Friday","06:54:09","17:28:13","197","$3,152","11","$250","$9,752.15","$12,854","$1,040.08","$7,945.25","288","92.7%","267","$34,993","$131.06","Fall"
"938","2023 Nov 11 12:00:00 AM","2023","FY23-24","November","11","Saturday","06:55:04","17:27:31","125","$2,000","5","$170","$8,412.47","$6,359.38","$866.97","$5,699.64","288","52.4%","151","$23,508","$155.69","Fall"
"939","2023 Nov 12 12:00:00 AM","2023","FY23-24","November","12","Sunday","06:55:59","17:26:51","311","$4,976","6","$160","$6,133.73","$8,977.07","$663.86","$3,149.21","288","122.6%","353","$24,060","$68.16","Fall"
"940","2023 Nov 13 12:00:00 AM","2023","FY23-24","November","13","Monday","06:56:55","17:26:12","167","$2,672","2","$20","$3,646.14","$9,238","$760.37","$4,679.95","288","75.7%","218","$21,016","$96.41","Fall"
"941","2023 Nov 14 12:00:00 AM","2023","FY23-24","November","14","Tuesday","06:57:50","17:25:35","143","$2,288","2","$40","$4,622.54","$9,983","$1,527.41","$4,602.64","288","77.4%","223","$23,064","$103.42","Fall"
"942","2023 Nov 15 12:00:00 AM","2023","FY23-24","November","15","Wednesday","06:58:46","17:24:59","147","$2,352","2","$60","$4,343.45","$9,217.5","$230.29","$4,447.7","284","78.5%","223","$20,651","$92.61","Fall"
"943","2023 Nov 16 12:00:00 AM","2023","FY23-24","November","16","Thursday","06:59:41","17:24:25","176","$2,816","3","$45","$4,865.9","$10,550","$452.55","$4,520.6","284","88.7%","252","$23,250","$92.26","Fall"
"944","2023 Nov 17 12:00:00 AM","2023","FY23-24","November","17","Friday","07:00:37","17:23:53","216","$3,456","30","$380","$8,471.54","$13,305.6","$874.1","$5,222.74","284","87.3%","248","$31,710","$127.86","Fall"
"945","2023 Nov 18 12:00:00 AM","2023","FY23-24","November","18","Saturday","07:01:33","17:23:22","221","$3,536","3","$130","$7,885.59","$13,041","$1,934.66","$3,640.2","284","89.1%","253","$30,167","$119.24","Fall"
"946","2023 Nov 19 12:00:00 AM","2023","FY23-24","November","19","Sunday","07:02:28","17:22:53","155","$2,480","4","$100","$5,219.96","$8,644.68","$1,133.8","$6,693.89","284","89.1%","253","$24,272","$95.94","Fall"
"947","2023 Nov 20 12:00:00 AM","2023","FY23-24","November","20","Monday","07:03:24","17:22:26","180","$2,880","0","$0","$3,283.74","$10,283.33","$477.91","$4,578.96","280","83.9%","235","$21,504","$91.51","Fall"
"948","2023 Nov 21 12:00:00 AM","2023","FY23-24","November","21","Tuesday","07:04:19","17:22:00","183","$2,928","0","$0","$4,377.54","$11,617.33","$740.5","$5,737.24","280","85%","238","$25,401","$106.73","Fall"
"949","2023 Nov 22 12:00:00 AM","2023","FY23-24","November","22","Wednesday","07:05:14","17:21:37","205","$3,280","2","$10","$5,215.8","$11,552.5","$706.6","$6,310.43","280","95.4%","267","$27,075","$101.41","Fall"
"950","2023 Nov 23 12:00:00 AM","2023","FY23-24","November","23","Thursday","07:06:09","17:21:15","193","$3,088","6","$210","$2,619.8","$10,952","$870.85","$1,483.45","280","86.4%","242","$19,224","$79.44","Fall"
"951","2023 Nov 24 12:00:00 AM","2023","FY23-24","November","24","Friday","07:07:04","17:20:55","187","$2,992","7","$190","$5,585.5","$13,169","$1,313.96","$7,662.55","280","83.9%","235","$30,913","$131.54","Fall"
"952","2023 Nov 25 12:00:00 AM","2023","FY23-24","November","25","Saturday","07:07:58","17:20:37","209","$3,344","3","$70","$6,708.95","$13,331.62","$734.04","$5,798.24","280","89.6%","251","$29,987","$119.47","Fall"
"953","2023 Nov 26 12:00:00 AM","2023","FY23-24","November","26","Sunday","07:08:52","17:20:20","157","$2,512","2","$40","$4,974.38","$7,695.86","$2,083.12","$4,978.82","280","85.4%","239","$22,284","$93.24","Fall"
"954","2023 Nov 27 12:00:00 AM","2023","FY23-24","November","27","Monday","07:09:46","17:20:06","164","$2,624","3","$50","$2,722.95","$10,735","$431.53","$3,734.45","276","81.2%","224","$20,298","$90.62","Fall"
"955","2023 Nov 28 12:00:00 AM","2023","FY23-24","November","28","Tuesday","07:10:39","17:19:53","232","$3,712","3","$100","$4,229.73","$8,913","$1,064.73","$4,886.3","276","100%","276","$22,906","$82.99","Fall"
"956","2023 Nov 29 12:00:00 AM","2023","FY23-24","November","29","Wednesday","07:11:32","17:19:42","146","$2,336","0","$0","$3,567.47","$10,970.54","$479.84","$5,546.88","276","84.8%","234","$22,901","$97.87","Fall"
"957","2023 Nov 30 12:00:00 AM","2023","FY23-24","November","30","Thursday","07:12:24","17:19:33","172","$2,752","0","$0","$4,251.44","$10,089","$619.51","$4,908.45","276","85.5%","236","$22,620","$95.85","Fall"
"958","2023 Dec 01 12:00:00 AM","2023","FY23-24","December","1","Friday","07:13:16","17:19:26","184","$2,944","10","$370","$6,849.49","$13,057.3","$1,854.55","$5,293.7","276","87%","240","$30,369","$126.54","Winter"
"959","2023 Dec 02 12:00:00 AM","2023","FY23-24","December","2","Saturday","07:14:07","17:19:21","260","$4,160","1","$30","$17,398.57","$13,360.52","$2,266.1","$5,229.45","276","94.2%","260","$42,445","$163.25","Winter"
"960","2023 Dec 03 12:00:00 AM","2023","FY23-24","December","3","Sunday","07:14:58","17:19:17","223","$3,568","4","$120","$6,836.41","$8,260.59","$871.69","$4,103.77","276","94.6%","261","$23,760","$91.04","Winter"
"961","2023 Dec 04 12:00:00 AM","2023","FY23-24","December","4","Monday","07:15:47","17:19:16","161","$2,576","0","$0","$3,521.59","$10,030","$402.9","$5,622.9","276","80.4%","222","$22,153","$99.79","Winter"
"962","2023 Dec 05 12:00:00 AM","2023","FY23-24","December","5","Tuesday","07:16:36","17:19:16","171","$2,736","1","$30","$3,479.71","$9,987.23","$617.64","$5,837.3","272","88.2%","240","$22,688","$94.53","Winter"
"963","2023 Dec 06 12:00:00 AM","2023","FY23-24","December","6","Wednesday","07:17:25","17:19:18","142","$2,272","1","$10","$4,763.11","$9,769","$2,163.6","$6,354.95","272","84.9%","231","$25,333","$109.67","Winter"
"964","2023 Dec 07 12:00:00 AM","2023","FY23-24","December","7","Thursday","07:18:12","17:19:23","161","$2,576","10","$360","$5,247.45","$10,735.5","$1,021.86","$8,067.9","272","87.9%","239","$28,009","$117.19","Winter"
"965","2023 Dec 08 12:00:00 AM","2023","FY23-24","December","8","Friday","07:18:58","17:19:28","196","$3,136","0","$0","$8,124.57","$11,101.28","$4,686.17","$6,034.45","272","75.7%","206","$33,082","$160.59","Winter"
"966","2023 Dec 09 12:00:00 AM","2023","FY23-24","December","9","Saturday","07:19:44","17:19:36","102","$1,632","1","$30","$9,135.45","$5,025.66","$1,579","$5,691.88","272","55.5%","151","$23,094","$152.94","Winter"
"967","2023 Dec 10 12:00:00 AM","2023","FY23-24","December","10","Sunday","07:20:29","17:19:46","185","$2,960","3","$130","$5,729.37","$12,918.33","$717.07","$4,884.8","272","81.6%","222","$27,340","$123.15","Winter"
"968","2023 Dec 11 12:00:00 AM","2023","FY23-24","December","11","Monday","07:21:12","17:19:57","152","$2,432","4","$180","$3,333.85","$10,384","$2,153.91","$3,909.61","272","77.6%","211","$22,393","$106.13","Winter"
"969","2023 Dec 12 12:00:00 AM","2023","FY23-24","December","12","Tuesday","07:21:55","17:20:10","167","$2,672","1","$10","$3,642.19","$10,801.99","$1,142.6","$4,958.15","272","84.2%","229","$23,227","$101.43","Winter"
"970","2023 Dec 13 12:00:00 AM","2023","FY23-24","December","13","Wednesday","07:22:36","17:20:25","147","$2,352","1","$15","$4,913.44","$9,328","$3,092.4","$4,335.85","272","74.6%","203","$24,037","$118.41","Winter"
"971","2023 Dec 14 12:00:00 AM","2023","FY23-24","December","14","Thursday","07:23:16","17:20:42","170","$2,720","2","$120","$5,871.04","$10,450","$778.36","$7,402.85","272","88.6%","241","$27,342","$113.45","Winter"
"972","2023 Dec 15 12:00:00 AM","2023","FY23-24","December","15","Friday","07:23:55","17:21:00","217","$3,472","2","$90","$6,747.28","$7,871.6","$4,704.54","$5,987.35","272","80.5%","219","$28,873","$131.84","Winter"
"973","2023 Dec 16 12:00:00 AM","2023","FY23-24","December","16","Saturday","07:24:33","17:21:21","196","$3,136","3","$150","$7,358.77","$11,718.2","$3,155.73","$4,523.85","272","73.9%","201","$30,043","$149.47","Winter"
"974","2023 Dec 17 12:00:00 AM","2023","FY23-24","December","17","Sunday","07:25:10","17:21:42","196","$3,136","3","$70","$8,158.95","$8,510.51","$1,450.66","$4,479.3","272","93.4%","254","$25,805","$101.6","Winter"
"975","2023 Dec 18 12:00:00 AM","2023","FY23-24","December","18","Monday","07:25:45","17:22:06","164","$2,624","2","$90","$3,277.46","$9,730","$869.6","$3,462.24","272","83.5%","227","$20,053","$88.34","Winter"
"976","2023 Dec 19 12:00:00 AM","2023","FY23-24","December","19","Tuesday","07:26:19","17:22:31","177","$2,832","2","$60","$5,094.67","$10,249","$811.61","$4,583.58","272","82.7%","225","$23,631","$105.03","Winter"
"977","2023 Dec 20 12:00:00 AM","2023","FY23-24","December","20","Wednesday","07:26:51","17:22:58","138","$2,208","1","$30","$3,982.57","$8,976","$891.58","$4,697.3","272","74.6%","203","$20,785","$102.39","Winter"
"978","2023 Dec 21 12:00:00 AM","2023","FY23-24","December","21","Thursday","07:27:22","17:23:26","167","$2,672","1","$7","$4,960.34","$10,434","$1,495.09","$5,425.26","272","86.8%","236","$24,994","$105.91","Winter"
"979","2023 Dec 22 12:00:00 AM","2023","FY23-24","December","22","Friday","07:27:52","17:23:56","83","$1,328","1","$10","$3,667.42","$4,751","$988.99","$2,641.3","272","38.2%","104","$13,387","$128.72","Winter"
"980","2023 Dec 23 12:00:00 AM","2023","FY23-24","December","23","Saturday","07:28:20","17:24:28","193","$3,088","4","$150","$5,160.31","$10,220","$1,373.03","$6,392.15","272","81.6%","222","$26,383","$118.84","Winter"
"981","2023 Dec 24 12:00:00 AM","2023","FY23-24","December","24","Sunday","07:28:46","17:25:01","168","$2,688","2","$35","$3,346.43","$10,051","$440.59","$1,616.5","272","79.4%","216","$18,178","$84.16","Winter"
"982","2023 Dec 25 12:00:00 AM","2023","FY23-24","December","25","Monday","07:29:11","17:25:35","163","$2,608","1","$10","$3,578.19","$8,045","$777.87","$1,746.55","272","74.3%","202","$16,766","$83","Winter"
"983","2023 Dec 26 12:00:00 AM","2023","FY23-24","December","26","Tuesday","07:29:34","17:26:11","187","$2,992","10","$247","$4,837.39","$10,817","$1,022.65","$6,863.15","272","92.3%","251","$26,779","$106.69","Winter"
"984","2023 Dec 27 12:00:00 AM","2023","FY23-24","December","27","Wednesday","07:29:56","17:26:48","207","$3,312","2","$15","$4,678.9","$10,459","$21,883.67","$6,037.99","272","98.9%","269","$46,387","$172.44","Winter"
"985","2023 Dec 28 12:00:00 AM","2023","FY23-24","December","28","Thursday","07:30:16","17:27:27","192","$3,072","9","$284","$5,207.45","$11,601","$574.27","$5,466.01","272","95.6%","260","$26,205","$100.79","Winter"
"986","2023 Dec 29 12:00:00 AM","2023","FY23-24","December","29","Friday","07:30:35","17:28:07","193","$3,088","8","$205","$5,613","$12,756.62","$1,554.13","$6,195.85","272","94.1%","256","$29,413","$114.89","Winter"
"987","2023 Dec 30 12:00:00 AM","2023","FY23-24","December","30","Saturday","07:30:51","17:28:48","150","$2,400","3","$180","$6,076.87","$9,311.15","$966.18","$6,506.94","272","87.5%","238","$25,441","$106.9","Winter"
"988","2023 Dec 31 12:00:00 AM","2023","FY23-24","December","31","Sunday","07:31:06","17:29:30","209","$3,344","1","$30","$3,730.75","$12,359.78","$3,012.48","$2,386.89","272","89.3%","243","$24,864","$102.32","Winter"
"989","2024 Jan 01 12:00:00 AM","2024","FY23-24","January","1","Monday","07:31:19","17:30:14","167","$2,672","1","$30","$3,037.65","$11,832","$578.03","$2,968.4","272","84.9%","231","$21,118","$91.42","Winter"
"990","2024 Jan 02 12:00:00 AM","2024","FY23-24","January","2","Tuesday","07:31:31","17:30:59","175","$2,800","6","$240","$2,964.78","$9,417","$919.11","$3,990.25","272","82%","223","$20,331","$91.17","Winter"
"991","2024 Jan 03 12:00:00 AM","2024","FY23-24","January","3","Wednesday","07:31:41","17:31:44","156","$2,496","1","$10","$3,474.73","$9,515","$943.25","$6,925.94","272","87.5%","238","$23,365","$98.17","Winter"
"992","2024 Jan 04 12:00:00 AM","2024","FY23-24","January","4","Thursday","07:31:49","17:32:31","153","$2,448","2","$60","$4,250.23","$10,671","$876.44","$5,719.35","272","84.9%","231","$24,025","$104","Winter"
"993","2024 Jan 05 12:00:00 AM","2024","FY23-24","January","5","Friday","07:31:55","17:33:19","186","$2,976","6","$250","$5,393.32","$12,167","$824.48","$5,729.85","272","89.7%","244","$27,341","$112.05","Winter"
"994","2024 Jan 06 12:00:00 AM","2024","FY23-24","January","6","Saturday","07:31:59","17:34:08","234","$3,744","6","$225","$12,153.76","$12,448.16","$1,887.9","$6,195","272","89.7%","244","$36,654","$150.22","Winter"
"995","2024 Jan 07 12:00:00 AM","2024","FY23-24","January","7","Sunday","07:32:02","17:34:57","163","$2,608","1","$30","$4,586.24","$8,979.48","$1,345.07","$2,530.28","272","89.3%","243","$20,079","$82.63","Winter"
"996","2024 Jan 08 12:00:00 AM","2024","FY23-24","January","8","Monday","07:32:02","17:35:48","130","$2,080","1","$30","$2,306.82","$7,973","$659.26","$4,152.1","272","64%","174","$17,201","$98.86","Winter"
"997","2024 Jan 09 12:00:00 AM","2024","FY23-24","January","9","Tuesday","07:32:01","17:36:39","138","$2,208","7","$87","$3,216.93","$7,696","$889.63","$3,994.56","276","64.5%","178","$18,092","$101.64","Winter"
"998","2024 Jan 10 12:00:00 AM","2024","FY23-24","January","10","Wednesday","07:31:58","17:37:31","110","$1,760","1","$10","$3,390.11","$8,584","$697.42","$4,301.4","276","72.8%","201","$18,743","$93.25","Winter"
"999","2024 Jan 11 12:00:00 AM","2024","FY23-24","January","11","Thursday","07:31:53","17:38:24","83","$1,328","1","$10","$2,785.43","$5,429","$447.97","$4,123.9","276","45.3%","125","$14,124","$112.99","Winter"
"1,000","2024 Jan 12 12:00:00 AM","2024","FY23-24","January","12","Friday","07:31:47","17:39:17","167","$2,672","7","$187","$6,568.02","$11,620","$984.71","$4,665.9","276","85.9%","237","$26,698","$112.65","Winter"
"1,001","2024 Jan 13 12:00:00 AM","2024","FY23-24","January","13","Saturday","07:31:38","17:40:12","205","$3,280","17","$695","$7,417.8","$13,193","$1,629.45","$4,463.25","276","81.2%","224","$30,679","$136.96","Winter"
"1,002","2024 Jan 14 12:00:00 AM","2024","FY23-24","January","14","Sunday","07:31:28","17:41:06","164","$2,624","4","$50","$6,357.34","$9,776.24","$592.07","$4,065.05","276","96.4%","266","$23,465","$88.21","Winter"
"1,003","2024 Jan 15 12:00:00 AM","2024","FY23-24","January","15","Monday","07:31:16","17:42:01","187","$2,992","3","$70","$3,549.83","$10,529.25","$774.83","$3,845","276","91.7%","253","$21,761","$86.01","Winter"
"1,004","2024 Jan 16 12:00:00 AM","2024","FY23-24","January","16","Tuesday","07:31:02","17:42:57","178","$2,848","0","$0","$3,407.29","$9,743","$868.25","$4,019.4","276","85.1%","235","$20,886","$88.88","Winter"
"1,005","2024 Jan 17 12:00:00 AM","2024","FY23-24","January","17","Wednesday","07:30:46","17:43:53","157","$2,512","2","$20","$4,429.36","$9,663.5","$461.7","$5,279.15","280","89.3%","250","$22,366","$89.46","Winter"
"1,006","2024 Jan 18 12:00:00 AM","2024","FY23-24","January","18","Thursday","07:30:29","17:44:50","172","$2,752","5","$480","$4,583.81","$10,831.5","$531.1","$5,069.2","280","94.3%","264","$24,248","$91.85","Winter"
"1,007","2024 Jan 19 12:00:00 AM","2024","FY23-24","January","19","Friday","07:30:10","17:45:46","186","$2,976","6","$270","$7,988.89","$11,490.36","$1,583.65","$4,555.35","280","72.9%","204","$28,864","$141.49","Winter"
"1,008","2024 Jan 20 12:00:00 AM","2024","FY23-24","January","20","Saturday","07:29:49","17:46:44","177","$2,832","5","$150","$5,684.31","$9,757.21","$524.36","$4,854.1","280","96.8%","271","$23,802","$87.83","Winter"
"1,009","2024 Jan 21 12:00:00 AM","2024","FY23-24","January","21","Sunday","07:29:26","17:47:41","5","$80","0","$0","$3,187.64","$11,610.18","$1,979.5","$2,610.55","280","70.4%","197","$19,468","$98.82","Winter"
"1,010","2024 Jan 22 12:00:00 AM","2024","FY23-24","January","22","Monday","07:29:01","17:48:39","164","$2,624","-1","$-15","$2,947.35","$9,931","$654.05","$3,702.05","280","83.9%","235","$19,843","$84.44","Winter"
"1,011","2024 Jan 23 12:00:00 AM","2024","FY23-24","January","23","Tuesday","07:28:35","17:49:36","75","$1,200","2","$60","$1,446.3","$3,147","$267.65","$2,632.8","284","33.8%","96","$8,754","$91.18","Winter"
"1,012","2024 Jan 24 12:00:00 AM","2024","FY23-24","January","24","Wednesday","07:28:07","17:50:34","127","$2,032","4","$60","$3,331.18","$9,299","$396.35","$4,821.15","284","73.9%","210","$19,940","$94.95","Winter"
"1,013","2024 Jan 25 12:00:00 AM","2024","FY23-24","January","25","Thursday","07:27:37","17:51:33","163","$2,608","5","$50","$4,300.84","$11,335","$517.68","$5,522.72","284","96.1%","273","$24,334","$89.14","Winter"
"1,014","2024 Jan 26 12:00:00 AM","2024","FY23-24","January","26","Friday","07:27:06","17:52:31","230","$3,680","3","$67","$9,658.93","$14,142.46","$1,534.07","$4,940.85","284","81%","230","$34,023","$147.93","Winter"
"1,015","2024 Jan 27 12:00:00 AM","2024","FY23-24","January","27","Saturday","07:26:33","17:53:29","227","$3,632","6","$140","$7,052.05","$9,445.24","$927.18","$6,717.5","284","94%","267","$27,914","$104.55","Winter"
"1,016","2024 Jan 28 12:00:00 AM","2024","FY23-24","January","28","Sunday","07:25:58","17:54:27","183","$2,928","3","$30","$5,202.39","$10,956.5","$540.08","$4,562.1","288","81.3%","234","$24,219","$103.5","Winter"
"1,017","2024 Jan 29 12:00:00 AM","2024","FY23-24","January","29","Monday","07:25:22","17:55:25","169","$2,704","3","$90","$4,427.34","$10,806.67","$378.56","$3,275.75","288","83.7%","241","$21,682","$89.97","Winter"
"1,018","2024 Jan 30 12:00:00 AM","2024","FY23-24","January","30","Tuesday","07:24:44","17:56:24","202","$3,232","1","$30","$4,098.06","$10,370","$650.46","$3,637.3","288","93.8%","270","$22,018","$81.55","Winter"
"1,019","2024 Jan 31 12:00:00 AM","2024","FY23-24","January","31","Wednesday","07:24:05","17:57:22","158","$2,528","4","$50","$4,390.39","$6,990.5","$618.52","$5,223.4","288","61.5%","177","$19,801","$111.87","Winter"
"1,020","2024 Feb 01 12:00:00 AM","2024","FY23-24","February","1","Thursday","07:23:24","17:58:20","172","$2,752","5","$160","$4,424.92","$12,069.89","$600.12","$7,247.9","288","97.9%","282","$27,255","$96.65","Winter"
"1,021","2024 Feb 02 12:00:00 AM","2024","FY23-24","February","2","Friday","07:22:42","17:59:18","218","$3,488","4","$130","$7,861.45","$12,525","$911.19","$7,923.9","292","81.2%","237","$32,840","$138.56","Winter"
"1,022","2024 Feb 03 12:00:00 AM","2024","FY23-24","February","3","Saturday","07:21:58","18:00:16","173","$2,768","2","$40","$10,066.76","$11,427.52","$812.25","$7,429.59","292","60.6%","177","$32,544","$183.87","Winter"
"1,023","2024 Feb 04 12:00:00 AM","2024","FY23-24","February","4","Sunday","07:21:12","18:01:13","176","$2,816","2","$40","$6,929.26","$10,431.26","$1,026.39","$9,458.02","292","101.7%","297","$30,701","$103.37","Winter"
"1,024","2024 Feb 05 12:00:00 AM","2024","FY23-24","February","5","Monday","07:20:25","18:02:10","129","$2,064","3","$90","$3,106.03","$12,130.77","$1,831.44","$5,117.8","292","72.6%","212","$24,340","$114.81","Winter"
"1,025","2024 Feb 06 12:00:00 AM","2024","FY23-24","February","6","Tuesday","07:19:37","18:03:08","149","$2,384","3","$120","$2,924.59","$7,951","$1,342.16","$4,487.05","296","63.2%","187","$19,209","$102.72","Winter"
"1,026","2024 Feb 07 12:00:00 AM","2024","FY23-24","February","7","Wednesday","07:18:47","18:04:05","141","$2,256","9","$310","$4,711.25","$9,202.22","$963.48","$6,287.1","296","69.9%","207","$23,730","$114.64","Winter"
"1,027","2024 Feb 08 12:00:00 AM","2024","FY23-24","February","8","Thursday","07:17:56","18:05:01","139","$2,224","9","$420","$4,729.94","$10,933","$2,843.31","$4,118.45","296","66.6%","197","$25,269","$128.27","Winter"
"1,028","2024 Feb 09 12:00:00 AM","2024","FY23-24","February","9","Friday","07:17:04","18:05:58","210","$3,360","11","$455","$12,218.66","$15,616.44","$3,846.74","$7,126.71","296","86.1%","255","$42,624","$167.15","Winter"
"1,029","2024 Feb 10 12:00:00 AM","2024","FY23-24","February","10","Saturday","07:16:10","18:06:54","225","$3,600","16","$660","$7,970.14","$15,566","$1,946.84","$5,733.35","296","87.8%","260","$35,476","$136.45","Winter"
"1,030","2024 Feb 11 12:00:00 AM","2024","FY23-24","February","11","Sunday","07:15:15","18:07:50","133","$2,128","6","$130","$6,025.21","$9,256.55","$726.31","$5,720.09","300","81.7%","245","$23,986","$97.9","Winter"
"1,031","2024 Feb 12 12:00:00 AM","2024","FY23-24","February","12","Monday","07:14:19","18:08:45","184","$2,944","7","$240","$3,553.44","$10,312.01","$1,262.59","$5,938.74","300","80%","240","$24,251","$101.04","Winter"
"1,032","2024 Feb 13 12:00:00 AM","2024","FY23-24","February","13","Tuesday","07:13:22","18:09:40","172","$2,752","3","$80","$3,605.53","$9,759.8","$1,572.15","$5,343.4","300","79.3%","238","$23,113","$97.11","Winter"
"1,033","2024 Feb 14 12:00:00 AM","2024","FY23-24","February","14","Wednesday","07:12:23","18:10:35","172","$2,752","5","$110","$3,345.32","$10,209.78","$1,094.68","$5,807.3","300","83%","249","$23,319","$93.65","Winter"
"1,034","2024 Feb 15 12:00:00 AM","2024","FY23-24","February","15","Thursday","07:11:23","18:11:30","188","$3,008","9","$290","$6,313.29","$13,491.5","$1,137.01","$6,889.3","304","96.1%","292","$31,129","$106.61","Winter"
"1,035","2024 Feb 16 12:00:00 AM","2024","FY23-24","February","16","Friday","07:10:23","18:12:24","215","$3,440","10","$285","$7,525.97","$14,250.47","$1,325.83","$8,743.5","304","92.4%","281","$35,571","$126.59","Winter"
"1,036","2024 Feb 17 12:00:00 AM","2024","FY23-24","February","17","Saturday","07:09:21","18:13:18","199","$3,184","3","$44","$7,739.75","$11,410.57","$929.42","$7,767.43","304","98.7%","300","$31,075","$103.58","Winter"
"1,037","2024 Feb 18 12:00:00 AM","2024","FY23-24","February","18","Sunday","07:08:18","18:14:12","224","$3,584","2","$60","$8,721.05","$14,063.5","$1,518.94","$8,422.5","304","91.8%","279","$36,370","$130.36","Winter"
"1,038","2024 Feb 19 12:00:00 AM","2024","FY23-24","February","19","Monday","07:07:14","18:15:05","227","$3,632","3","$27","$6,356.61","$13,479.5","$920.51","$8,312.14","308","93.2%","287","$32,728","$114.03","Winter"
"1,039","2024 Feb 20 12:00:00 AM","2024","FY23-24","February","20","Tuesday","07:06:09","18:15:57","217","$3,472","2","$40","$4,869.44","$12,020.34","$1,126.16","$7,414.69","308","89.6%","276","$28,943","$104.86","Winter"
"1,040","2024 Feb 21 12:00:00 AM","2024","FY23-24","February","21","Wednesday","07:05:03","18:16:50","185","$2,960","0","$0","$4,787.9","$10,692.53","$1,035.78","$7,558.8","308","77.9%","240","$27,035","$112.65","Winter"
"1,041","2024 Feb 22 12:00:00 AM","2024","FY23-24","February","22","Thursday","07:03:56","18:17:42","201","$3,216","3","$90","$6,322.4","$13,750.34","$769.59","$7,341.9","308","93.5%","288","$31,490","$109.34","Winter"
"1,042","2024 Feb 23 12:00:00 AM","2024","FY23-24","February","23","Friday","07:02:48","18:18:34","218","$3,488","7","$70","$7,417.53","$14,938.18","$2,499.16","$7,729.45","312","91%","284","$36,142","$127.26","Winter"
"1,043","2024 Feb 24 12:00:00 AM","2024","FY23-24","February","24","Saturday","07:01:39","18:19:25","266","$4,256","6","$190","$10,149.12","$15,465","$4,906.85","$7,849.45","312","95.8%","299","$42,816","$143.2","Winter"
"1,044","2024 Feb 25 12:00:00 AM","2024","FY23-24","February","25","Sunday","07:00:30","18:20:16","169","$2,704","7","$210","$7,780.21","$11,523.16","$1,000.84","$8,091.89","312","98.4%","307","$31,310","$101.99","Winter"
"1,045","2024 Feb 26 12:00:00 AM","2024","FY23-24","February","26","Monday","06:59:19","18:21:07","196","$3,136","4","$110","$3,915.21","$11,849","$1,212.47","$6,561","312","85.9%","268","$26,784","$99.94","Winter"
"1,046","2024 Feb 27 12:00:00 AM","2024","FY23-24","February","27","Tuesday","06:58:08","18:21:57","222","$3,552","3","$180","$4,831.65","$11,508.67","$1,069.18","$7,266.55","312","89.1%","278","$28,408","$102.19","Winter"
"1,047","2024 Feb 28 12:00:00 AM","2024","FY23-24","February","28","Wednesday","06:56:56","18:22:47","183","$2,928","9","$330","$4,576.73","$12,432","$1,690.62","$6,658.6","316","83.5%","264","$28,616","$108.39","Winter"
"1,048","2024 Feb 29 12:00:00 AM","2024","FY23-24","February","29","Thursday","06:55:44","18:23:37","170","$2,720","3","$85","$5,403.38","$11,665.8","$826.75","$7,916.01","316","83.5%","264","$28,617","$108.4","Winter"
"1,049","2024 Mar 01 12:00:00 AM","2024","FY23-24","March","1","Friday","06:54:30","18:24:26","232","$3,712","10","$520","$8,037.3","$15,090.95","$1,824.92","$9,497.1","316","91.1%","288","$38,682","$134.31","Spring"
"1,050","2024 Mar 02 12:00:00 AM","2024","FY23-24","March","2","Saturday","06:53:17","18:25:15","249","$3,984","16","$510","$6,856.4","$14,289.64","$1,750.01","$9,376.25","320","88.4%","283","$36,766","$129.92","Spring"
"1,051","2024 Mar 03 12:00:00 AM","2024","FY23-24","March","3","Sunday","06:52:02","18:26:04","211","$3,376","6","$160","$7,920.01","$11,141.19","$1,406.7","$7,415.66","320","95%","304","$31,420","$103.35","Spring"
"1,052","2024 Mar 04 12:00:00 AM","2024","FY23-24","March","4","Monday","06:50:47","18:26:52","209","$3,344","2","$20","$4,061.54","$13,361.33","$2,832.31","$7,555.5","320","92.5%","296","$31,175","$105.32","Spring"
"1,053","2024 Mar 05 12:00:00 AM","2024","FY23-24","March","5","Tuesday","06:49:31","18:27:40","236","$3,776","4","$100","$4,732.29","$13,197.44","$1,224.39","$7,704.6","320","95.9%","307","$30,735","$100.11","Spring"
"1,054","2024 Mar 06 12:00:00 AM","2024","FY23-24","March","6","Wednesday","06:48:15","18:28:28","200","$3,200","5","$100","$5,021.53","$12,949","$1,290.72","$7,412.1","324","95.4%","309","$29,973","$97","Spring"
"1,055","2024 Mar 07 12:00:00 AM","2024","FY23-24","March","7","Thursday","06:46:58","18:29:15","168","$2,688","6","$200","$4,823.67","$11,856.06","$1,506.2","$6,042.8","324","79.3%","257","$27,117","$105.51","Spring"
"1,056","2024 Mar 08 12:00:00 AM","2024","FY23-24","March","8","Friday","06:45:41","18:30:03","204","$3,264","8","$185","$8,416.79","$15,282.55","$2,131.81","$7,844.44","324","94.1%","305","$37,125","$121.72","Spring"
"1,057","2024 Mar 09 12:00:00 AM","2024","FY23-24","March","9","Saturday","06:44:24","18:30:50","252","$4,032","5","$95","$10,697.63","$11,007.72","$1,608.45","$10,703.72","324","88%","285","$38,145","$133.84","Spring"
"1,058","2024 Mar 10 12:00:00 AM","2024","FY23-24","March","10","Sunday","06:43:06","18:31:36","217","$3,472","1","$5","$8,605.39","$11,402.38","$1,788.24","$8,974.33","328","89%","292","$34,247","$117.29","Spring"
"1,059","2024 Mar 11 12:00:00 AM","2024","FY23-24","March","11","Monday","06:41:47","18:32:23","223","$3,568","5","$210","$4,923.73","$13,137","$1,044.36","$7,026.8","328","90.2%","296","$29,910","$101.05","Spring"
"1,060","2024 Mar 12 12:00:00 AM","2024","FY23-24","March","12","Tuesday","06:40:28","18:33:09","211","$3,376","4","$110","$5,505.89","$10,776.64","$694.13","$7,388.95","328","79.3%","260","$27,852","$107.12","Spring"
"1,061","2024 Mar 13 12:00:00 AM","2024","FY23-24","March","13","Wednesday","06:39:09","18:33:55","195","$3,120","7","$120","$5,360.55","$12,724.17","$1,328.43","$7,692.45","328","91.5%","300","$30,346","$101.15","Spring"
"1,062","2024 Mar 14 12:00:00 AM","2024","FY23-24","March","14","Thursday","06:37:50","18:34:41","227","$3,632","1","$30","$6,367.65","$13,552.8","$1,522.27","$8,519.95","332","93.1%","309","$33,625","$108.82","Spring"
"1,063","2024 Mar 15 12:00:00 AM","2024","FY23-24","March","15","Friday","06:36:31","18:35:26","207","$3,312","10","$270","$6,056.23","$13,495.78","$1,781.31","$5,920.51","332","80.4%","267","$30,836","$115.49","Spring"
"1,064","2024 Mar 16 12:00:00 AM","2024","FY23-24","March","16","Saturday","06:35:11","18:36:12","251","$4,016","14","$340","$8,254.22","$15,480","$3,077.31","$9,233.6","332","91.3%","303","$40,401","$133.34","Spring"
"1,065","2024 Mar 17 12:00:00 AM","2024","FY23-24","March","17","Sunday","06:33:51","18:36:57","202","$3,232","4","$160","$6,355.07","$11,964.37","$1,974.13","$8,321.02","332","96.7%","321","$32,007","$99.71","Spring"
"1,066","2024 Mar 18 12:00:00 AM","2024","FY23-24","March","18","Monday","06:32:31","18:37:42","236","$3,776","3","$30","$4,069.56","$13,334.24","$1,374.63","$7,337.99","336","93.5%","314","$29,922","$95.29","Spring"
"1,067","2024 Mar 19 12:00:00 AM","2024","FY23-24","March","19","Tuesday","06:31:10","18:38:27","235","$3,760","13","$340","$5,427.06","$13,347.08","$10,073.56","$7,225.45","336","92.6%","311","$40,173","$129.17","Spring"
"1,068","2024 Mar 20 12:00:00 AM","2024","FY23-24","March","20","Wednesday","06:29:50","18:39:12","183","$2,928","7","$90","$5,190.01","$11,974.74","$961.8","$7,159.35","336","78.9%","265","$28,304","$106.81","Spring"
"1,069","2024 Mar 21 12:00:00 AM","2024","FY23-24","March","21","Thursday","06:28:29","18:39:57","218","$3,488","12","$370","$6,741.48","$14,094.02","$1,508.31","$7,480.7","336","94.3%","317","$33,683","$106.25","Spring"
"1,070","2024 Mar 22 12:00:00 AM","2024","FY23-24","March","22","Friday","06:27:09","18:40:41","225","$3,600","9","$260","$10,322.09","$15,434","$1,170.06","$9,213.65","340","87.1%","296","$40,000","$135.13","Spring"
"1,071","2024 Mar 23 12:00:00 AM","2024","FY23-24","March","23","Saturday","06:25:48","18:41:26","257","$4,112","3","$90","$15,908.86","$16,708.52","$4,885.99","$7,750.44","340","75.6%","257","$49,456","$192.44","Spring"
"1,072","2024 Mar 24 12:00:00 AM","2024","FY23-24","March","24","Sunday","06:24:28","18:42:10","171","$2,736","5","$44","$6,439.82","$11,608.05","$1,161.58","$7,347.66","340","92.6%","315","$29,337","$93.13","Spring"
"1,073","2024 Mar 25 12:00:00 AM","2024","FY23-24","March","25","Monday","06:23:07","18:42:54","197","$3,152","7","$230","$4,387.62","$12,683.32","$1,374","$6,013.2","340","85.6%","291","$27,840","$95.67","Spring"
"1,074","2024 Mar 26 12:00:00 AM","2024","FY23-24","March","26","Tuesday","06:21:47","18:43:39","234","$3,744","3","$80","$5,086.65","$12,580.5","$2,013.35","$6,787.6","344","90.1%","310","$30,292","$97.72","Spring"
"1,075","2024 Mar 27 12:00:00 AM","2024","FY23-24","March","27","Wednesday","06:20:26","18:44:23","175","$2,800","6","$120","$5,405.09","$12,480","$1,264.31","$7,379.85","344","85.5%","294","$29,449","$100.17","Spring"
"1,076","2024 Mar 28 12:00:00 AM","2024","FY23-24","March","28","Thursday","06:19:06","18:45:07","235","$3,760","10","$360","$7,120.81","$12,964.34","$1,752.18","$7,212.85","344","90.4%","311","$33,170","$106.66","Spring"
"1,077","2024 Mar 29 12:00:00 AM","2024","FY23-24","March","29","Friday","06:17:46","18:45:51","240","$3,840","14","$355","$10,448.44","$15,973","$3,139.08","$9,022.55","348","91.4%","318","$42,778","$134.52","Spring"
"1,078","2024 Mar 30 12:00:00 AM","2024","FY23-24","March","30","Saturday","06:16:26","18:46:35","226","$3,616","1","$10","$7,800.75","$11,090.19","$1,824.98","$7,746.35","348","92.5%","322","$32,088","$99.65","Spring"
"1,079","2024 Mar 31 12:00:00 AM","2024","FY23-24","March","31","Sunday","06:15:07","18:47:19","114","$1,824","0","$0","$2,401.29","$5,986","$3,436.34","$2,865.25","348","39.9%","139","$16,513","$118.8","Spring"
"1,080","2024 Apr 01 12:00:00 AM","2024","FY23-24","April","1","Monday","06:13:47","18:48:03","199","$3,184","3","$120","$4,213.97","$9,826.04","$5,873.95","$6,655.7","348","64.1%","223","$29,874","$133.96","Spring"
"1,081","2024 Apr 02 12:00:00 AM","2024","FY23-24","April","2","Tuesday","06:12:28","18:48:47","242","$3,872","1","$30","$5,554.6","$12,618.4","$4,773.39","$8,033.95","352","89.2%","314","$34,882","$111.09","Spring"
"1,082","2024 Apr 03 12:00:00 AM","2024","FY23-24","April","3","Wednesday","06:11:09","18:49:31","174","$2,784","2","$60","$5,509.38","$12,266.19","$3,836.15","$8,253","352","83.8%","295","$32,709","$110.88","Spring"
"1,083","2024 Apr 04 12:00:00 AM","2024","FY23-24","April","4","Thursday","06:09:51","18:50:15","231","$3,696","0","$0","$9,178.7","$13,838.67","$1,557.59","$9,058.71","352","91.8%","323","$37,330","$115.57","Spring"
"1,084","2024 Apr 05 12:00:00 AM","2024","FY23-24","April","5","Friday","06:08:32","18:50:59","239","$3,824","9","$330","$14,095.28","$14,886.4","$2,147.33","$6,301.1","352","71%","250","$41,584","$166.34","Spring"
"1,085","2024 Apr 06 12:00:00 AM","2024","FY23-24","April","6","Saturday","06:07:15","18:51:43","209","$3,344","4","$100","$8,701.06","$10,907.27","$2,404.34","$11,596.94","356","86.2%","307","$37,054","$120.7","Spring"
"1,086","2024 Apr 07 12:00:00 AM","2024","FY23-24","April","7","Sunday","06:05:57","18:52:27","257","$4,112","1","$10","$6,498.73","$15,656.43","$1,033.23","$8,408","356","90.7%","323","$35,718","$110.58","Spring"
"1,087","2024 Apr 08 12:00:00 AM","2024","FY23-24","April","8","Monday","06:04:40","18:53:11","236","$3,776","2","$90","$4,948.47","$13,218.79","$1,427.31","$6,316.92","356","87.1%","310","$29,777","$96.06","Spring"
"1,088","2024 Apr 09 12:00:00 AM","2024","FY23-24","April","9","Tuesday","06:03:24","18:53:56","242","$3,872","1","$60","$6,667.69","$13,600.33","$934.1","$7,535.65","356","87.4%","311","$32,670","$105.05","Spring"
"1,089","2024 Apr 10 12:00:00 AM","2024","FY23-24","April","10","Wednesday","06:02:08","18:54:40","239","$3,824","9","$460","$6,055.24","$13,821.4","$1,889.34","$8,466.35","360","89.7%","323","$34,516","$106.86","Spring"
"1,090","2024 Apr 11 12:00:00 AM","2024","FY23-24","April","11","Thursday","06:00:52","18:55:24","267","$4,272","6","$165","$9,366.58","$14,321.4","$872.81","$7,065.15","360","97.5%","351","$36,063","$102.74","Spring"
"1,091","2024 Apr 12 12:00:00 AM","2024","FY23-24","April","12","Friday","05:59:37","18:56:09","256","$4,096","20","$660","$12,152.93","$15,464.92","$2,678.7","$9,988.25","360","91.1%","328","$45,041","$137.32","Spring"
"1,092","2024 Apr 13 12:00:00 AM","2024","FY23-24","April","13","Saturday","05:58:23","18:56:53","288","$4,608","3","$90","$12,042.24","$14,952.92","$1,401.73","$8,638.1","360","80%","288","$41,733","$144.91","Spring"
"1,093","2024 Apr 14 12:00:00 AM","2024","FY23-24","April","14","Sunday","05:57:09","18:57:38","249","$3,984","2","$40","$6,532.83","$11,594.53","$1,454.2","$8,728.08","364","94.5%","344","$32,334","$93.99","Spring"
"1,094","2024 Apr 15 12:00:00 AM","2024","FY23-24","April","15","Monday","05:55:56","18:58:22","221","$3,536","5","$64","$4,797.32","$12,861.05","$1,021.24","$7,264","364","78.3%","285","$29,544","$103.66","Spring"
"1,095","2024 Apr 16 12:00:00 AM","2024","FY23-24","April","16","Tuesday","05:54:43","18:59:07","250","$4,000","1","$60","$5,816.1","$12,504.4","$1,407.8","$7,359.2","364","84.1%","306","$31,148","$101.79","Spring"
"1,096","2024 Apr 17 12:00:00 AM","2024","FY23-24","April","17","Wednesday","05:53:31","18:59:52","228","$3,648","3","$150","$6,129.38","$10,788.54","$2,301.46","$7,957.8","364","83%","302","$30,975","$102.57","Spring"
"1,097","2024 Apr 18 12:00:00 AM","2024","FY23-24","April","18","Thursday","05:52:20","19:00:37","252","$4,032","11","$540","$7,760.18","$14,705","$1,318.94","$7,499.05","368","87.5%","322","$35,855","$111.35","Spring"
"1,098","2024 Apr 19 12:00:00 AM","2024","FY23-24","April","19","Friday","05:51:10","19:01:22","262","$4,192","8","$340","$11,842.32","$17,871.9","$2,090.59","$8,520.65","368","75.3%","277","$44,857","$161.94","Spring"
"1,099","2024 Apr 20 12:00:00 AM","2024","FY23-24","April","20","Saturday","05:50:00","19:02:07","221","$3,536","4","$60","$8,380.61","$11,108.44","$1,262.96","$8,574.34","368","86.1%","317","$32,922","$103.86","Spring"
"1,100","2024 Apr 21 12:00:00 AM","2024","FY23-24","April","21","Sunday","05:48:51","19:02:52","291","$4,656","5","$240","$7,666.32","$15,365.05","$1,878.24","$7,820.05","368","92.9%","342","$37,626","$110.02","Spring"
"1,101","2024 Apr 22 12:00:00 AM","2024","FY23-24","April","22","Monday","05:47:43","19:03:37","197","$3,152","8","$340","$4,538.99","$11,364.4","$1,385.41","$5,557.15","372","72%","268","$26,338","$98.28","Spring"
"1,102","2024 Apr 23 12:00:00 AM","2024","FY23-24","April","23","Tuesday","05:46:36","19:04:22","225","$3,600","4","$160","$5,219.27","$10,718.7","$1,623.61","$5,658.95","372","72%","268","$26,981","$100.67","Spring"
"1,103","2024 Apr 24 12:00:00 AM","2024","FY23-24","April","24","Wednesday","05:45:30","19:05:08","243","$3,888","7","$360","$6,384.51","$11,684.4","$1,222.32","$8,035.3","372","73.9%","275","$31,575","$114.82","Spring"
"1,104","2024 Apr 25 12:00:00 AM","2024","FY23-24","April","25","Thursday","05:44:25","19:05:53","267","$4,272","4","$40","$6,907.75","$19,345.27","$1,364.58","$7,493.59","372","93%","346","$39,423","$113.94","Spring"
"1,105","2024 Apr 26 12:00:00 AM","2024","FY23-24","April","26","Friday","05:43:20","19:06:38","241","$3,856","24","$1,280","$12,350.22","$15,205.97","$4,852.31","$7,886.4","372","68.8%","256","$45,431","$177.46","Spring"
"1,106","2024 Apr 27 12:00:00 AM","2024","FY23-24","April","27","Saturday","05:42:17","19:07:24","283","$4,528","6","$120","$11,108.98","$11,746.08","$1,878.55","$10,733.31","376","92%","346","$40,115","$115.94","Spring"
"1,107","2024 Apr 28 12:00:00 AM","2024","FY23-24","April","28","Sunday","05:41:14","19:08:09","243","$3,888","4","$180","$7,742.63","$11,424.05","$1,670.98","$8,021.64","376","91.2%","343","$32,927","$96","Spring"
"1,108","2024 Apr 29 12:00:00 AM","2024","FY23-24","April","29","Monday","05:40:13","19:08:55","204","$3,264","4","$715","$5,148.19","$9,920.75","$897.07","$4,369.65","376","67.3%","253","$24,315","$96.11","Spring"
"1,109","2024 Apr 30 12:00:00 AM","2024","FY23-24","April","30","Tuesday","05:39:12","19:09:40","242","$3,872","5","$270","$5,849.62","$10,032.2","$1,346.86","$7,011.4","376","73.4%","276","$28,382","$102.83","Spring"
"1,110","2024 May 01 12:00:00 AM","2024","FY23-24","May","1","Wednesday","05:38:13","19:10:26","235","$3,760","2","$90","$7,440.45","$11,100.85","$3,576.83","$8,369.6","380","85.8%","326","$34,338","$105.33","Spring"
"1,111","2024 May 02 12:00:00 AM","2024","FY23-24","May","2","Thursday","05:37:15","19:11:12","34","$544","2","$20","$5,000.66","$5,354.08","$1,171.22","$6,189.15","380","48.7%","185","$18,279","$98.81","Spring"
"1,112","2024 May 03 12:00:00 AM","2024","FY23-24","May","3","Friday","05:36:17","19:11:57","14","$224","2","$20","$8,271.13","$5,054.08","$3,373.08","$8,136.89","380","42.1%","160","$25,079","$156.74","Spring"
"1,113","2024 May 04 12:00:00 AM","2024","FY23-24","May","4","Saturday","05:35:21","19:12:43","144","$2,304","1","$10","$5,994.7","$10,165.72","$5,618","$5,756.65","380","56.8%","216","$29,849","$138.19","Spring"
"1,114","2024 May 05 12:00:00 AM","2024","FY23-24","May","5","Sunday","05:34:26","19:13:28","230","$3,680","1","$10","$5,588.55","$8,473.71","$1,142.63","$5,768.48","380","86.1%","327","$24,663","$75.42","Spring"
"1,115","2024 May 06 12:00:00 AM","2024","FY23-24","May","6","Monday","05:33:33","19:14:13","249","$3,984","9","$790","$4,838.84","$10,340.35","$1,686.67","$5,946.4","384","77.1%","296","$27,586","$93.2","Spring"
"1,116","2024 May 07 12:00:00 AM","2024","FY23-24","May","7","Tuesday","05:32:40","19:14:59","249","$3,984","7","$190","$5,740.49","$11,008.67","$715.76","$5,962.65","384","77.1%","296","$27,602","$93.25","Spring"
"1,117","2024 May 08 12:00:00 AM","2024","FY23-24","May","8","Wednesday","05:31:49","19:15:44","233","$3,728","3","$80","$5,669.53","$10,158.75","$1,908.35","$6,531.9","384","76.8%","295","$28,077","$95.17","Spring"
"1,118","2024 May 09 12:00:00 AM","2024","FY23-24","May","9","Thursday","05:30:59","19:16:29","258","$4,128","7","$200","$8,994.68","$11,665.79","$1,231.83","$7,096.7","384","83.9%","322","$33,317","$103.47","Spring"
"1,119","2024 May 10 12:00:00 AM","2024","FY23-24","May","10","Friday","05:30:10","19:17:14","252","$4,032","0","$0","$10,388.62","$13,263.72","$1,994.57","$7,537.8","384","66.1%","254","$37,217","$146.52","Spring"
"1,120","2024 May 11 12:00:00 AM","2024","FY23-24","May","11","Saturday","05:29:23","19:17:59","243","$3,888","6","$1,180","$10,390.1","$13,763","$3,835.46","$5,811.95","388","63.9%","248","$38,869","$156.73","Spring"
"1,121","2024 May 12 12:00:00 AM","2024","FY23-24","May","12","Sunday","05:28:37","19:18:43","285","$4,560","7","$260","$6,696.36","$5,836.49","$1,791.43","$6,188.12","388","84.3%","327","$25,332","$77.47","Spring"
"1,122","2024 May 13 12:00:00 AM","2024","FY23-24","May","13","Monday","05:27:52","19:19:28","218","$3,488","4","$240","$3,821.96","$7,113.75","$2,044.35","$5,058.3","388","68.8%","267","$21,766","$81.52","Spring"
"1,123","2024 May 14 12:00:00 AM","2024","FY23-24","May","14","Tuesday","05:27:09","19:20:12","238","$3,808","1","$60","$6,742.43","$7,145.1","$715.18","$6,208.9","388","71.9%","279","$24,680","$88.46","Spring"
"1,124","2024 May 15 12:00:00 AM","2024","FY23-24","May","15","Wednesday","05:26:27","19:20:56","231","$3,696","5","$90","$4,569.76","$6,746.43","$1,675.8","$5,757","388","73.7%","286","$22,535","$78.79","Spring"
"1,125","2024 May 16 12:00:00 AM","2024","FY23-24","May","16","Thursday","05:25:46","19:21:40","259","$4,144","4","$80","$7,734.48","$7,860.85","$2,377.68","$6,147.4","392","77.3%","303","$28,344","$93.55","Spring"
"1,126","2024 May 17 12:00:00 AM","2024","FY23-24","May","17","Friday","05:25:07","19:22:23","297","$4,752","16","$710","$10,372.21","$13,352.85","$2,584.8","$8,748.88","392","86.7%","340","$40,521","$119.18","Spring"
"1,127","2024 May 18 12:00:00 AM","2024","FY23-24","May","18","Saturday","05:24:29","19:23:06","229","$3,664","1","$30","$9,180.73","$8,407.77","$1,346.32","$7,159.1","392","78.1%","306","$29,788","$97.35","Spring"
"1,128","2024 May 19 12:00:00 AM","2024","FY23-24","May","19","Sunday","05:23:53","19:23:49","260","$4,160","2","$40","$7,609.94","$8,522.82","$2,288.95","$7,065.45","392","89.5%","351","$29,687","$84.58","Spring"
"1,129","2024 May 20 12:00:00 AM","2024","FY23-24","May","20","Monday","05:23:18","19:24:31","293","$4,688","6","$170","$4,173.67","$8,926.88","$1,402.1","$5,269.9","392","80.4%","315","$24,631","$78.19","Spring"
"1,130","2024 May 21 12:00:00 AM","2024","FY23-24","May","21","Tuesday","05:22:45","19:25:13","246","$3,936","1","$10","$4,146.02","$5,443.99","$1,588.9","$6,217.95","392","72.2%","283","$21,343","$75.42","Spring"
"1,131","2024 May 22 12:00:00 AM","2024","FY23-24","May","22","Wednesday","05:22:13","19:25:54","298","$4,768","1","$30","$5,070.98","$7,173.15","$1,885.39","$7,028.5","392","85.2%","334","$25,956","$77.71","Spring"
"1,132","2024 May 23 12:00:00 AM","2024","FY23-24","May","23","Thursday","05:21:43","19:26:35","274","$4,384","3","$120","$8,703.05","$8,007.71","$2,912.23","$6,699.15","396","78.5%","311","$30,826","$99.12","Spring"
"1,133","2024 May 24 12:00:00 AM","2024","FY23-24","May","24","Friday","05:21:14","19:27:15","298","$4,768","9","$330","$9,679.06","$12,013.63","$2,537.87","$6,551.8","396","86.4%","342","$35,880","$104.91","Spring"
"1,134","2024 May 25 12:00:00 AM","2024","FY23-24","May","25","Saturday","05:20:47","19:27:55","285","$4,560","6","$180","$11,097.24","$9,227.09","$1,437.19","$6,720.79","396","84.3%","334","$33,222","$99.47","Spring"
"1,135","2024 May 26 12:00:00 AM","2024","FY23-24","May","26","Sunday","05:20:21","19:28:34","266","$4,256","5","$170","$8,213.49","$12,754.55","$1,420.78","$7,034.25","396","76%","301","$33,849","$112.46","Spring"
"1,136","2024 May 27 12:00:00 AM","2024","FY23-24","May","27","Monday","05:19:57","19:29:13","268","$4,288","3","$120","$5,172.14","$10,566.6","$1,486.9","$6,780.1","396","77.5%","307","$28,414","$92.55","Spring"
"1,137","2024 May 28 12:00:00 AM","2024","FY23-24","May","28","Tuesday","05:19:35","19:29:51","224","$3,584","3","$50","$4,193.16","$5,689.75","$461.44","$4,832.85","396","64.4%","255","$18,811","$73.77","Spring"
"1,138","2024 May 29 12:00:00 AM","2024","FY23-24","May","29","Wednesday","05:19:13","19:30:28","256","$4,096","9","$360","$5,067.38","$6,589.7","$2,530.65","$5,209.45","396","73%","289","$23,853","$82.54","Spring"
"1,139","2024 May 30 12:00:00 AM","2024","FY23-24","May","30","Thursday","05:18:54","19:31:05","229","$3,664","1","$30","$5,478.8","$5,793.02","$978.89","$5,891.05","400","66.5%","266","$21,836","$82.09","Spring"
"1,140","2024 May 31 12:00:00 AM","2024","FY23-24","May","31","Friday","05:18:36","19:31:41","255","$4,080","4","$140","$10,433.44","$10,092.95","$3,732.44","$3,321.35","400","75.7%","303","$31,800","$104.95","Spring"
"1,141","2024 Jun 01 12:00:00 AM","2024","FY23-24","June","1","Saturday","05:18:20","19:32:16","426","$6,816","1","$30","$8,856.13","$6,605.09","$1,958.61","$6,022.4","400","109.3%","437","$30,288","$69.31","Summer"
"1,142","2024 Jun 02 12:00:00 AM","2024","FY23-24","June","2","Sunday","05:18:05","19:32:50","257","$4,112","1","$30","$6,114.76","$6,972.17","$2,253.75","$6,289.06","400","81%","324","$25,772","$79.54","Summer"
"1,143","2024 Jun 03 12:00:00 AM","2024","FY23-24","June","3","Monday","05:17:52","19:33:23","231","$3,696","5","$240","$3,750.73","$4,637.2","$1,033.05","$7,526.05","400","65%","260","$20,883","$80.32","Summer"
"1,144","2024 Jun 04 12:00:00 AM","2024","FY23-24","June","4","Tuesday","05:17:40","19:33:56","207","$3,312","1","$30","$3,990.27","$4,210.7","$920.22","$5,473.5","400","60%","240","$17,937","$74.74","Summer"
"1,145","2024 Jun 05 12:00:00 AM","2024","FY23-24","June","5","Wednesday","05:17:30","19:34:28","226","$3,616","2","$60","$4,125.64","$3,096.35","$1,086.84","$5,227.35","400","62.7%","251","$17,212","$68.57","Summer"
"1,146","2024 Jun 06 12:00:00 AM","2024","FY23-24","June","6","Thursday","05:17:22","19:34:58","215","$3,440","4","$75","$4,076.77","$3,473.38","$1,042.96","$5,155.35","400","63.7%","255","$17,263","$67.7","Summer"
"1,147","2024 Jun 07 12:00:00 AM","2024","FY23-24","June","7","Friday","05:17:15","19:35:28","267","$4,272","2","$90","$6,014.01","$6,592.3","$2,066","$5,809.15","400","72.8%","291","$24,843","$85.37","Summer"
"1,148","2024 Jun 08 12:00:00 AM","2024","FY23-24","June","8","Saturday","05:17:09","19:35:56","309","$4,944","2","$60","$9,234.03","$9,278.04","$2,626.27","$6,950.8","400","81%","324","$33,093","$102.14","Summer"
"1,149","2024 Jun 09 12:00:00 AM","2024","FY23-24","June","9","Sunday","05:17:06","19:36:24","296","$4,736","2","$15","$6,440.51","$6,501.73","$1,368.17","$5,854.85","400","85.3%","341","$24,916","$73.07","Summer"
"1,150","2024 Jun 10 12:00:00 AM","2024","FY23-24","June","10","Monday","05:17:03","19:36:50","266","$4,256","4","$100","$3,863.83","$2,969.9","$991.21","$4,469.45","400","75%","300","$16,650","$55.5","Summer"
"1,151","2024 Jun 11 12:00:00 AM","2024","FY23-24","June","11","Tuesday","05:17:03","19:37:16","256","$4,096","6","$120","$4,059.83","$2,415.11","$1,003.7","$4,783.75","404","68.8%","278","$16,478","$59.27","Summer"
"1,152","2024 Jun 12 12:00:00 AM","2024","FY23-24","June","12","Wednesday","05:17:03","19:37:40","200","$3,200","2","$40","$4,153.96","$2,327.8","$584.14","$5,471.55","404","54.7%","221","$15,777","$71.39","Summer"
"1,153","2024 Jun 13 12:00:00 AM","2024","FY23-24","June","13","Thursday","05:17:06","19:38:03","253","$4,048","4","$80","$6,022.89","$2,686.01","$9,334.41","$6,846","404","69.6%","281","$29,017","$103.26","Summer"
"1,154","2024 Jun 14 12:00:00 AM","2024","FY23-24","June","14","Friday","05:17:09","19:38:25","227","$3,632","3","$70","$6,129.52","$5,709.48","$1,683.64","$5,479.15","404","65.1%","263","$22,704","$86.33","Summer"
"1,155","2024 Jun 15 12:00:00 AM","2024","FY23-24","June","15","Saturday","05:17:15","19:38:45","295","$4,720","1","$30","$7,215.96","$5,716.91","$1,756.13","$5,691.38","404","83.7%","338","$25,130","$74.35","Summer"
"1,156","2024 Jun 16 12:00:00 AM","2024","FY23-24","June","16","Sunday","05:17:21","19:39:04","233","$3,728","4","$120","$6,223.49","$5,889.34","$1,136.41","$6,356.05","404","67.1%","271","$23,453","$86.54","Summer"
"1,157","2024 Jun 17 12:00:00 AM","2024","FY23-24","June","17","Monday","05:17:29","19:39:22","249","$3,984","0","$0","$3,624.85","$2,560.7","$647.33","$4,687.35","404","66.1%","267","$15,504","$58.07","Summer"
"1,158","2024 Jun 18 12:00:00 AM","2024","FY23-24","June","18","Tuesday","05:17:39","19:39:39","263","$4,208","0","$0","$4,411.06","$2,714.3","$966.99","$5,756.45","404","73.8%","298","$18,057","$60.59","Summer"
"1,159","2024 Jun 19 12:00:00 AM","2024","FY23-24","June","19","Wednesday","05:17:50","19:39:54","338","$5,408","2","$90","$7,380.88","$3,951.8","$1,992.19","$7,639.25","404","87.9%","355","$26,462","$74.54","Summer"
"1,160","2024 Jun 20 12:00:00 AM","2024","FY23-24","June","20","Thursday","05:18:02","19:40:08","244","$3,904","4","$75","$4,602.54","$2,253.98","$1,279.26","$5,395.84","404","66.6%","269","$17,511","$65.1","Summer"
"1,161","2024 Jun 21 12:00:00 AM","2024","FY23-24","June","21","Friday","05:18:16","19:40:20","234","$3,744","6","$210","$6,250.33","$5,068.4","$1,694.18","$5,257.9","404","65.1%","263","$22,225","$84.5","Summer"
"1,162","2024 Jun 22 12:00:00 AM","2024","FY23-24","June","22","Saturday","05:18:31","19:40:31","320","$5,120","14","$560","$7,987.83","$8,796.2","$1,283.79","$6,370.55","404","87.1%","352","$30,118","$85.56","Summer"
"1,163","2024 Jun 23 12:00:00 AM","2024","FY23-24","June","23","Sunday","05:18:47","19:40:41","305","$4,880","7","$345","$6,661.27","$6,465.19","$1,104.36","$7,196","404","88.1%","356","$26,652","$74.86","Summer"
"1,164","2024 Jun 24 12:00:00 AM","2024","FY23-24","June","24","Monday","05:19:04","19:40:49","189","$3,024","2","$70","$2,420.38","$2,401.8","$2,504.1","$3,477.15","404","54%","218","$13,897","$63.75","Summer"
"1,165","2024 Jun 25 12:00:00 AM","2024","FY23-24","June","25","Tuesday","05:19:23","19:40:56","224","$3,584","3","$130","$3,732.52","$2,985.6","$1,013.58","$4,909.35","404","62.4%","252","$16,355","$64.9","Summer"
"1,166","2024 Jun 26 12:00:00 AM","2024","FY23-24","June","26","Wednesday","05:19:43","19:41:01","57","$912","0","$0","$3,294.87","$3,147.89","$1,287.58","$4,852.9","404","49%","198","$13,495","$68.16","Summer"
"1,167","2024 Jun 27 12:00:00 AM","2024","FY23-24","June","27","Thursday","05:20:04","19:41:04","67","$1,072","2","$40","$3,459.28","$3,696.85","$811.16","$4,350.4","404","55.4%","224","$13,430","$59.95","Summer"
"1,168","2024 Jun 28 12:00:00 AM","2024","FY23-24","June","28","Friday","05:20:26","19:41:06","247","$3,952","1","$30","$5,457.14","$4,879","$1,984.48","$5,535.29","404","69.6%","281","$21,838","$77.71","Summer"
"1,169","2024 Jun 29 12:00:00 AM","2024","FY23-24","June","29","Saturday","05:20:50","19:41:07","271","$4,336","3","$120","$5,878.29","$6,284.45","$915.54","$5,790.41","404","73%","295","$23,325","$79.07","Summer"
"1,170","2024 Jun 30 12:00:00 AM","2024","FY23-24","June","30","Sunday","05:21:14","19:41:06","293","$4,688","3","$50","$5,757.05","$5,878.04","$965.41","$6,413.02","404","85.4%","345","$23,752","$68.84","Summer"
"1,171","2024 Jul 01 12:00:00 AM","2024","FY24-25","July","1","Monday","05:21:40","19:41:03","265","$4,240","1","$10","$3,885.61","$1,979.38","$790.59","$5,289.32","404","71.8%","290","$16,195","$55.84","Summer"
"1,172","2024 Jul 02 12:00:00 AM","2024","FY24-25","July","2","Tuesday","05:22:07","19:40:59","249","$3,984","4","$105","$3,622.66","$2,128.9","$1,647.81","$5,202.14","400","68.8%","275","$16,691","$60.69","Summer"
"1,173","2024 Jul 03 12:00:00 AM","2024","FY24-25","July","3","Wednesday","05:22:34","19:40:53","223","$3,568","1","$60","$4,488.76","$1,897.37","$933.62","$6,123.23","400","60.8%","243","$17,071","$70.25","Summer"
"1,174","2024 Jul 04 12:00:00 AM","2024","FY24-25","July","4","Thursday","05:23:03","19:40:46","247","$3,952","2","$70","$4,646.61","$4,827.53","$718.36","$3,338.7","400","69.3%","277","$17,553","$63.37","Summer"
"1,175","2024 Jul 05 12:00:00 AM","2024","FY24-25","July","5","Friday","05:23:32","19:40:37","200","$3,200","4","$120","$3,907.05","$4,499.98","$1,750.67","$4,693.2","400","55%","220","$18,171","$82.59","Summer"
"1,176","2024 Jul 06 12:00:00 AM","2024","FY24-25","July","6","Saturday","05:24:02","19:40:26","260","$4,160","5","$130","$7,623.38","$5,316.58","$1,840.66","$4,934.91","400","72%","288","$24,006","$83.35","Summer"
"1,177","2024 Jul 07 12:00:00 AM","2024","FY24-25","July","7","Sunday","05:24:34","19:40:14","249","$3,984","2","$60","$3,882.45","$4,706.75","$1,011.41","$4,420.75","400","68.2%","273","$18,065","$66.17","Summer"
"1,178","2024 Jul 08 12:00:00 AM","2024","FY24-25","July","8","Monday","05:25:06","19:40:00","116","$1,856","2","$60","$2,135.04","$1,056.7","$1,000.93","$4,930.2","400","34.5%","138","$11,039","$79.99","Summer"
"1,179","2024 Jul 09 12:00:00 AM","2024","FY24-25","July","9","Tuesday","05:25:38","19:39:44","127","$2,032","0","$0","$4,061.4","$457.43","$1,755.42","$4,356.75","400","35.7%","143","$12,663","$88.55","Summer"
"1,180","2024 Jul 10 12:00:00 AM","2024","FY24-25","July","10","Wednesday","05:26:12","19:39:27","160","$2,560","1","$30","$2,944.14","$1,616.1","$917.96","$4,454.85","400","48%","192","$12,523","$65.22","Summer"
"1,181","2024 Jul 11 12:00:00 AM","2024","FY24-25","July","11","Thursday","05:26:46","19:39:09","201","$3,216","2","$30","$4,549.06","$1,908.93","$1,603.43","$5,138.95","400","58.5%","234","$16,446","$70.28","Summer"
"1,182","2024 Jul 12 12:00:00 AM","2024","FY24-25","July","12","Friday","05:27:21","19:38:48","205","$3,280","2","$60","$4,293.84","$2,408.35","$743.65","$5,640.5","396","56.3%","223","$16,426","$73.66","Summer"
"1,183","2024 Jul 13 12:00:00 AM","2024","FY24-25","July","13","Saturday","05:27:57","19:38:26","164","$2,624","1","$60","$5,808.77","$3,481.27","$1,248.65","$4,925.81","396","46.5%","184","$18,149","$98.63","Summer"
"1,184","2024 Jul 14 12:00:00 AM","2024","FY24-25","July","14","Sunday","05:28:33","19:38:03","259","$4,144","3","$53","$5,077.22","$4,630.3","$1,358.58","$4,587.7","396","73.2%","290","$19,851","$68.45","Summer"
"1,185","2024 Jul 15 12:00:00 AM","2024","FY24-25","July","15","Monday","05:29:10","19:37:38","140","$2,240","0","$0","$2,551.71","$1,891","$799.67","$4,141.7","396","44.9%","178","$11,624","$65.3","Summer"
"1,186","2024 Jul 16 12:00:00 AM","2024","FY24-25","July","16","Tuesday","05:29:47","19:37:11","296","$4,736","14","$330","$3,472.59","$822.3","$1,145.95","$4,662.75","396","85.9%","340","$15,170","$44.62","Summer"
"1,187","2024 Jul 17 12:00:00 AM","2024","FY24-25","July","17","Wednesday","05:30:25","19:36:43","190","$3,040","0","$0","$3,265.01","$1,981.6","$1,078.53","$3,679.4","396","57.6%","228","$13,045","$57.21","Summer"
"1,188","2024 Jul 18 12:00:00 AM","2024","FY24-25","July","18","Thursday","05:31:04","19:36:13","216","$3,456","5","$130","$4,885.91","$2,503.35","$1,400.61","$6,219.35","396","68.4%","271","$18,595","$68.62","Summer"
"1,189","2024 Jul 19 12:00:00 AM","2024","FY24-25","July","19","Friday","05:31:42","19:35:42","242","$3,872","4","$90","$4,855.81","$3,234.7","$2,977.63","$5,068.85","396","66.9%","265","$20,099","$75.85","Summer"
"1,190","2024 Jul 20 12:00:00 AM","2024","FY24-25","July","20","Saturday","05:32:22","19:35:09","221","$3,536","1","$60","$4,763.51","$4,322.64","$2,702.89","$3,756.06","392","62%","243","$19,141","$78.77","Summer"
"1,191","2024 Jul 21 12:00:00 AM","2024","FY24-25","July","21","Sunday","05:33:01","19:34:34","269","$4,304","1","$30","$6,809.01","$5,374.58","$1,064.85","$4,718.19","392","69.9%","274","$22,301","$81.39","Summer"
"1,192","2024 Jul 22 12:00:00 AM","2024","FY24-25","July","22","Monday","05:33:41","19:33:58","171","$2,736","1","$30","$2,383.75","$1,663.2","$822.21","$3,825.41","392","51.3%","201","$11,461","$57.02","Summer"
"1,193","2024 Jul 23 12:00:00 AM","2024","FY24-25","July","23","Tuesday","05:34:21","19:33:21","154","$2,464","3","$75","$3,074.7","$1,949.33","$1,334.6","$4,050.87","392","51.8%","203","$12,949","$63.79","Summer"
"1,194","2024 Jul 24 12:00:00 AM","2024","FY24-25","July","24","Wednesday","05:35:02","19:32:42","194","$3,104","1","$15","$2,849.36","$1,544.95","$484.86","$5,412.53","392","54.3%","213","$13,411","$62.96","Summer"
"1,195","2024 Jul 25 12:00:00 AM","2024","FY24-25","July","25","Thursday","05:35:43","19:32:02","181","$2,896","1","$30","$4,151.25","$1,920.75","$1,105.63","$4,928.2","392","55.1%","216","$15,032","$69.59","Summer"
"1,196","2024 Jul 26 12:00:00 AM","2024","FY24-25","July","26","Friday","05:36:24","19:31:20","239","$3,824","3","$67","$4,965.45","$3,085.3","$1,545.11","$4,552.1","388","67.8%","263","$18,039","$68.59","Summer"
"1,197","2024 Jul 27 12:00:00 AM","2024","FY24-25","July","27","Saturday","05:37:05","19:30:36","255","$4,080","9","$250","$5,068.35","$3,345.94","$1,256.74","$6,411.27","388","77.1%","299","$20,412","$68.27","Summer"
"1,198","2024 Jul 28 12:00:00 AM","2024","FY24-25","July","28","Sunday","05:37:47","19:29:52","262","$4,192","7","$245","$5,106.44","$4,814.4","$1,322.36","$4,587.85","388","74.2%","288","$20,268","$70.38","Summer"
"1,199","2024 Jul 29 12:00:00 AM","2024","FY24-25","July","29","Monday","05:38:29","19:29:06","146","$2,336","1","$10","$2,352.97","$1,513.06","$846.01","$3,807.99","388","44.6%","173","$10,866","$62.81","Summer"
"1,200","2024 Jul 30 12:00:00 AM","2024","FY24-25","July","30","Tuesday","05:39:11","19:28:18","192","$3,072","0","$0","$3,434.69","$1,544.85","$487.26","$4,787.9","388","59.5%","231","$13,327","$57.69","Summer"
"1,201","2024 Jul 31 12:00:00 AM","2024","FY24-25","July","31","Wednesday","05:39:53","19:27:30","161","$2,576","1","$15","$3,087.4","$1,524.2","$377.45","$12,691","388","49.5%","192","$20,271","$105.58","Summer"
"1,202","2024 Aug 01 12:00:00 AM","2024","FY24-25","August","1","Thursday","05:40:35","19:26:39","302","$4,832","0","$0","$5,104.52","$3,233.99","$874.11","$6,359.72","384","91.4%","351","$20,404","$58.13","Summer"
"1,203","2024 Aug 02 12:00:00 AM","2024","FY24-25","August","2","Friday","05:41:17","19:25:48","260","$4,160","6","$203","$5,896.75","$3,717.75","$1,356.56","$5,889.65","384","75.5%","290","$21,224","$73.19","Summer"
"1,204","2024 Aug 03 12:00:00 AM","2024","FY24-25","August","3","Saturday","05:41:59","19:24:55","254","$4,064","4","$110","$6,294.46","$6,767.2","$1,629.04","$5,021.15","384","72.4%","278","$23,886","$85.92","Summer"
"1,205","2024 Aug 04 12:00:00 AM","2024","FY24-25","August","4","Sunday","05:42:41","19:24:01","272","$4,352","3","$90","$4,792.49","$3,274.23","$1,158.12","$5,227.48","384","76.6%","294","$18,894","$64.27","Summer"
"1,206","2024 Aug 05 12:00:00 AM","2024","FY24-25","August","5","Monday","05:43:24","19:23:06","156","$2,496","0","$0","$2,249.17","$1,289.45","$824.04","$3,161.4","384","43.5%","167","$10,020","$60","Summer"
"1,207","2024 Aug 06 12:00:00 AM","2024","FY24-25","August","6","Tuesday","05:44:06","19:22:10","174","$2,784","7","$165","$3,326.19","$1,958.55","$688.9","$5,148.97","380","58.4%","222","$14,072","$63.39","Summer"
"1,208","2024 Aug 07 12:00:00 AM","2024","FY24-25","August","7","Wednesday","05:44:48","19:21:12","133","$2,128","2","$45","$3,575.05","$958.4","$566.57","$5,716.35","380","43.2%","164","$12,989","$79.2","Summer"
"1,209","2024 Aug 08 12:00:00 AM","2024","FY24-25","August","8","Thursday","05:45:31","19:20:14","210","$3,360","0","$0","$3,928.38","$1,745.88","$850.66","$4,565.75","380","62.1%","236","$14,451","$61.23","Summer"
"1,210","2024 Aug 09 12:00:00 AM","2024","FY24-25","August","9","Friday","05:46:13","19:19:14","230","$3,680","2","$20","$5,598.43","$3,724.69","$1,053.53","$5,949.03","380","68.4%","260","$20,026","$77.02","Summer"
"1,211","2024 Aug 10 12:00:00 AM","2024","FY24-25","August","10","Saturday","05:46:55","19:18:13","210","$3,360","1","$30","$7,062.83","$1,570.26","$2,628.51","$5,776.94","380","55.3%","210","$20,429","$97.28","Summer"
"1,212","2024 Aug 11 12:00:00 AM","2024","FY24-25","August","11","Sunday","05:47:38","19:17:11","259","$4,144","8","$170","$5,971.54","$4,741.35","$1,026.24","$5,097.4","376","77.4%","291","$21,151","$72.68","Summer"
"1,213","2024 Aug 12 12:00:00 AM","2024","FY24-25","August","12","Monday","05:48:20","19:16:08","156","$2,496","1","$30","$2,611.79","$1,313.35","$674.63","$5,150.15","376","47.6%","179","$12,276","$68.58","Summer"
"1,214","2024 Aug 13 12:00:00 AM","2024","FY24-25","August","13","Tuesday","05:49:02","19:15:04","244","$3,904","2","$60","$3,430.01","$1,668.8","$4,952.31","$5,052.25","376","68.1%","256","$19,067","$74.48","Summer"
"1,215","2024 Aug 14 12:00:00 AM","2024","FY24-25","August","14","Wednesday","05:49:44","19:13:59","172","$2,752","1","$15","$3,706.41","$1,403.54","$993.76","$5,032.3","376","52.9%","199","$13,903","$69.86","Summer"
"1,216","2024 Aug 15 12:00:00 AM","2024","FY24-25","August","15","Thursday","05:50:26","19:12:53","210","$3,360","2","$90","$6,192.83","$1,756.16","$1,709.93","$5,329.2","372","60.5%","225","$18,438","$81.95","Summer"
"1,217","2024 Aug 16 12:00:00 AM","2024","FY24-25","August","16","Friday","05:51:08","19:11:46","255","$4,080","2","$90","$6,468.24","$4,294.1","$1,740.67","$5,727.2","372","75.5%","281","$22,400","$79.72","Summer"
"1,218","2024 Aug 17 12:00:00 AM","2024","FY24-25","August","17","Saturday","05:51:49","19:10:38","278","$4,448","3","$120","$6,925.57","$5,797","$2,214.21","$5,204.25","372","80.6%","300","$24,709","$82.36","Summer"
"1,219","2024 Aug 18 12:00:00 AM","2024","FY24-25","August","18","Sunday","05:52:31","19:09:29","254","$4,064","3","$80","$5,553.54","$2,952.63","$1,910.89","$8,076.53","372","74.5%","277","$22,638","$81.72","Summer"
"1,220","2024 Aug 19 12:00:00 AM","2024","FY24-25","August","19","Monday","05:53:13","19:08:19","168","$2,688","0","$0","$2,519.41","$1,342.6","$493.12","$2,865.1","368","49.7%","183","$9,908","$54.14","Summer"
"1,221","2024 Aug 20 12:00:00 AM","2024","FY24-25","August","20","Tuesday","05:53:54","19:07:08","206","$3,296","1","$30","$3,669.99","$1,876.15","$1,145.8","$5,945.35","368","60.1%","221","$15,963","$72.23","Summer"
"1,222","2024 Aug 21 12:00:00 AM","2024","FY24-25","August","21","Wednesday","05:54:35","19:05:57","171","$2,736","3","$150","$3,571.42","$1,624.45","$1,198.82","$6,175.81","368","53.3%","196","$15,457","$78.86","Summer"
"1,223","2024 Aug 22 12:00:00 AM","2024","FY24-25","August","22","Thursday","05:55:17","19:04:45","204","$3,264","3","$90","$4,445.3","$1,675.08","$836.65","$4,232.45","368","59.5%","219","$14,543","$66.41","Summer"
"1,224","2024 Aug 23 12:00:00 AM","2024","FY24-25","August","23","Friday","05:55:58","19:03:32","272","$4,352","5","$150","$6,551.77","$3,649.25","$1,709.41","$6,110.9","368","77.7%","286","$22,523","$78.75","Summer"
"1,225","2024 Aug 24 12:00:00 AM","2024","FY24-25","August","24","Saturday","05:56:39","19:02:18","229","$3,664","6","$135","$7,334.54","$8,626.8","$1,783.08","$4,774.15","364","66.8%","243","$26,318","$108.3","Summer"
"1,226","2024 Aug 25 12:00:00 AM","2024","FY24-25","August","25","Sunday","05:57:20","19:01:04","254","$4,064","6","$180","$5,931.43","$2,969.97","$1,292.52","$7,698.24","364","76.1%","277","$22,136","$79.91","Summer"
"1,227","2024 Aug 26 12:00:00 AM","2024","FY24-25","August","26","Monday","05:58:01","18:59:49","164","$2,624","4","$130","$3,274.08","$1,961.35","$598.26","$4,362.72","364","53%","193","$12,950","$67.1","Summer"
"1,228","2024 Aug 27 12:00:00 AM","2024","FY24-25","August","27","Tuesday","05:58:41","18:58:33","214","$3,424","1","$30","$4,046.63","$1,401.1","$789.64","$5,489.15","364","62.4%","227","$15,181","$66.87","Summer"
"1,229","2024 Aug 28 12:00:00 AM","2024","FY24-25","August","28","Wednesday","05:59:22","18:57:17","226","$3,616","4","$90","$4,993.19","$2,127.65","$509.09","$4,623.1","360","68.1%","245","$15,959","$65.14","Summer"
"1,230","2024 Aug 29 12:00:00 AM","2024","FY24-25","August","29","Thursday","06:00:02","18:56:00","193","$3,088","1","$10","$5,799.69","$2,018.97","$1,586.99","$5,601.7","360","59.2%","213","$18,105","$85","Summer"
"1,231","2024 Aug 30 12:00:00 AM","2024","FY24-25","August","30","Friday","06:00:43","18:54:43","222","$3,552","6","$390","$6,233.9","$5,472.1","$2,069.77","$6,978.95","360","67.2%","242","$24,697","$102.05","Summer"
"1,232","2024 Aug 31 12:00:00 AM","2024","FY24-25","August","31","Saturday","06:01:23","18:53:25","261","$4,176","4","$130","$9,664.19","$3,351.34","$1,030.77","$13,253.66","360","80.8%","291","$31,606","$108.61","Summer"
"1,233","2024 Sep 01 12:00:00 AM","2024","FY24-25","September","1","Sunday","06:02:03","18:52:06","257","$4,112","3","$120","$5,319.67","$6,874.15","$964","$7,598.1","356","84%","299","$24,988","$83.57","Fall"
"1,234","2024 Sep 02 12:00:00 AM","2024","FY24-25","September","2","Monday","06:02:44","18:50:47","270","$4,320","3","$100","$6,182.02","$5,342.45","$1,597.69","$6,176.2","356","81.7%","291","$23,718","$81.51","Fall"
"1,235","2024 Sep 03 12:00:00 AM","2024","FY24-25","September","3","Tuesday","06:03:24","18:49:28","168","$2,688","1","$30","$2,878.02","$2,501.31","$659.11","$4,011.1","356","52.5%","187","$12,768","$68.28","Fall"
"1,236","2024 Sep 04 12:00:00 AM","2024","FY24-25","September","4","Wednesday","06:04:04","18:48:08","189","$3,024","10","$255","$4,273.24","$3,151.9","$778.32","$5,089.3","356","57.9%","206","$16,572","$80.45","Fall"
"1,237","2024 Sep 05 12:00:00 AM","2024","FY24-25","September","5","Thursday","06:04:44","18:46:48","179","$2,864","3","$90","$4,451.33","$3,573.64","$833.53","$6,872.2","352","56.8%","200","$18,685","$93.42","Fall"
"1,238","2024 Sep 06 12:00:00 AM","2024","FY24-25","September","6","Friday","06:05:24","18:45:27","211","$3,376","5","$150","$6,471.66","$7,750.95","$2,216.93","$5,505","352","67.9%","239","$25,471","$106.57","Fall"
"1,239","2024 Sep 07 12:00:00 AM","2024","FY24-25","September","7","Saturday","06:06:03","18:44:06","281","$4,496","1","$60","$7,805.07","$5,235.98","$2,912.79","$6,404.28","352","87.5%","308","$26,914","$87.38","Fall"
"1,240","2024 Sep 08 12:00:00 AM","2024","FY24-25","September","8","Sunday","06:06:43","18:42:45","261","$4,176","7","$210","$5,637.89","$3,642.15","$530.66","$4,767.38","352","82.1%","289","$18,964","$65.62","Fall"
"1,241","2024 Sep 09 12:00:00 AM","2024","FY24-25","September","9","Monday","06:07:23","18:41:24","157","$2,512","1","$30","$2,957.37","$4,777.7","$372.78","$4,491.3","348","53.2%","185","$15,141","$81.84","Fall"
"1,242","2024 Sep 10 12:00:00 AM","2024","FY24-25","September","10","Tuesday","06:08:03","18:40:02","153","$2,448","3","$75","$3,399.19","$5,239.9","$584.13","$5,125.35","348","52.9%","184","$16,872","$91.69","Fall"
"1,243","2024 Sep 11 12:00:00 AM","2024","FY24-25","September","11","Wednesday","06:08:43","18:38:40","192","$3,072","3","$120","$4,522.36","$2,357.24","$578.98","$5,912.9","348","61.5%","214","$16,563","$77.4","Fall"
"1,244","2024 Sep 12 12:00:00 AM","2024","FY24-25","September","12","Thursday","06:09:22","18:37:18","219","$3,504","2","$60","$5,046.2","$6,480.25","$954.91","$5,025.25","348","74.4%","259","$21,071","$81.35","Fall"
"1,245","2024 Sep 13 12:00:00 AM","2024","FY24-25","September","13","Friday","06:10:02","18:35:55","264","$4,224","14","$580","$6,271.11","$7,366","$1,081.17","$5,653.55","344","83.4%","287","$25,176","$87.72","Fall"
"1,246","2024 Sep 14 12:00:00 AM","2024","FY24-25","September","14","Saturday","06:10:42","18:34:32","248","$3,968","4","$100","$6,073.07","$8,035.15","$1,810.72","$7,607.3","344","78.8%","271","$27,594","$101.82","Fall"
"1,247","2024 Sep 15 12:00:00 AM","2024","FY24-25","September","15","Sunday","06:11:22","18:33:10","266","$4,256","3","$120","$5,562.22","$5,491.65","$891.25","$5,394.03","344","87.8%","302","$21,715","$71.9","Fall"
"1,248","2024 Sep 16 12:00:00 AM","2024","FY24-25","September","16","Monday","06:12:02","18:31:47","169","$2,704","5","$210","$2,919.09","$4,626.7","$1,033.63","$4,359.95","340","57.9%","197","$15,853","$80.47","Fall"
"1,249","2024 Sep 17 12:00:00 AM","2024","FY24-25","September","17","Tuesday","06:12:42","18:30:24","195","$3,120","0","$0","$3,295.07","$7,155.05","$1,312.6","$5,229.4","340","69.7%","237","$20,112","$84.86","Fall"
"1,250","2024 Sep 18 12:00:00 AM","2024","FY24-25","September","18","Wednesday","06:13:22","18:29:01","107","$1,712","0","$0","$3,944.94","$7,740","$1,016.41","$6,361","340","76.2%","259","$20,774","$80.21","Fall"
"1,251","2024 Sep 19 12:00:00 AM","2024","FY24-25","September","19","Thursday","06:14:02","18:27:38","101","$1,616","0","$0","$5,629.92","$7,370.22","$740.41","$5,522.3","340","74.7%","254","$20,879","$82.2","Fall"
"1,252","2024 Sep 20 12:00:00 AM","2024","FY24-25","September","20","Friday","06:14:43","18:26:15","262","$4,192","13","$660","$8,145.78","$11,111","$1,588.91","$9,822.9","340","86.8%","295","$35,521","$120.41","Fall"
"1,253","2024 Sep 21 12:00:00 AM","2024","FY24-25","September","21","Saturday","06:15:23","18:24:53","295","$4,720","11","$200","$8,815.95","$9,056.72","$2,398.75","$6,003.95","336","96.1%","323","$31,195","$96.58","Fall"
"1,254","2024 Sep 22 12:00:00 AM","2024","FY24-25","September","22","Sunday","06:16:03","18:23:30","280","$4,480","1","$30","$5,534.69","$5,241","$858.18","$5,465.37","336","92%","309","$21,609","$69.93","Fall"
"1,255","2024 Sep 23 12:00:00 AM","2024","FY24-25","September","23","Monday","06:16:44","18:22:07","176","$2,816","4","$120","$3,721.04","$4,711.2","$606.13","$4,242.5","336","60.7%","204","$16,217","$79.49","Fall"
"1,256","2024 Sep 24 12:00:00 AM","2024","FY24-25","September","24","Tuesday","06:17:25","18:20:44","168","$2,688","0","$0","$3,014.91","$4,744.2","$534.17","$4,736.05","332","58.1%","193","$15,717","$81.44","Fall"
"1,257","2024 Sep 25 12:00:00 AM","2024","FY24-25","September","25","Wednesday","06:18:06","18:19:22","184","$2,944","1","$30","$4,032.84","$5,148.95","$416.94","$5,054.6","332","65.4%","217","$17,627","$81.23","Fall"
"1,258","2024 Sep 26 12:00:00 AM","2024","FY24-25","September","26","Thursday","06:18:47","18:18:00","206","$3,296","2","$60","$5,360.75","$4,795.84","$530.08","$6,127.05","332","71.4%","237","$20,170","$85.1","Fall"
"1,259","2024 Sep 27 12:00:00 AM","2024","FY24-25","September","27","Friday","06:19:28","18:16:38","257","$4,112","7","$330","$8,029.36","$8,283","$1,719.63","$5,764.05","332","81.6%","271","$28,238","$104.2","Fall"
"1,260","2024 Sep 28 12:00:00 AM","2024","FY24-25","September","28","Saturday","06:20:10","18:15:16","239","$3,824","2","$60","$7,642.96","$6,108.41","$1,902.37","$5,590.28","328","79.6%","261","$25,128","$96.28","Fall"
"1,261","2024 Sep 29 12:00:00 AM","2024","FY24-25","September","29","Sunday","06:20:51","18:13:55","210","$3,360","4","$60","$5,523.61","$5,569.53","$646.84","$4,208.71","328","75%","246","$19,369","$78.73","Fall"
"1,262","2024 Sep 30 12:00:00 AM","2024","FY24-25","September","30","Monday","06:21:33","18:12:33","203","$3,248","1","$60","$4,424.95","$3,839.6","$1,408.69","$11,311.85","328","64.9%","213","$24,293","$114.05","Fall"
"1,263","2024 Oct 01 12:00:00 AM","2024","FY24-25","October","1","Tuesday","06:22:15","18:11:13","192","$3,072","3","$90","$3,288.93","$4,748.12","$1,132.51","$7,443","328","63.4%","208","$19,775","$95.07","Fall"
"1,264","2024 Oct 02 12:00:00 AM","2024","FY24-25","October","2","Wednesday","06:22:58","18:09:52","226","$3,616","2","$90","$4,817.7","$5,159.5","$1,563.35","$5,457.05","324","78.1%","253","$20,704","$81.83","Fall"
"1,265","2024 Oct 03 12:00:00 AM","2024","FY24-25","October","3","Thursday","06:23:40","18:08:32","258","$4,128","6","$190","$5,377.25","$6,563.55","$1,229.2","$6,352.33","324","90.1%","292","$23,840","$81.64","Fall"
"1,266","2024 Oct 04 12:00:00 AM","2024","FY24-25","October","4","Friday","06:24:23","18:07:12","225","$3,600","8","$270","$6,769.12","$7,305","$2,260.38","$6,499.9","324","75.6%","245","$26,704","$109","Fall"
"1,267","2024 Oct 05 12:00:00 AM","2024","FY24-25","October","5","Saturday","06:25:06","18:05:53","200","$3,200","0","$0","$7,421.12","$6,862.7","$1,131.46","$5,779.45","324","67.6%","219","$24,395","$111.39","Fall"
"1,268","2024 Oct 06 12:00:00 AM","2024","FY24-25","October","6","Sunday","06:25:50","18:04:34","224","$3,584","0","$0","$4,867.84","$6,040.81","$1,082.51","$4,845.87","320","80.9%","259","$20,421","$78.85","Fall"
"1,269","2024 Oct 07 12:00:00 AM","2024","FY24-25","October","7","Monday","06:26:34","18:03:16","0","$0","0","$0","$541.05","$126","$638.72","$4,939.84","320","0%","0","$6,246",,"Fall"
"1,270","2024 Oct 08 12:00:00 AM","2024","FY24-25","October","8","Tuesday","06:27:18","18:01:58","0","$0","0","$0","$1,457.74","$158","$553.23","$5,341.3","320","0%","0","$7,510",,"Fall"
"1,271","2024 Oct 09 12:00:00 AM","2024","FY24-25","October","9","Wednesday","06:28:02","18:00:41","0","$0","0","$0","$1,694.24","$316","$191.14","$5,613.15","320","0%","0","$7,815",,"Fall"
"1,272","2024 Oct 10 12:00:00 AM","2024","FY24-25","October","10","Thursday","06:28:47","17:59:25","0","$0","0","$0","$2,958.08","$553","$539.42","$5,970.63","316","0%","0","$10,021",,"Fall"
"1,273","2024 Oct 11 12:00:00 AM","2024","FY24-25","October","11","Friday","06:29:32","17:58:09","0","$0","0","$0","$2,077.54","$464","$781.42","$5,976.17","316","0%","0","$9,299",,"Fall"
"1,274","2024 Oct 12 12:00:00 AM","2024","FY24-25","October","12","Saturday","06:30:17","17:56:54","0","$0","0","$0","$2,164.84","$326","$441.02","$5,315.42","316","0%","0","$8,247",,"Fall"
"1,275","2024 Oct 13 12:00:00 AM","2024","FY24-25","October","13","Sunday","06:31:03","17:55:39","0","$0","0","$0","$1,783.84","$79","$329.18","$5,904.7","316","0%","0","$8,097",,"Fall"
"1,276","2024 Oct 14 12:00:00 AM","2024","FY24-25","October","14","Monday","06:31:49","17:54:25","0","$0","0","$0","$839.62","$79","$187.42","$5,628.12","312","0%","0","$6,734",,"Fall"
"1,277","2024 Oct 15 12:00:00 AM","2024","FY24-25","October","15","Tuesday","06:32:35","17:53:12","0","$0","0","$0","$1,163.22","$511","$263.76","$4,768.69","312","0%","0","$6,707",,"Fall"
"1,278","2024 Oct 16 12:00:00 AM","2024","FY24-25","October","16","Wednesday","06:33:22","17:52:00","0","$0","0","$0","$2,188.31","$158","$738.99","$7,690.4","312","0%","0","$10,776",,"Fall"
"1,279","2024 Oct 17 12:00:00 AM","2024","FY24-25","October","17","Thursday","06:34:09","17:50:48","0","$0","0","$0","$2,977.51","$435","$407.12","$6,628.13","312","0%","0","$10,448",,"Fall"
"1,280","2024 Oct 18 12:00:00 AM","2024","FY24-25","October","18","Friday","06:34:57","17:49:38","221","$3,536","12","$350","$8,112.07","$11,644","$2,859.45","$8,425.75","308","86.7%","267","$34,927","$130.81","Fall"
"1,281","2024 Oct 19 12:00:00 AM","2024","FY24-25","October","19","Saturday","06:35:45","17:48:28","221","$3,536","3","$50","$7,554.82","$12,096.15","$1,104.54","$7,589.3","308","88.6%","273","$31,931","$116.96","Fall"
"1,282","2024 Oct 20 12:00:00 AM","2024","FY24-25","October","20","Sunday","06:36:33","17:47:19","198","$3,168","7","$170","$5,916.85","$11,749","$1,127.32","$7,179.64","308","87%","268","$29,311","$109.37","Fall"
"1,283","2024 Oct 21 12:00:00 AM","2024","FY24-25","October","21","Monday","06:37:22","17:46:11","158","$2,528","4","$60","$3,741.81","$8,056.3","$1,139.74","$5,341.18","308","66.6%","205","$20,867","$101.79","Fall"
"1,284","2024 Oct 22 12:00:00 AM","2024","FY24-25","October","22","Tuesday","06:38:11","17:45:05","144","$2,304","5","$70","$4,194.92","$9,106.9","$1,123.67","$5,471.3","304","72.7%","221","$22,271","$100.77","Fall"
"1,285","2024 Oct 23 12:00:00 AM","2024","FY24-25","October","23","Wednesday","06:39:00","17:43:59","182","$2,912","4","$120","$5,490.14","$10,246.04","$1,303.97","$7,890.21","304","79.6%","242","$27,962","$115.55","Fall"
"1,286","2024 Oct 24 12:00:00 AM","2024","FY24-25","October","24","Thursday","06:39:50","17:42:54","174","$2,784","4","$60","$6,114.29","$9,470","$1,094.24","$8,341.45","304","81.9%","249","$27,864","$111.9","Fall"
"1,287","2024 Oct 25 12:00:00 AM","2024","FY24-25","October","25","Friday","06:40:41","17:41:50","0","$0","1","$10","$11,764.72","$17,205.68","$854.36","$6,401.78","304","63.2%","192","$36,237","$188.73","Fall"
"1,288","2024 Oct 26 12:00:00 AM","2024","FY24-25","October","26","Saturday","06:41:31","17:40:48","0","$0","0","$0","$13,208.02","$17,207.84","$973.74","$7,268.89","300","34.7%","104","$38,658","$371.72","Fall"
"1,289","2024 Oct 27 12:00:00 AM","2024","FY24-25","October","27","Sunday","06:42:22","17:39:46","210","$3,360","9","$230","$4,912.01","$11,599.15","$956.46","$5,417.14","300","94.3%","283","$26,475","$93.55","Fall"
"1,290","2024 Oct 28 12:00:00 AM","2024","FY24-25","October","28","Monday","06:43:14","17:38:46","173","$2,768","5","$70","$3,446.73","$8,232","$753.36","$4,500.92","300","71.7%","215","$19,771","$91.96","Fall"
"1,291","2024 Oct 29 12:00:00 AM","2024","FY24-25","October","29","Tuesday","06:44:05","17:37:47","180","$2,880","4","$40","$3,518.61","$10,624.55","$2,127.96","$5,920.62","300","85.7%","257","$25,112","$97.71","Fall"
"1,292","2024 Oct 30 12:00:00 AM","2024","FY24-25","October","30","Wednesday","06:44:57","17:36:49","140","$2,240","6","$80","$4,415.1","$9,721","$491.71","$6,337.96","300","77%","231","$23,286","$100.8","Fall"
"1,293","2024 Oct 31 12:00:00 AM","2024","FY24-25","October","31","Thursday","06:45:50","17:35:52","154","$2,464","4","$60","$4,781.1","$9,746.9","$3,146.01","$14,185.27","296","81.4%","241","$34,383","$142.67","Fall"
"1,294","2024 Nov 01 12:00:00 AM","2024","FY24-25","November","1","Friday","06:46:43","17:34:57","217","$3,472","17","$430","$7,386.74","$10,888.15","$2,075.48","$9,838.79","296","90.2%","267","$34,091","$127.68","Fall"
"1,295","2024 Nov 02 12:00:00 AM","2024","FY24-25","November","2","Saturday","06:47:36","17:34:03","224","$3,584","2","$60","$9,179.27","$8,933.88","$2,824.89","$6,421.85","296","75.7%","224","$31,004","$138.41","Fall"
"1,296","2024 Nov 03 12:00:00 AM","2024","FY24-25","November","3","Sunday","06:48:29","17:33:10","166","$2,656","1","$10","$5,759.91","$8,423.07","$1,654.56","$8,103.15","296","93.9%","278","$26,607","$95.71","Fall"
"1,297","2024 Nov 04 12:00:00 AM","2024","FY24-25","November","4","Monday","06:49:23","17:32:19","128","$2,048","6","$100","$3,812.26","$10,522.2","$571.21","$3,843.75","292","80.8%","236","$20,897","$88.55","Fall"
"1,298","2024 Nov 05 12:00:00 AM","2024","FY24-25","November","5","Tuesday","06:50:17","17:31:29","126","$2,016","6","$100","$2,897.94","$9,042.64","$912.13","$5,919.56","292","68.5%","200","$20,888","$104.44","Fall"
"1,299","2024 Nov 06 12:00:00 AM","2024","FY24-25","November","6","Wednesday","06:51:11","17:30:40","99","$1,584","2","$70","$3,813.58","$8,616.86","$2,794.5","$6,419.39","292","74.7%","218","$23,298","$106.87","Fall"
"1,300","2024 Nov 07 12:00:00 AM","2024","FY24-25","November","7","Thursday","06:52:06","17:29:53","175","$2,800","1","$30","$5,244.3","$9,469","$645.63","$5,114.69","292","84.9%","248","$23,304","$93.97","Fall"
"1,301","2024 Nov 08 12:00:00 AM","2024","FY24-25","November","8","Friday","06:53:00","17:29:08","210","$3,360","21","$635","$8,280.59","$11,558","$2,852.23","$6,075.86","292","89%","260","$32,762","$126.01","Fall"
"1,302","2024 Nov 09 12:00:00 AM","2024","FY24-25","November","9","Saturday","06:53:55","17:28:24","191","$3,056","0","$0","$14,294.07","$13,175.88","$1,374.19","$8,132.32","288","66.3%","191","$40,032","$209.59","Fall"
"1,303","2024 Nov 10 12:00:00 AM","2024","FY24-25","November","10","Sunday","06:54:51","17:27:41","166","$2,656","5","$200","$5,676.03","$8,142.9","$1,340.9","$5,370.04","288","89.9%","259","$23,386","$90.29","Fall"
"1,304","2024 Nov 11 12:00:00 AM","2024","FY24-25","November","11","Monday","06:55:46","17:27:00","185","$2,960","6","$260","$4,467.18","$10,767","$1,878.03","$7,698.9","288","91.3%","263","$28,031","$106.58","Fall"
"1,305","2024 Nov 12 12:00:00 AM","2024","FY24-25","November","12","Tuesday","06:56:41","17:26:21","160","$2,560","6","$140","$2,877.94","$8,296.33","$371.4","$5,403.76","288","76%","219","$19,649","$89.72","Fall"
"1,306","2024 Nov 13 12:00:00 AM","2024","FY24-25","November","13","Wednesday","06:57:37","17:25:43","149","$2,384","3","$120","$4,441.45","$9,993","$650.79","$5,109.5","288","78.5%","226","$22,699","$100.44","Fall"
"1,307","2024 Nov 14 12:00:00 AM","2024","FY24-25","November","14","Thursday","06:58:32","17:25:07","167","$2,672","3","$70","$7,454.32","$9,721","$850.65","$8,969.33","284","84.5%","240","$29,737","$123.91","Fall"
"1,308","2024 Nov 15 12:00:00 AM","2024","FY24-25","November","15","Friday","06:59:28","17:24:33","205","$3,280","3","$130","$5,790.17","$11,999.3","$586.35","$9,616.57","284","89.1%","253","$31,402","$124.12","Fall"
"1,309","2024 Nov 16 12:00:00 AM","2024","FY24-25","November","16","Saturday","07:00:24","17:24:00","229","$3,664","1","$60","$10,842.78","$12,979.84","$1,240.4","$3,343.75","284","80.6%","229","$32,131","$140.31","Fall"
"1,310","2024 Nov 17 12:00:00 AM","2024","FY24-25","November","17","Sunday","07:01:19","17:23:29","172","$2,752","1","$10","$5,291.09","$7,919.58","$1,157.6","$7,206","284","96.8%","275","$24,336","$88.5","Fall"
"1,311","2024 Nov 18 12:00:00 AM","2024","FY24-25","November","18","Monday","07:02:15","17:23:00","156","$2,496","4","$210","$3,282.28","$8,686.45","$432.89","$4,708.68","284","65.1%","185","$19,816","$107.12","Fall"
"1,312","2024 Nov 19 12:00:00 AM","2024","FY24-25","November","19","Tuesday","07:03:10","17:22:32","154","$2,464","1","$10","$3,283.08","$10,656","$1,733.76","$5,040.09","280","78.2%","219","$23,187","$105.88","Fall"
"1,313","2024 Nov 20 12:00:00 AM","2024","FY24-25","November","20","Wednesday","07:04:06","17:22:06","135","$2,160","3","$85","$3,759.57","$10,736","$776.34","$6,256.93","280","75.7%","212","$23,774","$112.14","Fall"
"1,314","2024 Nov 21 12:00:00 AM","2024","FY24-25","November","21","Thursday","07:05:01","17:21:42","149","$2,384","3","$30","$5,901.93","$11,553","$1,193.87","$5,239.23","280","86.1%","241","$26,302","$109.14","Fall"
"1,315","2024 Nov 22 12:00:00 AM","2024","FY24-25","November","22","Friday","07:05:56","17:21:20","199","$3,184","7","$240","$7,541.55","$11,220","$1,178.23","$8,659.68","280","91.1%","255","$32,023","$125.58","Fall"
"1,316","2024 Nov 23 12:00:00 AM","2024","FY24-25","November","23","Saturday","07:06:51","17:20:59","178","$2,848","2","$40","$8,792.65","$7,958.76","$864","$7,600.7","280","80.4%","225","$28,104","$124.91","Fall"
"1,317","2024 Nov 24 12:00:00 AM","2024","FY24-25","November","24","Sunday","07:07:45","17:20:41","190","$3,040","3","$80","$6,366.11","$8,161.06","$425.75","$6,715.63","280","95%","266","$24,789","$93.19","Fall"
"1,318","2024 Nov 25 12:00:00 AM","2024","FY24-25","November","25","Monday","07:08:39","17:20:24","163","$2,608","4","$100","$3,320.07","$11,774.88","$662.92","$5,478.82","280","85%","238","$23,945","$100.61","Fall"
"1,319","2024 Nov 26 12:00:00 AM","2024","FY24-25","November","26","Tuesday","07:09:33","17:20:09","153","$2,448","6","$230","$4,972.07","$11,080.98","$1,366.76","$5,748.78","276","81.9%","226","$25,847","$114.37","Fall"
"1,320","2024 Nov 27 12:00:00 AM","2024","FY24-25","November","27","Wednesday","07:10:26","17:19:56","161","$2,576","8","$260","$4,610.2","$13,202.95","$4,005.47","$6,788.6","276","89.5%","247","$31,443","$127.3","Fall"
"1,321","2024 Nov 28 12:00:00 AM","2024","FY24-25","November","28","Thursday","07:11:19","17:19:45","158","$2,528","5","$170","$1,952.05","$11,179.82","$584.54","$1,748.94","276","87%","240","$18,163","$75.68","Fall"
"1,322","2024 Nov 29 12:00:00 AM","2024","FY24-25","November","29","Friday","07:12:12","17:19:35","220","$3,520","14","$580","$7,243.24","$11,972","$2,449.36","$12,763.91","276","90.2%","249","$38,529","$154.73","Fall"
"1,323","2024 Nov 30 12:00:00 AM","2024","FY24-25","November","30","Saturday","07:13:03","17:19:28","214","$3,424","3","$50","$5,936.26","$16,745.46","$991.6","$4,454.85","276","88.4%","244","$31,602","$129.52","Fall"
"1,324","2024 Dec 01 12:00:00 AM","2024","FY24-25","December","1","Sunday","07:13:55","17:19:22","131","$2,096","1","$10","$5,578.46","$9,125.2","$1,326.24","$7,417","276","90.9%","251","$25,553","$101.8","Winter"
"1,325","2024 Dec 02 12:00:00 AM","2024","FY24-25","December","2","Monday","07:14:45","17:19:18","151","$2,416","3","$105","$3,190.82","$11,814.45","$552.42","$7,117.72","276","79%","218","$25,196","$115.58","Winter"
"1,326","2024 Dec 03 12:00:00 AM","2024","FY24-25","December","3","Tuesday","07:15:35","17:19:16","136","$2,176","5","$220","$3,459.82","$10,421.34","$781.64","$5,306.68","276","71.4%","197","$22,365","$113.53","Winter"
"1,327","2024 Dec 04 12:00:00 AM","2024","FY24-25","December","4","Wednesday","07:16:24","17:19:16","153","$2,448","2","$55","$4,784.21","$10,830","$1,288.98","$6,109.78","272","80.1%","218","$25,516","$117.05","Winter"
"1,328","2024 Dec 05 12:00:00 AM","2024","FY24-25","December","5","Thursday","07:17:13","17:19:18","135","$2,160","2","$70","$5,531.24","$11,401","$809.37","$5,260.48","272","82%","223","$25,232","$113.15","Winter"
"1,329","2024 Dec 06 12:00:00 AM","2024","FY24-25","December","6","Friday","07:18:00","17:19:21","209","$3,344","2","$120","$12,446.35","$14,329.52","$1,384.4","$8,390.59","272","82%","223","$40,015","$179.44","Winter"
"1,330","2024 Dec 07 12:00:00 AM","2024","FY24-25","December","7","Saturday","07:18:47","17:19:27","235","$3,760","5","$145","$7,986.97","$11,540.71","$2,198.04","$5,579.9","272","90.4%","246","$31,211","$126.87","Winter"
"1,331","2024 Dec 08 12:00:00 AM","2024","FY24-25","December","8","Sunday","07:19:33","17:19:34","141","$2,256","0","$0","$6,516.85","$5,259.6","$316.77","$6,749.04","272","55.9%","152","$21,098","$138.8","Winter"
"1,332","2024 Dec 09 12:00:00 AM","2024","FY24-25","December","9","Monday","07:20:18","17:19:43","160","$2,560","3","$100","$3,662.34","$12,760","$1,250.31","$5,494.63","272","89.3%","243","$25,827","$106.29","Winter"
"1,333","2024 Dec 11 12:00:00 AM","2024","FY24-25","December","11","Wednesday","07:21:44","17:20:07","183","$2,928","4","$120","$6,006.63","$11,522.65","$1,555.49","$6,556.7","272","74.6%","203","$28,689","$141.33","Winter"
"1,334","2024 Dec 12 12:00:00 AM","2024","FY24-25","December","12","Thursday","07:22:26","17:20:21","180","$2,880","7","$240","$6,783.2","$12,389.65","$1,023.24","$4,867","272","90.8%","247","$28,183","$114.1","Winter"
"1,335","2024 Dec 13 12:00:00 AM","2024","FY24-25","December","13","Friday","07:23:07","17:20:38","228","$3,648","5","$87","$6,839.75","$13,456","$1,546.66","$6,638.04","272","94.1%","256","$32,215","$125.84","Winter"
"1,336","2024 Dec 14 12:00:00 AM","2024","FY24-25","December","14","Saturday","07:23:46","17:20:56","226","$3,616","5","$125","$12,757.46","$9,514.6","$1,434.39","$7,147.53","272","93%","253","$34,595","$136.74","Winter"
"1,337","2024 Dec 15 12:00:00 AM","2024","FY24-25","December","15","Sunday","07:24:24","17:21:15","188","$3,008","2","$25","$4,806.76","$13,610","$602.59","$4,403.92","272","90.4%","246","$26,456","$107.55","Winter"
"1,338","2024 Dec 16 12:00:00 AM","2024","FY24-25","December","16","Monday","07:25:01","17:21:37","147","$2,352","0","$0","$3,151.12","$11,609.8","$743.09","$5,247.27","272","80.9%","220","$23,103","$105.01","Winter"
"1,339","2024 Dec 17 12:00:00 AM","2024","FY24-25","December","17","Tuesday","07:25:36","17:22:00","176","$2,816","2","$40","$3,675.56","$11,342.23","$1,095.67","$5,696.47","272","75.7%","206","$24,666","$119.74","Winter"
"1,340","2024 Dec 18 12:00:00 AM","2024","FY24-25","December","18","Wednesday","07:26:11","17:22:25","160","$2,560","1","$10","$4,591.46","$10,674.1","$1,306.5","$5,964.96","272","80.5%","219","$25,107","$114.64","Winter"
"1,341","2024 Dec 19 12:00:00 AM","2024","FY24-25","December","19","Thursday","07:26:43","17:22:51","165","$2,640","1","$10","$5,618.34","$11,416.01","$2,345.85","$6,131.95","272","89.3%","243","$28,162","$115.89","Winter"
"1,342","2024 Dec 20 12:00:00 AM","2024","FY24-25","December","20","Friday","07:27:15","17:23:19","187","$2,992","0","$0","$6,889.99","$12,572.5","$3,635.31","$7,226.76","272","86%","234","$33,317","$142.38","Winter"
"1,343","2024 Dec 21 12:00:00 AM","2024","FY24-25","December","21","Saturday","07:27:45","17:23:49","193","$3,088","5","$110","$5,768.55","$8,459.2","$1,093.95","$6,044.63","272","80.5%","219","$24,564","$112.17","Winter"
"1,344","2024 Dec 22 12:00:00 AM","2024","FY24-25","December","22","Sunday","07:28:13","17:24:20","183","$2,928","12","$400","$6,172.03","$13,015.3","$1,520.35","$5,632.46","272","86.4%","235","$29,668","$126.25","Winter"
"1,345","2024 Dec 23 12:00:00 AM","2024","FY24-25","December","23","Monday","07:28:40","17:24:53","205","$3,280","12","$450","$4,212.94","$13,981.5","$2,670.79","$5,995.7","272","93.8%","255","$30,591","$119.96","Winter"
"1,346","2024 Dec 24 12:00:00 AM","2024","FY24-25","December","24","Tuesday","07:29:05","17:25:27","200","$3,200","6","$195","$3,464.02","$12,772.1","$1,429.87","$3,678.36","272","90.1%","245","$24,739","$100.98","Winter"
"1,347","2024 Dec 25 12:00:00 AM","2024","FY24-25","December","25","Wednesday","07:29:29","17:26:02","216","$3,456","3","$70","$4,104.54","$12,997.25","$456.55","$2,724.4","272","86.8%","236","$23,809","$100.88","Winter"
"1,348","2024 Dec 26 12:00:00 AM","2024","FY24-25","December","26","Thursday","07:29:51","17:26:39","196","$3,136","11","$335","$6,305.05","$14,164","$720.25","$8,849.24","272","98.2%","267","$33,510","$125.5","Winter"
"1,349","2024 Dec 27 12:00:00 AM","2024","FY24-25","December","27","Friday","07:30:11","17:27:17","207","$3,312","2","$20","$6,274.23","$14,202","$1,500.13","$7,081.7","272","92.3%","251","$32,390","$129.04","Winter"
"1,350","2024 Dec 28 12:00:00 AM","2024","FY24-25","December","28","Saturday","07:30:30","17:27:57","372","$5,952","8","$95","$9,480.21","$15,669","$2,454.41","$8,223.42","272","146.3%","398","$41,874","$105.21","Winter"
"1,351","2024 Dec 29 12:00:00 AM","2024","FY24-25","December","29","Sunday","07:30:47","17:28:38","169","$2,704","1","$60","$6,332.58","$12,353.65","$702.66","$7,591.92","272","86.8%","236","$29,745","$126.04","Winter"
"1,352","2024 Dec 30 12:00:00 AM","2024","FY24-25","December","30","Monday","07:31:03","17:29:20","186","$2,976","19","$670","$5,559.02","$14,306.65","$2,247.9","$6,568.03","272","91.2%","248","$32,328","$130.35","Winter"
"1,353","2024 Dec 31 12:00:00 AM","2024","FY24-25","December","31","Tuesday","07:31:16","17:30:03","173","$2,768","3","$130","$4,359.37","$12,488.5","$2,917.53","$10,252.86","272","86.8%","236","$32,916","$139.48","Winter"
"1,354","2025 Jan 01 12:00:00 AM","2025","FY24-25","January","1","Wednesday","07:31:28","17:30:48","196","$1,960","4","$105","$4,745.66","$13,736.6","$1,378.06","$5,529.95","272","90.4%","246","$27,455","$111.61","Winter"
"1,355","2025 Jan 02 12:00:00 AM","2025","FY24-25","January","2","Thursday","07:31:38","17:31:33","155","$1,550","5","$300","$4,405.11","$11,858.95","$530.72","$6,169.3","272","87.5%","238","$24,814","$104.26","Winter"
"1,356","2025 Jan 03 12:00:00 AM","2025","FY24-25","January","3","Friday","07:31:47","17:32:20","46","$460","3","$80","$5,570.26","$7,701.2","$2,879.02","$9,260.69","272","34.9%","95","$25,951","$273.17","Winter"
"1,357","2025 Jan 04 12:00:00 AM","2025","FY24-25","January","4","Saturday","07:31:53","17:33:07","226","$2,260","5","$50","$7,533.82","$9,020.6","$1,119.42","$10,133.21","272","92.6%","252","$30,117","$119.51","Winter"
"1,358","2025 Jan 05 12:00:00 AM","2025","FY24-25","January","5","Sunday","07:31:58","17:33:56","187","$1,870","0","$0","$4,203.3","$13,039.5","$745.06","$5,604.32","272","88.6%","241","$25,462","$105.65","Winter"
"1,359","2025 Jan 06 12:00:00 AM","2025","FY24-25","January","6","Monday","07:32:01","17:34:45","166","$1,660","2","$120","$3,097.52","$11,700.95","$659.83","$5,073.72","272","88.6%","241","$22,312","$92.58","Winter"
"1,360","2025 Jan 07 12:00:00 AM","2025","FY24-25","January","7","Tuesday","07:32:02","17:35:35","164","$1,640","2","$40","$4,039.98","$11,265","$1,536.02","$7,166.78","272","80.5%","219","$25,688","$117.3","Winter"
"1,361","2025 Jan 08 12:00:00 AM","2025","FY24-25","January","8","Wednesday","07:32:01","17:36:27","153","$1,530","2","$75","$4,730.68","$10,225","$919.81","$5,353.74","276","73.9%","204","$22,834","$111.93","Winter"
"1,362","2025 Jan 09 12:00:00 AM","2025","FY24-25","January","9","Thursday","07:31:59","17:37:18","157","$1,570","0","$0","$5,135.97","$10,775","$984.09","$5,693.75","276","84.1%","232","$24,159","$104.13","Winter"
"1,363","2025 Jan 10 12:00:00 AM","2025","FY24-25","January","10","Friday","07:31:55","17:38:11","195","$1,950","3","$60","$7,615.51","$13,039","$336.7","$8,160.84","276","87%","240","$31,162","$129.84","Winter"
"1,364","2025 Jan 11 12:00:00 AM","2025","FY24-25","January","11","Saturday","07:31:48","17:39:04","214","$2,140","2","$70","$7,501.58","$1,057.4","$2,067.51","$8,260.3","276","92.8%","256","$21,097","$82.41","Winter"
"1,365","2025 Jan 12 12:00:00 AM","2025","FY24-25","January","12","Sunday","07:31:40","17:39:58","174","$1,740","0","$0","$6,110.46","$8,001.06","$664.67","$7,163.12","276","63%","174","$23,679","$136.09","Winter"
"1,366","2025 Jan 13 12:00:00 AM","2025","FY24-25","January","13","Monday","07:31:31","17:40:53","145","$1,450","3","$100","$3,655.1","$10,305.65","$374.9","$5,012.73","276","71%","196","$20,898","$106.62","Winter"
"1,367","2025 Jan 14 12:00:00 AM","2025","FY24-25","January","14","Tuesday","07:31:19","17:41:48","130","$1,300","3","$70","$4,018.46","$7,615","$477.01","$4,846.87","276","58.3%","161","$18,327","$113.83","Winter"
"1,368","2025 Jan 15 12:00:00 AM","2025","FY24-25","January","15","Wednesday","07:31:05","17:42:43","92","$933","3","$70","$5,076.18","$9,792.7","$558.68","$5,396.87","276","81.5%","225","$21,827","$97.01","Winter"
"1,369","2025 Jan 16 12:00:00 AM","2025","FY24-25","January","16","Thursday","07:30:50","17:43:39","99","$985","8","$200","$7,700.16","$12,350","$1,052.11","$6,636.39","280","93.2%","261","$28,924","$110.82","Winter"
"1,370","2025 Jan 17 12:00:00 AM","2025","FY24-25","January","17","Friday","07:30:33","17:44:36","111","$1,114","24","$740","$8,986.17","$13,948","$934.28","$7,996.09","280","94.3%","264","$33,719","$127.72","Winter"
"1,371","2025 Jan 18 12:00:00 AM","2025","FY24-25","January","18","Saturday","07:30:14","17:45:32","39","$391","8","$285","$11,226.03","$14,642.72","$1,449.76","$6,251.46","280","80.7%","226","$34,246","$151.53","Winter"
"1,372","2025 Jan 19 12:00:00 AM","2025","FY24-25","January","19","Sunday","07:29:54","17:46:30","120","$1,657.92","2","$20","$8,534.41","$8,990.4","$827.92","$9,138.09","280","89.6%","251","$29,169","$116.21","Winter"
"1,373","2025 Jan 20 12:00:00 AM","2025","FY24-25","January","20","Monday","07:29:31","17:47:27","88","$882","0","$0","$4,882.66","$9,101.5","$416.93","$7,189.28","280","67.1%","188","$22,472","$119.53","Winter"
"1,374","2025 Jan 21 12:00:00 AM","2025","FY24-25","January","21","Tuesday","07:29:07","17:48:24","111","$1,091","2","$120","$3,656.07","$10,476.8","$596.43","$7,124.39","280","85%","238","$23,065","$96.91","Winter"
"1,375","2025 Jan 22 12:00:00 AM","2025","FY24-25","January","22","Wednesday","07:28:41","17:49:22","3","$30","1","$3,287","$8,209.07","$10,361.84","$1,730.65","$6,704.76","284","47.2%","134","$30,323","$226.29","Winter"
"1,376","2025 Jan 23 12:00:00 AM","2025","FY24-25","January","23","Thursday","07:28:14","17:50:20","115","$1,151","3","$120","$6,542.91","$12,138","$958.88","$7,036.31","284","95.4%","271","$27,947","$103.13","Winter"
"1,377","2025 Jan 24 12:00:00 AM","2025","FY24-25","January","24","Friday","07:27:45","17:51:18","121","$1,202.12","2","$25","$9,195.59","$13,965.68","$1,133.41","$7,893.72","284","97.2%","276","$33,416","$121.07","Winter"
"1,378","2025 Jan 25 12:00:00 AM","2025","FY24-25","January","25","Saturday","07:27:14","17:52:17","52","$532","4","$190","$11,126.48","$16,387","$1,222","$7,816.26","284","85.6%","243","$37,274","$153.39","Winter"
"1,379","2025 Jan 26 12:00:00 AM","2025","FY24-25","January","26","Sunday","07:26:41","17:53:15","165","$2,150.85","13","$430","$7,799.54","$10,120","$1,201.53","$7,078.98","284","97.2%","276","$28,781","$104.28","Winter"
"1,380","2025 Jan 27 12:00:00 AM","2025","FY24-25","January","27","Monday","07:26:07","17:54:13","126","$1,262","3","$75","$3,899.9","$10,903","$247.82","$5,243.84","288","83%","239","$21,632","$90.51","Winter"
"1,381","2025 Jan 28 12:00:00 AM","2025","FY24-25","January","28","Tuesday","07:25:31","17:55:11","132","$1,323","3","$130","$4,940.18","$11,217.5","$812.89","$6,283.7","288","87.5%","252","$24,707","$98.04","Winter"
"1,382","2025 Jan 29 12:00:00 AM","2025","FY24-25","January","29","Wednesday","07:24:54","17:56:10","26","$260","3","$90","$4,064.53","$2,749","$883.68","$5,212.61","288","27.4%","79","$13,260","$167.85","Winter"
"1,383","2025 Jan 30 12:00:00 AM","2025","FY24-25","January","30","Thursday","07:24:15","17:57:08","125","$1,250","1","$60","$7,279.3","$18,389","$792.08","$5,117.62","288","121.9%","351","$32,888","$93.7","Winter"
"1,384","2025 Jan 31 12:00:00 AM","2025","FY24-25","January","31","Friday","07:23:34","17:58:06","4","$52","4","$240","$16,603.11","$20,703.06","$1,274.39","$17,866.3","288","91%","262","$56,739","$216.56","Winter"
"1,385","2025 Feb 01 12:00:00 AM","2025","FY24-25","February","1","Saturday","07:22:52","17:59:04","0","$0","1","$60","$13,883.1","$15,999.56","$2,275.76","$11,353.12","292","79.5%","232","$43,572","$187.81","Winter"
"1,386","2025 Feb 02 12:00:00 AM","2025","FY24-25","February","2","Sunday","07:22:08","18:00:01","162","$2,131.54","3","$67","$10,416.47","$10,171.6","$1,048.74","$8,115.31","292","98.6%","288","$31,951","$110.94","Winter"
"1,387","2025 Feb 03 12:00:00 AM","2025","FY24-25","February","3","Monday","07:21:23","18:00:59","152","$1,520","2","$37","$6,801.54","$12,293","$1,018.85","$5,731.59","292","94.9%","277","$27,402","$98.92","Winter"
"1,388","2025 Feb 04 12:00:00 AM","2025","FY24-25","February","4","Tuesday","07:20:37","18:01:57","0","$0","1","$60","$15,167.21","$15,999.84","$729.33","$7,454.61","292","49.3%","144","$39,411","$273.69","Winter"
"1,389","2025 Feb 05 12:00:00 AM","2025","FY24-25","February","5","Wednesday","07:19:49","18:02:54","0","$0","0","$0","$13,153.88","$14,999.04","$1,632.14","$5,632","292","49.3%","144","$35,417","$245.95","Winter"
"1,390","2025 Feb 06 12:00:00 AM","2025","FY24-25","February","6","Thursday","07:18:59","18:03:51","86","$872","18","$690","$10,161.62","$15,295","$1,258.66","$6,504.5","296","94.3%","279","$34,782","$124.67","Winter"
"1,391","2025 Feb 07 12:00:00 AM","2025","FY24-25","February","7","Friday","07:18:09","18:04:48","91","$934","24","$990","$12,742.95","$15,300.9","$2,569.59","$7,640.75","296","82.8%","245","$40,178","$163.99","Winter"
"1,392","2025 Feb 08 12:00:00 AM","2025","FY24-25","February","8","Saturday","07:17:17","18:05:44","87","$915","15","$740","$13,754.36","$19,616","$1,224.15","$8,248.78","296","93.2%","276","$44,498","$161.23","Winter"
"1,393","2025 Feb 09 12:00:00 AM","2025","FY24-25","February","9","Sunday","07:16:23","18:06:40","146","$2,027","4","$80","$6,212.48","$1,051.9","$1,051.9","$7,115.61","296","90.5%","268","$17,539","$65.44","Winter"
"1,394","2025 Feb 10 12:00:00 AM","2025","FY24-25","February","10","Monday","07:15:29","18:07:36","144","$1,450.75","4","$180","$5,673.94","$13,427.75","$904.84","$5,298.31","300","94%","282","$26,936","$95.52","Winter"
"1,395","2025 Feb 11 12:00:00 AM","2025","FY24-25","February","11","Tuesday","07:14:33","18:08:32","147","$1,476","5","$100","$5,582.45","$12,917","$873.08","$6,999","300","88.3%","265","$27,948","$105.46","Winter"
"1,396","2025 Feb 12 12:00:00 AM","2025","FY24-25","February","12","Wednesday","07:13:36","18:09:27","101","$1,010","6","$100","$4,909.22","$12,298.8","$842.1","$6,607.52","300","81.3%","244","$25,768","$105.61","Winter"
"1,397","2025 Feb 13 12:00:00 AM","2025","FY24-25","February","13","Thursday","07:12:37","18:10:22","158","$1,592","4","$60","$6,355.66","$13,988","$428.24","$6,678.48","300","90%","270","$29,102","$107.79","Winter"
"1,398","2025 Feb 14 12:00:00 AM","2025","FY24-25","February","14","Friday","07:11:38","18:11:17","86","$860","15","$460","$6,191.28","$14,530","$969.94","$6,324.06","304","82.9%","252","$29,335","$116.41","Winter"
"1,399","2025 Feb 15 12:00:00 AM","2025","FY24-25","February","15","Saturday","07:10:37","18:12:11","164","$2,128.77","3","$120","$11,157.81","$9,981.8","$1,122.01","$8,517.45","304","91.1%","277","$33,028","$119.23","Winter"
"1,400","2025 Feb 16 12:00:00 AM","2025","FY24-25","February","16","Sunday","07:09:36","18:13:05","112","$1,127","2","$120","$9,091.17","$14,638.5","$1,248.71","$9,371.19","304","95.7%","291","$35,597","$122.32","Winter"
"1,401","2025 Feb 17 12:00:00 AM","2025","FY24-25","February","17","Monday","07:08:33","18:13:59","89","$908","5","$115","$8,047.65","$15,674","$816.59","$8,912.14","304","93.4%","284","$34,473","$121.39","Winter"
"1,402","2025 Feb 18 12:00:00 AM","2025","FY24-25","February","18","Tuesday","07:07:29","18:14:52","143","$1,452.68","12","$530","$5,792.38","$13,213.52","$1,765.19","$7,003.71","304","128.6%","391","$29,757","$76.11","Winter"
"1,403","2025 Feb 19 12:00:00 AM","2025","FY24-25","February","19","Wednesday","07:06:24","18:15:45","162","$1,612.92","2","$120","$6,330.41","$11,910.26","$1,135.81","$8,032.39","308","77.6%","239","$29,142","$121.93","Winter"
"1,404","2025 Feb 20 12:00:00 AM","2025","FY24-25","February","20","Thursday","07:05:19","18:16:37","133","$1,330","8","$280","$7,390.67","$14,781.9","$504.74","$6,627.51","308","94.8%","292","$30,915","$105.87","Winter"
"1,405","2025 Feb 21 12:00:00 AM","2025","FY24-25","February","21","Friday","07:04:12","18:17:29","119","$1,215","15","$700","$10,415.65","$17,391","$769.25","$8,126.82","308","97.7%","301","$38,618","$128.3","Winter"
"1,406","2025 Feb 22 12:00:00 AM","2025","FY24-25","February","22","Saturday","07:03:04","18:18:21","0","$0","4","$120","$13,977.27","$21,999.2","$2,178.75","$8,812.5","308","72.7%","224","$47,088","$210.21","Winter"
"1,407","2025 Feb 23 12:00:00 AM","2025","FY24-25","February","23","Sunday","07:01:56","18:19:13","157","$2,161.17","6","$250","$9,252.27","$10,970.8","$713.49","$8,944.9","312","116.7%","364","$32,293","$88.72","Winter"
"1,408","2025 Feb 24 12:00:00 AM","2025","FY24-25","February","24","Monday","07:00:46","18:20:04","159","$1,581.45","2","$20","$5,415.5","$14,576.35","$2,028.48","$6,289.66","312","90.4%","282","$29,911","$106.07","Winter"
"1,409","2025 Feb 25 12:00:00 AM","2025","FY24-25","February","25","Tuesday","06:59:36","18:20:55","155","$1,510","5","$170","$6,490.75","$14,813.64","$1,454.65","$7,402.68","312","76.3%","238","$31,842","$133.79","Winter"
"1,410","2025 Feb 26 12:00:00 AM","2025","FY24-25","February","26","Wednesday","06:58:25","18:21:45","138","$1,382","5","$160","$5,470.39","$13,297.5","$1,286.29","$7,060.7","312","90.1%","281","$28,657","$101.98","Winter"
"1,411","2025 Feb 27 12:00:00 AM","2025","FY24-25","February","27","Thursday","06:57:14","18:22:35","171","$1,717","5","$50","$7,644.86","$14,828.7","$1,031.98","$8,105.73","316","95.6%","302","$33,378","$110.52","Winter"
"1,412","2025 Feb 28 12:00:00 AM","2025","FY24-25","February","28","Friday","06:56:01","18:23:25","110","$1,106","19","$877","$10,787.41","$17,343.8","$1,251.64","$26,441.79","316","91.1%","288","$57,808","$200.72","Winter"
"1,413","2025 Mar 01 12:00:00 AM","2025","FY24-25","March","1","Saturday","06:54:48","18:24:14","52","$598","6","$240","$11,938.58","$18,072","$1,545.68","$9,215.85","316","91.5%","289","$41,610","$143.98","Spring"
"1,414","2025 Mar 02 12:00:00 AM","2025","FY24-25","March","2","Sunday","06:53:34","18:25:03","158","$2,149.01","0","$0","$9,630.26","$10,934.4","$1,397.38","$9,588.69","320","98.4%","315","$33,700","$106.98","Spring"
"1,415","2025 Mar 03 12:00:00 AM","2025","FY24-25","March","3","Monday","06:52:20","18:25:52","153","$1,549.06","8","$170","$3,795.82","$13,713.66","$1,262.82","$5,257.93","320","88.4%","283","$25,749","$90.99","Spring"
"1,416","2025 Mar 04 12:00:00 AM","2025","FY24-25","March","4","Tuesday","06:51:05","18:26:40","123","$1,242","5","$25","$5,428.39","$14,478.37","$693.04","$8,880.98","320","88.4%","283","$30,748","$108.65","Spring"
"1,417","2025 Mar 05 12:00:00 AM","2025","FY24-25","March","5","Wednesday","06:49:49","18:27:29","121","$1,211","2","$120","$6,432.29","$11,915.75","$1,122.13","$8,164.58","320","84.1%","269","$28,966","$107.68","Spring"
"1,418","2025 Mar 06 12:00:00 AM","2025","FY24-25","March","6","Thursday","06:48:33","18:28:16","149","$1,496","14","$1,300","$8,575.56","$14,635.31","$1,186.47","$7,164.98","324","97.8%","317","$34,358","$108.39","Spring"
"1,419","2025 Mar 07 12:00:00 AM","2025","FY24-25","March","7","Friday","06:47:17","18:29:04","56","$575","3","$130","$6,470.05","$10,035","$2,006.14","$4,790.7","324","59%","191","$24,007","$125.69","Spring"
"1,420","2025 Mar 08 12:00:00 AM","2025","FY24-25","March","8","Saturday","06:46:00","18:29:51","158","$2,154.94","0","$0","$9,624.93","$11,075.2","$1,741.43","$9,351.81","324","89.8%","291","$33,948","$116.66","Spring"
"1,421","2025 Mar 09 12:00:00 AM","2025","FY24-25","March","9","Sunday","06:44:42","18:30:38","149","$1,508","2","$90","$8,472.59","$16,318","$1,436.98","$10,545.98","324","96.9%","314","$38,372","$122.2","Spring"
"1,422","2025 Mar 10 12:00:00 AM","2025","FY24-25","March","10","Monday","06:43:24","18:31:25","178","$1,776","4","$60","$5,348.34","$14,960","$1,469.45","$8,210.66","328","95.7%","314","$31,824","$101.35","Spring"
"1,423","2025 Mar 11 12:00:00 AM","2025","FY24-25","March","11","Tuesday","06:42:06","18:32:12","158","$1,588","11","$560","$5,246.37","$15,731.34","$945.87","$6,147.15","328","89%","292","$30,219","$103.49","Spring"
"1,424","2025 Mar 12 12:00:00 AM","2025","FY24-25","March","12","Wednesday","06:40:47","18:32:58","131","$1,316","1","$30","$5,915.26","$14,012","$855.78","$7,248.59","328","78.7%","258","$29,378","$113.87","Spring"
"1,425","2025 Mar 13 12:00:00 AM","2025","FY24-25","March","13","Thursday","06:39:28","18:33:44","108","$1,098","4","$190","$5,989.79","$12,213","$1,903.38","$5,138.77","328","74.4%","244","$26,533","$108.74","Spring"
"1,426","2025 Mar 14 12:00:00 AM","2025","FY24-25","March","14","Friday","06:38:09","18:34:30","80","$860.75","22","$967","$9,424.73","$19,733.58","$2,070.24","$7,811.66","332","89.2%","296","$40,868","$138.07","Spring"
"1,427","2025 Mar 15 12:00:00 AM","2025","FY24-25","March","15","Saturday","06:36:50","18:35:15","79","$851.71","9","$270","$7,776.76","$17,441.63","$3,333.88","$7,864.87","332","88.3%","293","$37,539","$128.12","Spring"
"1,428","2025 Mar 16 12:00:00 AM","2025","FY24-25","March","16","Sunday","06:35:30","18:36:01","175","$2,336.78","7","$170","$10,116.78","$12,076.9","$2,915.08","$10,515.09","332","100.9%","335","$38,131","$113.82","Spring"
"1,429","2025 Mar 17 12:00:00 AM","2025","FY24-25","March","17","Monday","06:34:10","18:36:46","174","$1,746.89","6","$230","$5,545.64","$15,237.94","$1,246.45","$6,334.4","332","89.5%","297","$30,341","$102.16","Spring"
"1,430","2025 Mar 18 12:00:00 AM","2025","FY24-25","March","18","Tuesday","06:32:50","18:37:31","137","$1,368","10","$240","$6,159.37","$13,966.03","$942.4","$8,048.71","336","93.2%","313","$30,725","$98.16","Spring"
"1,431","2025 Mar 19 12:00:00 AM","2025","FY24-25","March","19","Wednesday","06:31:30","18:38:16","124","$1,253","5","$270","$6,606.69","$14,509","$836.43","$7,739.59","336","82.1%","276","$31,215","$113.1","Spring"
"1,432","2025 Mar 20 12:00:00 AM","2025","FY24-25","March","20","Thursday","06:30:09","18:39:01","177","$1,783.88","16","$650","$11,252.18","$16,177.36","$2,360.91","$7,347.19","336","102.4%","344","$39,572","$115.03","Spring"
"1,433","2025 Mar 21 12:00:00 AM","2025","FY24-25","March","21","Friday","06:28:49","18:39:46","109","$1,121","10","$470","$10,576.2","$18,304","$2,886.81","$8,169.17","336","91.4%","307","$41,527","$135.27","Spring"
"1,434","2025 Mar 22 12:00:00 AM","2025","FY24-25","March","22","Saturday","06:27:28","18:40:31","95","$992","2","$120","$10,773.85","$19,270","$825.01","$9,182.01","340","91.8%","312","$41,163","$131.93","Spring"
"1,435","2025 Mar 23 12:00:00 AM","2025","FY24-25","March","23","Sunday","06:26:08","18:41:15","193","$2,678.88","12","$540","$9,122.47","$11,778.4","$1,162.24","$8,768.95","340","93.8%","319","$34,051","$106.74","Spring"
"1,436","2025 Mar 24 12:00:00 AM","2025","FY24-25","March","24","Monday","06:24:47","18:41:59","176","$1,876.12","8","$430","$6,126.16","$13,864.5","$2,215.27","$6,557.18","340","78.8%","268","$31,069","$115.93","Spring"
"1,437","2025 Mar 25 12:00:00 AM","2025","FY24-25","March","25","Tuesday","06:23:27","18:42:44","155","$1,708.1","7","$240","$4,700.97","$15,232.44","$1,650.73","$6,314.12","340","86.8%","295","$29,846","$101.17","Spring"
"1,438","2025 Mar 26 12:00:00 AM","2025","FY24-25","March","26","Wednesday","06:22:06","18:43:28","118","$1,182","2","$90","$6,957.59","$16,361","$1,102.45","$6,571.21","344","86.6%","298","$32,264","$108.27","Spring"
"1,439","2025 Mar 27 12:00:00 AM","2025","FY24-25","March","27","Thursday","06:20:46","18:44:12","127","$1,331.71","5","$190","$8,978.27","$13,804.1","$2,255.94","$6,790.9","344","79.9%","275","$33,351","$121.28","Spring"
"1,440","2025 Mar 28 12:00:00 AM","2025","FY24-25","March","28","Friday","06:19:26","18:44:56","124","$1,260","8","$300","$9,645.14","$18,624.8","$1,447.22","$9,796.34","344","87.5%","301","$41,074","$136.46","Spring"
"1,441","2025 Mar 29 12:00:00 AM","2025","FY24-25","March","29","Saturday","06:18:05","18:45:40","0","$0","0","$0","$15,184.36","$21,000","$1,128.82","$8,939.4","344","70.9%","244","$46,253","$189.56","Spring"
"1,442","2025 Mar 30 12:00:00 AM","2025","FY24-25","March","30","Sunday","06:16:46","18:46:24","195","$2,602.18","2","$20","$9,598.49","$11,160.1","$786.37","$8,674.15","348","91.1%","317","$32,841","$103.6","Spring"
"1,443","2025 Mar 31 12:00:00 AM","2025","FY24-25","March","31","Monday","06:15:26","18:47:08","160","$1,572.04","0","$0","$5,304.11","$15,382.62","$1,048","$20,608.84","348","92.8%","323","$43,916","$135.96","Spring"
"1,444","2025 Apr 01 12:00:00 AM","2025","FY24-25","April","1","Tuesday","06:14:06","18:47:52","148","$1,493","3","$130","$5,170.35","$14,119","$1,376.61","$7,598.53","348","88.5%","308","$29,887","$97.04","Spring"
"1,445","2025 Apr 02 12:00:00 AM","2025","FY24-25","April","2","Wednesday","06:12:47","18:48:36","152","$1,529","11","$540","$6,049.92","$14,421.3","$2,047.96","$8,110.42","352","81.3%","286","$32,699","$114.33","Spring"
"1,446","2025 Apr 03 12:00:00 AM","2025","FY24-25","April","3","Thursday","06:11:28","18:49:20","167","$1,666","7","$230","$7,883.94","$17,001.86","$1,741.01","$8,216.82","352","92.6%","326","$36,740","$112.7","Spring"
"1,447","2025 Apr 04 12:00:00 AM","2025","FY24-25","April","4","Friday","06:10:09","18:50:04","97","$987.68","21","$1,090","$11,479.44","$20,359.32","$2,238.05","$8,298.56","352","96%","338","$44,453","$131.52","Spring"
"1,448","2025 Apr 05 12:00:00 AM","2025","FY24-25","April","5","Saturday","06:08:51","18:50:48","0","$0","0","$0","$17,507.84","$21,319.68","$1,571.09","$8,063.25","352","75%","264","$48,462","$183.57","Spring"
"1,449","2025 Apr 06 12:00:00 AM","2025","FY24-25","April","6","Sunday","06:07:33","18:51:33","171","$2,383.26","1","$10","$7,936.35","$11,951","$1,980.67","$9,145.96","356","92.1%","328","$33,407","$101.85","Spring"
"1,450","2025 Apr 07 12:00:00 AM","2025","FY24-25","April","7","Monday","06:06:16","18:52:17","139","$1,381","8","$405","$4,668.16","$14,828.67","$1,274.63","$5,966.13","356","83.1%","296","$28,524","$96.36","Spring"
"1,451","2025 Apr 08 12:00:00 AM","2025","FY24-25","April","8","Tuesday","06:04:59","18:53:01","176","$1,783.36","2","$40","$4,655.4","$14,186.25","$2,019.28","$6,345.43","356","84.6%","301","$29,030","$96.44","Spring"
"1,452","2025 Apr 09 12:00:00 AM","2025","FY24-25","April","9","Wednesday","06:03:42","18:53:45","161","$1,600","2","$120","$6,163.82","$14,169","$1,270.79","$7,742.2","356","86.2%","307","$31,066","$101.19","Spring"
"1,453","2025 Apr 10 12:00:00 AM","2025","FY24-25","April","10","Thursday","06:02:26","18:54:29","168","$1,676","1","$60","$8,754.37","$16,766.5","$1,033.13","$6,913.89","360","94.4%","340","$35,204","$103.54","Spring"
"1,454","2025 Apr 11 12:00:00 AM","2025","FY24-25","April","11","Friday","06:01:10","18:55:14","35","$350","6","$420","$15,093.05","$19,395","$2,050.71","$8,130.66","360","57.8%","208","$45,439","$218.46","Spring"
"1,455","2025 Apr 12 12:00:00 AM","2025","FY24-25","April","12","Saturday","05:59:55","18:55:58","0","$0","2","$120","$17,036.635","$20,963.68","$1,986.28","$7,424.2","360","67.8%","244","$47,531","$194.8","Spring"
"1,456","2025 Apr 13 12:00:00 AM","2025","FY24-25","April","13","Sunday","05:58:40","18:56:43","167","$2,262.63","1","$60","$7,788.37","$12,759.29","$1,531.47","$9,193.81","360","86.4%","311","$33,596","$108.02","Spring"
"1,457","2025 Apr 14 12:00:00 AM","2025","FY24-25","April","14","Monday","05:57:27","18:57:27","149","$1,508","0","$0","$4,872.63","$15,003.23","$1,034.7","$6,128.76","364","88.5%","322","$28,547","$88.66","Spring"
"1,458","2025 Apr 15 12:00:00 AM","2025","FY24-25","April","15","Tuesday","05:56:13","18:58:12","130","$1,291","5","$150","$6,147.08","$12,051.5","$1,064.53","$7,841.27","364","77.2%","281","$28,545","$101.58","Spring"
"1,459","2025 Apr 16 12:00:00 AM","2025","FY24-25","April","16","Wednesday","05:55:01","18:58:56","161","$1,637","4","$210","$7,484.75","$14,383","$1,637","$6,947.44","364","83%","302","$32,299","$106.95","Spring"
"1,460","2025 Apr 17 12:00:00 AM","2025","FY24-25","April","17","Thursday","05:53:48","18:59:41","165","$1,668.46","0","$0","$9,233.11","$16,743.02","$1,244.41","$7,644.45","364","93.1%","339","$36,533","$107.77","Spring"
"1,461","2025 Apr 18 12:00:00 AM","2025","FY24-25","April","18","Friday","05:52:37","19:00:26","147","$1,479","10","$400","$11,997.4","$18,931","$2,947.65","$11,628.32","368","91%","335","$47,383","$141.44","Spring"
"1,462","2025 Apr 19 12:00:00 AM","2025","FY24-25","April","19","Saturday","05:51:27","19:01:11","128","$1,453.35","0","$0","$10,920.69","$16,211.28","$1,184.34","$9,139.8","368","91.6%","337","$38,909","$115.46","Spring"
"1,463","2025 Apr 20 12:00:00 AM","2025","FY24-25","April","20","Sunday","05:50:17","19:01:56","99","$1,044","1","$60","$6,967.9","$15,820","$1,107.93","$7,891.29","368","88.9%","327","$32,891","$100.58","Spring"
"1,464","2025 Apr 21 12:00:00 AM","2025","FY24-25","April","21","Monday","05:49:08","19:02:41","178","$1,824","0","$0","$5,395.82","$13,927","$978.65","$7,043.07","368","88.6%","326","$29,169","$89.47","Spring"
"1,465","2025 Apr 22 12:00:00 AM","2025","FY24-25","April","22","Tuesday","05:48:00","19:03:26","175","$1,784.64","6","$230","$5,290.29","$13,565.19","$1,336.91","$8,397.9","368","89.1%","328","$30,605","$93.31","Spring"
"1,466","2025 Apr 23 12:00:00 AM","2025","FY24-25","April","23","Wednesday","05:46:52","19:04:11","127","$1,271","5","$200","$6,916.51","$11,811","$903.87","$8,538.96","372","76.6%","285","$29,641","$104","Spring"
"1,467","2025 Apr 24 12:00:00 AM","2025","FY24-25","April","24","Thursday","05:45:46","19:04:57","159","$1,596","10","$370","$8,988.88","$15,086.2","$1,214.94","$8,477.36","372","87.4%","325","$35,733","$109.95","Spring"
"1,468","2025 Apr 25 12:00:00 AM","2025","FY24-25","April","25","Friday","05:44:40","19:05:42","63","$642","4","$160","$17,237.41","$17,814","$2,459.72","$9,335.43","372","74.5%","277","$47,649","$172.02","Spring"
"1,469","2025 Apr 26 12:00:00 AM","2025","FY24-25","April","26","Saturday","05:43:36","19:06:28","160","$2,146.93","2","$65","$12,334.02","$4,976","$1,817.22","$9,783.16","372","36.3%","135","$31,122","$230.54","Spring"
"1,470","2025 Apr 27 12:00:00 AM","2025","FY24-25","April","27","Sunday","05:42:32","19:07:13","129","$1,794.54","3","$30","$9,513.67","$4,562","$835.5","$8,568.11","376","35.6%","134","$25,304","$188.83","Spring"
"1,471","2025 Apr 28 12:00:00 AM","2025","FY24-25","April","28","Monday","05:41:29","19:07:59","141","$1,407","2","$50","$5,997.41","$27,659.7","$2,425.58","$5,487.15","376","179.5%","675","$43,027","$63.74","Spring"
"1,472","2025 Apr 29 12:00:00 AM","2025","FY24-25","April","29","Tuesday","05:40:27","19:08:44","132","$1,320","5","$170","$6,742.15","$12,528","$935.06","$7,172.69","376","84%","316","$28,868","$91.35","Spring"
"1,473","2025 Apr 30 12:00:00 AM","2025","FY24-25","April","30","Wednesday","05:39:27","19:09:30","122","$1,233","4","$160","$7,559.66","$10,510","$864.4","$21,717.82","376","75.3%","283","$42,045","$148.57","Spring"
"1,474","2025 May 01 12:00:00 AM","2025","FY24-25","May","1","Thursday","05:38:27","19:10:15","39","$390","0","$0","$10,879.45","$13,215.96","$1,294.21","$8,083.76","380","58.7%","223","$33,863","$151.85","Spring"
"1,475","2025 May 02 12:00:00 AM","2025","FY24-25","May","2","Friday","05:37:29","19:11:01","49","$496","3","$120","$13,471.87","$16,066","$1,572.73","$11,328.93","380","66.3%","252","$43,056","$170.86","Spring"
"1,476","2025 May 03 12:00:00 AM","2025","FY24-25","May","3","Saturday","05:36:31","19:11:46","0","$0","1","$40","$14,690.46","$13,007","$1,757.8","$8,301.7","380","39.2%","149","$37,797","$253.67","Spring"
"1,477","2025 May 04 12:00:00 AM","2025","FY24-25","May","4","Sunday","05:35:35","19:12:32","189","$2,638.88","1","$40","$9,485.12","$9,276.32","$1,027.84","$9,468.93","380","94.2%","358","$31,937","$89.21","Spring"
"1,478","2025 May 05 12:00:00 AM","2025","FY24-25","May","5","Monday","05:34:40","19:13:17","67","$702","0","$0","$7,411.1","$15,032","$1,079.02","$7,428.33","380","90.8%","345","$31,652","$91.75","Spring"
"1,479","2025 May 06 12:00:00 AM","2025","FY24-25","May","6","Tuesday","05:33:46","19:14:03","98","$956","2","$80","$5,803.37","$11,180","$941.78","$6,975.2","384","69%","265","$25,936","$97.87","Spring"
"1,480","2025 May 07 12:00:00 AM","2025","FY24-25","May","7","Wednesday","05:32:53","19:14:48","87","$722","3","$120","$11,146.84","$11,964","$1,445.77","$8,427.97","384","83.9%","322","$33,827","$105.05","Spring"
"1,481","2025 May 08 12:00:00 AM","2025","FY24-25","May","8","Thursday","05:32:01","19:15:33","109","$1,115","3","$90","$9,111.84","$12,782.09","$1,020.03","$9,352.49","384","76.6%","294","$33,471","$113.85","Spring"
"1,482","2025 May 09 12:00:00 AM","2025","FY24-25","May","9","Friday","05:31:11","19:16:18","171","$1,731","2","$80","$11,419.42","$14,490","$1,147.15","$9,224.15","384","85.4%","328","$38,092","$116.13","Spring"
"1,483","2025 May 10 12:00:00 AM","2025","FY24-25","May","10","Saturday","05:30:22","19:17:03","36","$341.18","0","$0","$9,883.23","$13,995.82","$816.11","$6,912.74","384","50.3%","193","$31,949","$165.54","Spring"
"1,484","2025 May 11 12:00:00 AM","2025","FY24-25","May","11","Sunday","05:29:34","19:17:48","132","$1,606.67","5","$580","$8,108.96","$9,282.48","$1,087.98","$6,391.3","388","82.5%","320","$27,057","$84.55","Spring"
"1,485","2025 May 12 12:00:00 AM","2025","FY24-25","May","12","Monday","05:28:48","19:18:33","106","$1,073","2","$80","$5,285.31","$8,917","$1,449.18","$6,095.28","388","66.8%","259","$22,900","$88.42","Spring"
"1,486","2025 May 13 12:00:00 AM","2025","FY24-25","May","13","Tuesday","05:28:03","19:19:17","124","$1,198.98","0","$0","$6,155.16","$9,708.02","$1,116.94","$8,681.45","388","74.5%","289","$26,861","$92.94","Spring"
"1,487","2025 May 14 12:00:00 AM","2025","FY24-25","May","14","Wednesday","05:27:19","19:20:01","115","$1,147","7","$130","$9,565.83","$10,128","$1,076.92","$9,030.77","388","85.3%","331","$31,079","$93.89","Spring"
"1,488","2025 May 15 12:00:00 AM","2025","FY24-25","May","15","Thursday","05:26:37","19:20:45","110","$1,099.91","7","$235","$8,626.58","$9,581.25","$1,825.46","$7,261.63","388","70.6%","274","$28,630","$104.49","Spring"
"1,489","2025 May 16 12:00:00 AM","2025","FY24-25","May","16","Friday","05:25:56","19:21:29","147","$1,460","14","$490","$12,474.73","$15,642.9","$1,078.13","$8,301.74","392","85.2%","334","$39,448","$118.11","Spring"
"1,490","2025 May 17 12:00:00 AM","2025","FY24-25","May","17","Saturday","05:25:17","19:22:13","188","$2,478.23","14","$405","$14,079.66","$12,002.32","$1,674.83","$10,914.76","392","91.3%","358","$41,555","$116.07","Spring"
"1,491","2025 May 18 12:00:00 AM","2025","FY24-25","May","18","Sunday","05:24:39","19:22:56","211","$2,724.87","4","$125","$9,119.16","$5,391","$1,509.36","$9,164.2","392","39.8%","156","$28,034","$179.7","Spring"
"1,492","2025 May 19 12:00:00 AM","2025","FY24-25","May","19","Monday","05:24:02","19:23:38","77","$799","1","$40","$6,406.28","$16,727.32","$1,470.58","$5,833.41","392","114%","447","$31,277","$69.97","Spring"
"1,493","2025 May 20 12:00:00 AM","2025","FY24-25","May","20","Tuesday","05:23:27","19:24:21","150","$1,520","5","$200","$6,142.87","$9,903.5","$474.15","$7,123.81","392","82.1%","322","$25,364","$78.77","Spring"
"1,494","2025 May 21 12:00:00 AM","2025","FY24-25","May","21","Wednesday","05:22:53","19:25:03","127","$1,247","3","$120","$6,367.59","$8,644","$1,356.87","$6,980.9","392","72.2%","283","$24,716","$87.34","Spring"
"1,495","2025 May 22 12:00:00 AM","2025","FY24-25","May","22","Thursday","05:22:21","19:25:44","89","$842","5","$200","$9,377.89","$7,942.51","$807.04","$7,552.57","392","77.6%","304","$26,722","$87.9","Spring"
"1,496","2025 May 23 12:00:00 AM","2025","FY24-25","May","23","Friday","05:21:50","19:26:25","149","$1,478","6","$210","$10,601.49","$13,837","$1,271.05","$8,042.68","396","87.1%","345","$35,440","$102.73","Spring"
"1,497","2025 May 24 12:00:00 AM","2025","FY24-25","May","24","Saturday","05:21:21","19:27:06","149","$1,447","7","$245","$13,016.9","$16,021","$1,388.27","$9,269","396","86.9%","344","$41,387","$120.31","Spring"
"1,498","2025 May 25 12:00:00 AM","2025","FY24-25","May","25","Sunday","05:20:53","19:27:46","177","$2,225.92","1","$10","$7,346.49","$8,369.8","$1,406.54","$8,100.23","396","76.8%","304","$27,459","$90.33","Spring"
"1,499","2025 May 26 12:00:00 AM","2025","FY24-25","May","26","Monday","05:20:27","19:28:25","165","$1,625","2","$80","$7,302.07","$11,806","$1,275.12","$3,783.99","396","89.9%","356","$25,872","$72.67","Spring"
"1,500","2025 May 27 12:00:00 AM","2025","FY24-25","May","27","Tuesday","05:20:03","19:29:04","159","$1,639","2","$80","$4,572.28","$9,301","$762.09","$3,443.43","396","85.9%","340","$19,798","$58.23","Spring"
"1,501","2025 May 28 12:00:00 AM","2025","FY24-25","May","28","Wednesday","05:19:40","19:29:42","126","$1,236","1","$40","$6,353.25","$8,019","$1,935.83","$6,863.76","396","73.5%","291","$24,448","$84.01","Spring"
"1,502","2025 May 29 12:00:00 AM","2025","FY24-25","May","29","Thursday","05:19:18","19:30:20","107","$1,028","3","$90","$9,345.19","$8,574.12","$2,699.75","$6,768.61","396","80.6%","319","$28,506","$89.36","Spring"
"1,503","2025 May 30 12:00:00 AM","2025","FY24-25","May","30","Friday","05:18:59","19:30:56","78","$800","7","$190","$12,315.2","$11,256","$1,122","$3,875.76","400","77.2%","309","$29,559","$95.66","Spring"
"1,504","2025 May 31 12:00:00 AM","2025","FY24-25","May","31","Saturday","05:18:40","19:31:32","207","$2,660.33","0","$0","$13,307.24","$10,392.96","$1,378.22","$17,977.33","400","88%","352","$45,716","$129.88","Spring"
"1,505","2025 Jun 01 12:00:00 AM","2025","FY24-25","June","1","Sunday","05:18:24","19:32:08","103","$1,046.24","1","$500","$9,796","$12,827.68","$1,235.37","$7,113.65","400","76%","304","$32,519","$106.97","Summer"
"1,506","2025 Jun 02 12:00:00 AM","2025","FY24-25","June","2","Monday","05:18:09","19:32:42","86","$829","1","$40","$5,138.74","$6,057","$1,060.04","$17,167.02","400","64.7%","259","$30,292","$116.96","Summer"
"1,507","2025 Jun 03 12:00:00 AM","2025","FY24-25","June","3","Tuesday","05:17:55","19:33:16","105","$1,056","1","$40","$5,502.09","$7,206","$1,084.91","$7,663.68","400","70.5%","282","$22,553","$79.97","Summer"
"1,508","2025 Jun 04 12:00:00 AM","2025","FY24-25","June","4","Wednesday","05:17:43","19:33:48","74","$693.98","2","$80","$5,727.5","$5,302.52","$500.47","$6,340.89","400","63.2%","253","$18,645","$73.7","Summer"
"1,509","2025 Jun 05 12:00:00 AM","2025","FY24-25","June","5","Thursday","05:17:33","19:34:20","113","$1,098","5","$200","$8,832.46","$7,159.13","$1,122.24","$8,026.3","400","71.8%","287","$26,438","$92.12","Summer"
"1,510","2025 Jun 06 12:00:00 AM","2025","FY24-25","June","6","Friday","05:17:24","19:34:51","114","$1,165","4","$100","$9,403.1","$8,263","$1,107.93","$8,308.78","400","72.8%","291","$28,348","$97.42","Summer"
"1,511","2025 Jun 07 12:00:00 AM","2025","FY24-25","June","7","Saturday","05:17:16","19:35:21","162","$1,908.37","3","$105","$10,055.12","$9,529.44","$1,713.26","$7,359.47","400","82.8%","331","$30,671","$92.66","Summer"
"1,512","2025 Jun 08 12:00:00 AM","2025","FY24-25","June","8","Sunday","05:17:11","19:35:50","148","$1,888.99","2","$80","$7,816.16","$8,416.08","$1,090.73","$6,879.24","400","75.7%","303","$26,171","$86.37","Summer"
"1,513","2025 Jun 09 12:00:00 AM","2025","FY24-25","June","9","Monday","05:17:07","19:36:17","93","$1,008","0","$0","$7,862.82","$5,482","$783.72","$10,368.53","400","60.8%","243","$25,505","$104.96","Summer"
"1,514","2025 Jun 10 12:00:00 AM","2025","FY24-25","June","10","Tuesday","05:17:04","19:36:44","117","$1,147","0","$0","$4,619.15","$5,750.5","$1,033.06","$5,486.64","400","65.7%","263","$18,036","$68.58","Summer"
"1,515","2025 Jun 11 12:00:00 AM","2025","FY24-25","June","11","Wednesday","05:17:03","19:37:10","105","$936.08","0","$0","$4,052.23","$5,536.92","$1,027.72","$6,036.61","404","62.4%","252","$17,590","$69.8","Summer"
"1,516","2025 Jun 12 12:00:00 AM","2025","FY24-25","June","12","Thursday","05:17:03","19:37:34","144","$1,440","5","$200","$8,576.87","$7,989.36","$1,587.6","$6,456.92","404","74%","299","$26,251","$87.8","Summer"
"1,517","2025 Jun 13 12:00:00 AM","2025","FY24-25","June","13","Friday","05:17:05","19:37:57","87","$948","7","$235","$7,532.9","$10,389","$869.2","$6,344.67","404","83.9%","339","$26,319","$77.64","Summer"
"1,518","2025 Jun 14 12:00:00 AM","2025","FY24-25","June","14","Saturday","05:17:08","19:38:20","224","$2,850.99","3","$105","$9,235.32","$8,863.13","$1,536.82","$7,757.27","404","89.4%","361","$30,349","$84.07","Summer"
"1,519","2025 Jun 15 12:00:00 AM","2025","FY24-25","June","15","Sunday","05:17:13","19:38:40","107","$982","4","$100","$7,068.93","$9,947","$1,154.49","$6,470.62","404","72%","291","$25,723","$88.4","Summer"
"1,520","2025 Jun 16 12:00:00 AM","2025","FY24-25","June","16","Monday","05:17:20","19:39:00","104","$1,067","1","$40","$3,197.37","$3,059","$458.13","$4,050","404","45.3%","183","$11,872","$64.87","Summer"
"1,521","2025 Jun 17 12:00:00 AM","2025","FY24-25","June","17","Tuesday","05:17:27","19:39:18","87","$892","1","$40","$3,710.18","$2,298","$1,645.9","$6,283.79","404","41.8%","169","$14,870","$87.99","Summer"
"1,522","2025 Jun 18 12:00:00 AM","2025","FY24-25","June","18","Wednesday","05:17:37","19:39:35","113","$1,152.01","0","$0","$4,358.23","$4,095","$773.61","$6,197.4","404","56.7%","229","$16,576","$72.39","Summer"
"1,523","2025 Jun 19 12:00:00 AM","2025","FY24-25","June","19","Thursday","05:17:47","19:39:51","157","$1,532","0","$0","$7,408.97","$6,750.8","$2,012.66","$7,536.25","404","85.4%","345","$25,241","$73.16","Summer"
"1,524","2025 Jun 20 12:00:00 AM","2025","FY24-25","June","20","Friday","05:17:59","19:40:05","107","$1,084","2","$80","$7,174.13","$6,398","$869.21","$6,767.1","404","68.1%","275","$22,372","$81.35","Summer"
"1,525","2025 Jun 21 12:00:00 AM","2025","FY24-25","June","21","Saturday","05:18:12","19:40:18","168","$2,071.29","2","$65","$7,332.87","$6,994.72","$1,461.06","$6,983.09","404","71.5%","289","$24,908","$86.19","Summer"
"1,526","2025 Jun 22 12:00:00 AM","2025","FY24-25","June","22","Sunday","05:18:27","19:40:29","114","$1,172","0","$0","$6,680.29","$9,100","$688.42","$6,798.04","404","78%","315","$24,439","$77.58","Summer"
"1,527","2025 Jun 23 12:00:00 AM","2025","FY24-25","June","23","Monday","05:18:43","19:40:39","142","$1,139.83","3","$120","$4,354.71","$5,082","$1,139.83","$5,653.05","404","74.8%","302","$17,489","$57.91","Summer"
"1,528","2025 Jun 24 12:00:00 AM","2025","FY24-25","June","24","Tuesday","05:19:00","19:40:47","138","$1,399","3","$105","$5,106.92","$5,341","$857.33","$5,971.3","404","81.9%","331","$18,781","$56.74","Summer"
"1,529","2025 Jun 25 12:00:00 AM","2025","FY24-25","June","25","Wednesday","05:19:19","19:40:54","38","$437","0","$0","$4,693.3","$2,912","$781.43","$6,171.72","404","42.8%","173","$14,995","$86.68","Summer"
"1,530","2025 Jun 26 12:00:00 AM","2025","FY24-25","June","26","Thursday","05:19:38","19:41:00","40","$486","0","$0","$4,253.45","$3,309","$650.18","$6,615.53","404","74.3%","300","$15,314","$51.05","Summer"
"1,531","2025 Jun 27 12:00:00 AM","2025","FY24-25","June","27","Friday","05:19:59","19:41:04","111","$1,124","15","$495","$8,978.64","$7,967","$1,762.91","$7,244.9","404","77%","311","$27,572","$88.66","Summer"
"1,532","2025 Jun 28 12:00:00 AM","2025","FY24-25","June","28","Saturday","05:20:21","19:41:06","207","$2,718.24","1","$10","$9,778.96","$6,918.82","$1,010.62","$7,456.69","404","75%","303","$27,893","$92.06","Summer"
"1,533","2025 Jun 29 12:00:00 AM","2025","FY24-25","June","29","Sunday","05:20:44","19:41:07","66","$613","0","$0","$9,010.32","$7,789.48","$1,237.9","$5,982.27","404","63.4%","256","$24,633","$96.22","Summer"
"1,534","2025 Jun 30 12:00:00 AM","2025","FY24-25","June","30","Monday","05:21:09","19:41:06","126","$1,210.67","0","$0","$2,994.1","$4,148.33","$719.34","$3,824.55","404","60.1%","243","$12,897","$53.07","Summer"
"1,535","2025 Jul 01 12:00:00 AM","2025","FY25-26","July","1","Tuesday","05:21:34","19:41:04","154","$1,579","0","$0","$4,232.08","$4,704","$352.4","$4,391.13","404","78%","315","$15,259","$48.44","Summer"
"1,536","2025 Jul 02 12:00:00 AM","2025","FY25-26","July","2","Wednesday","05:22:00","19:41:00","129","$1,297.96","2","$50","$4,102.6","$4,429.52","$778.74","$4,279.53","400","69%","276","$14,938","$54.12","Summer"
"1,537","2025 Jul 03 12:00:00 AM","2025","FY25-26","July","3","Thursday","05:22:28","19:40:55","140","$1,412","1","$10","$8,116.56","$6,241.21","$1,329.07","$7,105.64","400","89.2%","357","$24,214","$67.83","Summer"
"1,538","2025 Jul 04 12:00:00 AM","2025","FY25-26","July","4","Friday","05:22:56","19:40:48","125","$1,304","2","$50","$6,201.4","$8,303","$1,286.27","$4,289.96","400","71.8%","287","$21,435","$74.69","Summer"
"1,539","2025 Jul 05 12:00:00 AM","2025","FY25-26","July","5","Saturday","05:23:25","19:40:39","153","$1,874.36","2","$50","$5,071.96","$6,290.88","$760.21","$6,323.84","400","73.8%","295","$20,371","$69.06","Summer"
"1,540","2025 Jul 06 12:00:00 AM","2025","FY25-26","July","6","Sunday","05:23:55","19:40:29","110","$1,145.79","6","$180","$5,419.76","$7,793.71","$718.67","$5,370.47","400","76.2%","305","$20,628","$67.63","Summer"
"1,541","2025 Jul 07 12:00:00 AM","2025","FY25-26","July","7","Monday","05:24:26","19:40:17","88","$913","4","$130","$2,867.61","$4,594.5","$466.34","$3,330.03","400","60.5%","242","$12,301","$50.83","Summer"
"1,542","2025 Jul 08 12:00:00 AM","2025","FY25-26","July","8","Tuesday","05:24:58","19:40:04","118","$1,218","0","$0","$3,788.26","$3,804","$644.79","$4,624.73","400","59.3%","237","$14,080","$59.41","Summer"
"1,543","2025 Jul 09 12:00:00 AM","2025","FY25-26","July","9","Wednesday","05:25:31","19:39:48","89","$942","0","$0","$3,542.43","$2,923","$958.17","$4,989.12","400","48.7%","195","$13,355","$68.49","Summer"
"1,544","2025 Jul 10 12:00:00 AM","2025","FY25-26","July","10","Thursday","05:26:04","19:39:32","128","$1,260","0","$0","$6,219.59","$4,317.33","$443.63","$4,768.19","400","65.7%","263","$17,009","$64.67","Summer"
"1,545","2025 Jul 11 12:00:00 AM","2025","FY25-26","July","11","Friday","05:26:38","19:39:13","100","$1,002.89","5","$200","$6,473.93","$7,033.61","$1,382.8","$4,851.88","400","73.5%","294","$20,945","$71.24","Summer"
"1,546","2025 Jul 12 12:00:00 AM","2025","FY25-26","July","12","Saturday","05:27:13","19:38:53","201","$2,539.63","3","$230","$6,976.86","$6,954.04","$1,182.88","$4,169.08","396","86.1%","341","$22,052","$64.67","Summer"
"1,547","2025 Jul 13 12:00:00 AM","2025","FY25-26","July","13","Sunday","05:27:48","19:38:32","120","$1,230.28","1","$40","$5,355.99","$7,325.72","$728.85","$4,097.49","396","74%","293","$18,778","$64.09","Summer"
"1,548","2025 Jul 14 12:00:00 AM","2025","FY25-26","July","14","Monday","05:28:25","19:38:09","125","$1,266.88","0","$0","$4,640.09","$4,370.61","$505.79","$3,609.44","396","69.4%","275","$14,393","$52.34","Summer"
"1,549","2025 Jul 15 12:00:00 AM","2025","FY25-26","July","15","Tuesday","05:29:01","19:37:44","142","$1,432","2","$80","$7,841.81","$5,041","$511.76","$5,031.94","396","82.3%","326","$19,939","$61.16","Summer"
"1,550","2025 Jul 16 12:00:00 AM","2025","FY25-26","July","16","Wednesday","05:29:38","19:37:18","157","$1,562.69","1","$40","$6,391.18","$5,730.29","$847.83","$5,425.63","396","88.6%","351","$19,998","$56.97","Summer"
"1,551","2025 Jul 17 12:00:00 AM","2025","FY25-26","July","17","Thursday","05:30:16","19:36:50","108","$1,064.25","3","$90","$7,070.31","$5,824.93","$707.68","$5,538.62","396","85.1%","337","$20,296","$60.22","Summer"
"1,552","2025 Jul 18 12:00:00 AM","2025","FY25-26","July","18","Friday","05:30:54","19:36:20","98","$991.22","1","$10","$7,784.53","$7,476.89","$1,180.45","$7,394.86","396","78.5%","311","$24,838","$79.86","Summer"
"1,553","2025 Jul 19 12:00:00 AM","2025","FY25-26","July","19","Saturday","05:31:33","19:35:49","106","$1,146.01","3","$90","$9,414.67","$7,779.5","$597.63","$6,648.45","396","83.6%","331","$25,676","$77.57","Summer"
"1,554","2025 Jul 20 12:00:00 AM","2025","FY25-26","July","20","Sunday","05:32:12","19:35:17","106","$1,045","3","$90","$8,037.64","$8,979","$764.61","$8,644.46","392","83.7%","328","$27,561","$84.03","Summer"
"1,555","2025 Jul 21 12:00:00 AM","2025","FY25-26","July","21","Monday","05:32:52","19:34:43","123","$1,265.33","1","$40","$3,940.94","$5,426.67","$578.93","$4,801.73","392","76.3%","299","$16,054","$53.69","Summer"
"1,556","2025 Jul 22 12:00:00 AM","2025","FY25-26","July","22","Tuesday","05:33:32","19:34:07","133","$1,366.08","4","$130","$5,778.41","$5,983","$1,366.08","$6,760.15","392","89.5%","351","$21,384","$60.92","Summer"
"1,557","2025 Jul 23 12:00:00 AM","2025","FY25-26","July","23","Wednesday","05:34:12","19:33:30","89","$891.56","1","$40","$4,459.47","$4,119.94","$1,150.23","$7,270.97","392","65.3%","256","$17,932","$70.05","Summer"
"1,558","2025 Jul 24 12:00:00 AM","2025","FY25-26","July","24","Thursday","05:34:52","19:32:52","114","$1,142","0","$0","$7,928.31","$5,267.8","$1,685.27","$6,950.43","392","79.3%","311","$22,974","$73.87","Summer"
"1,559","2025 Jul 25 12:00:00 AM","2025","FY25-26","July","25","Friday","05:35:33","19:32:12","101","$1,015","0","$0","$7,638.18","$7,617","$706.05","$7,689.7","392","79.3%","311","$24,666","$79.31","Summer"
"1,560","2025 Jul 26 12:00:00 AM","2025","FY25-26","July","26","Saturday","05:36:14","19:31:30","81","$916.17","4","$160","$8,222.95","$7,804.04","$1,313.39","$8,402.21","388","95.4%","370","$26,819","$72.48","Summer"
"1,561","2025 Jul 27 12:00:00 AM","2025","FY25-26","July","27","Sunday","05:36:56","19:30:47","89","$911","3","$90","$6,932.37","$8,644.5","$868.32","$5,866.38","388","85.1%","330","$23,313","$70.64","Summer"
"1,562","2025 Jul 28 12:00:00 AM","2025","FY25-26","July","28","Monday","05:37:37","19:30:03","116","$1,161","2","$20","$4,041.42","$3,723","$580.59","$4,609.3","388","65.5%","254","$14,135","$55.65","Summer"
"1,563","2025 Jul 29 12:00:00 AM","2025","FY25-26","July","29","Tuesday","05:38:19","19:29:17","138","$1,410","0","$0","$4,917.94","$4,222.99","$1,111.7","$5,984.75","388","74.5%","289","$17,647","$61.06","Summer"
"1,564","2025 Jul 30 12:00:00 AM","2025","FY25-26","July","30","Wednesday","05:39:01","19:28:30","113","$1,150","0","$0","$5,090.57","$4,291","$1,345.5","$5,131.19","388","76.3%","296","$17,008","$57.46","Summer"
"1,565","2025 Jul 31 12:00:00 AM","2025","FY25-26","July","31","Thursday","05:39:43","19:27:42","117","$1,194","1","$10","$5,657.81","$4,829.46","$526.43","$16,589.19","388","72.7%","282","$28,807","$102.15","Summer"
"1,566","2025 Aug 01 12:00:00 AM","2025","FY25-26","August","1","Friday","05:40:25","19:26:52","119","$1,140","1","$10","$6,676.38","$6,987.5","$1,444.49","$6,871.3","384","71.6%","275","$23,130","$84.11","Summer"
"1,567","2025 Aug 02 12:00:00 AM","2025","FY25-26","August","2","Saturday","05:41:07","19:26:01","71","$654.4","1","$40","$7,197.34","$4,306.45","$873.55","$8,360.75","384","51%","196","$21,432","$109.35","Summer"
"1,568","2025 Aug 03 12:00:00 AM","2025","FY25-26","August","3","Sunday","05:41:49","19:25:08","146","$1,480","1","$40","$6,538.19","$7,866","$596.31","$6,703.24","384","73.2%","281","$23,224","$82.65","Summer"
"1,569","2025 Aug 04 12:00:00 AM","2025","FY25-26","August","4","Monday","05:42:31","19:24:15","107","$1,066","0","$0","$3,351.08","$3,502","$584.56","$4,402.59","384","56.5%","217","$12,906","$59.48","Summer"
"1,570","2025 Aug 05 12:00:00 AM","2025","FY25-26","August","5","Tuesday","05:43:14","19:23:20","132","$1,326","1","$40","$4,998.47","$4,192","$1,191","$5,402.49","384","73.4%","282","$17,150","$60.82","Summer"
"1,571","2025 Aug 06 12:00:00 AM","2025","FY25-26","August","6","Wednesday","05:43:56","19:22:24","77","$757","3","$45","$4,191.05","$3,749","$826.19","$6,086.51","380","59.2%","225","$15,655","$69.58","Summer"
"1,572","2025 Aug 07 12:00:00 AM","2025","FY25-26","August","7","Thursday","05:44:38","19:21:26","109","$1,108","1","$25","$6,967.72","$4,309.63","$774.77","$5,012.57","380","70.5%","268","$18,198","$67.9","Summer"
"1,573","2025 Aug 08 12:00:00 AM","2025","FY25-26","August","8","Friday","05:45:21","19:20:28","99","$999.74","3","$90","$6,714.71","$6,315.76","$1,097.26","$6,300.25","380","67.4%","256","$21,518","$84.05","Summer"
"1,574","2025 Aug 09 12:00:00 AM","2025","FY25-26","August","9","Saturday","05:46:03","19:19:28","64","$656.58","1","$40","$7,340.68","$7,567.12","$1,523.84","$7,979.1","380","89.2%","339","$25,107","$74.06","Summer"
"1,575","2025 Aug 10 12:00:00 AM","2025","FY25-26","August","10","Sunday","05:46:45","19:18:28","117","$1,165.87","0","$0","$4,986.63","$6,909.63","$839.94","$6,827.07","380","69.5%","264","$20,729","$78.52","Summer"
"1,576","2025 Aug 11 12:00:00 AM","2025","FY25-26","August","11","Monday","05:47:28","19:17:26","83","$826","0","$0","$3,801.47","$4,039.98","$618.13","$4,132.95","376","71%","267","$13,419","$50.26","Summer"
"1,577","2025 Aug 12 12:00:00 AM","2025","FY25-26","August","12","Tuesday","05:48:10","19:16:23","109","$1,090","0","$0","$4,136.09","$4,162","$1,158.59","$5,230.53","376","70.5%","265","$15,777","$59.54","Summer"
"1,578","2025 Aug 13 12:00:00 AM","2025","FY25-26","August","13","Wednesday","05:48:52","19:15:19","136","$1,346","1","$40","$6,027.28","$4,387","$961.36","$5,975.48","376","76.6%","288","$18,737","$65.06","Summer"
"1,579","2025 Aug 14 12:00:00 AM","2025","FY25-26","August","14","Thursday","05:49:34","19:14:14","132","$1,326","0","$0","$6,244.22","$4,454.28","$587.65","$6,876.98","376","69.9%","263","$19,489","$74.1","Summer"
"1,580","2025 Aug 15 12:00:00 AM","2025","FY25-26","August","15","Friday","05:50:16","19:13:09","114","$1,157","7","$220","$8,487.5","$7,281","$985.31","$7,939.23","372","74.2%","276","$26,070","$94.46","Summer"
"1,581","2025 Aug 16 12:00:00 AM","2025","FY25-26","August","16","Saturday","05:50:58","19:12:02","155","$1,574","0","$0","$9,237.11","$9,340.5","$1,094.11","$8,190.23","372","84.1%","313","$29,436","$94.04","Summer"
"1,582","2025 Aug 17 12:00:00 AM","2025","FY25-26","August","17","Sunday","05:51:40","19:10:54","113","$1,213.32","3","$90","$6,641.29","$6,591.28","$1,232.32","$8,734.05","372","85.5%","318","$24,502","$77.05","Summer"
"1,583","2025 Aug 18 12:00:00 AM","2025","FY25-26","August","18","Monday","05:52:21","19:09:45","107","$1,126","1","$10","$3,734.81","$4,351","$495.43","$5,750.32","372","70.7%","263","$15,468","$58.81","Summer"
"1,584","2025 Aug 19 12:00:00 AM","2025","FY25-26","August","19","Tuesday","05:53:03","19:08:36","144","$1,428.25","1","$40","$4,874.76","$4,694.75","$674.09","$6,200.41","368","84.8%","312","$17,912","$57.41","Summer"
"1,585","2025 Aug 20 12:00:00 AM","2025","FY25-26","August","20","Wednesday","05:53:44","19:07:26","110","$1,066","2","$80","$4,566.48","$3,695","$1,108.43","$5,239.69","368","71.2%","262","$15,756","$60.14","Summer"
"1,586","2025 Aug 21 12:00:00 AM","2025","FY25-26","August","21","Thursday","05:54:26","19:06:14","107","$1,065","1","$40","$5,220.78","$4,040.22","$1,085.48","$4,044.73","368","78.5%","289","$15,496","$53.62","Summer"
"1,587","2025 Aug 22 12:00:00 AM","2025","FY25-26","August","22","Friday","05:55:07","19:05:02","129","$1,267","4","$145","$6,557.13","$6,454","$1,045.98","$6,116.75","368","69.6%","256","$21,586","$84.32","Summer"
"1,588","2025 Aug 23 12:00:00 AM","2025","FY25-26","August","23","Saturday","05:55:48","19:03:50","126","$1,274","1","$40","$8,274.54","$8,079.5","$1,139.02","$7,949.7","368","79.3%","292","$26,757","$91.63","Summer"
"1,589","2025 Aug 24 12:00:00 AM","2025","FY25-26","August","24","Sunday","05:56:29","19:02:36","95","$1,081.25","1","$40","$6,043.39","$6,440.4","$1,371.66","$7,492.11","364","86%","313","$22,469","$71.79","Summer"
"1,590","2025 Aug 25 12:00:00 AM","2025","FY25-26","August","25","Monday","05:57:10","19:01:22","97","$957.2","3","$120","$2,607.52","$3,488.79","$846.38","$3,133.67","364","60.7%","221","$11,154","$50.47","Summer"
"1,591","2025 Aug 26 12:00:00 AM","2025","FY25-26","August","26","Tuesday","05:57:51","19:00:07","136","$1,338.66","0","$0","$5,267.73","$4,171","$877.18","$6,445.32","364","80.2%","292","$18,100","$61.99","Summer"
"1,592","2025 Aug 27 12:00:00 AM","2025","FY25-26","August","27","Wednesday","05:58:32","18:58:52","116","$1,012.66","1","$40","$4,786.66","$4,514.67","$1,466.87","$6,143.75","364","76.6%","279","$17,965","$64.39","Summer"
"1,593","2025 Aug 28 12:00:00 AM","2025","FY25-26","August","28","Thursday","05:59:12","18:57:36","116","$1,093","3","$120","$7,668.9","$4,725.51","$2,362.06","$5,331.24","360","83.1%","299","$21,301","$71.24","Summer"
"1,594","2025 Aug 29 12:00:00 AM","2025","FY25-26","August","29","Friday","05:59:53","18:56:19","99","$993.35","2","$50","$8,832.21","$8,721.98","$1,006.26","$8,215.07","360","87.8%","316","$27,819","$88.03","Summer"
"1,595","2025 Aug 30 12:00:00 AM","2025","FY25-26","August","30","Saturday","06:00:33","18:55:02","85","$882","3","$90","$6,303.2","$8,222","$736.41","$5,553.4","360","68.6%","247","$21,787","$88.21","Summer"
"1,596","2025 Aug 31 12:00:00 AM","2025","FY25-26","August","31","Sunday","06:01:14","18:53:44","87","$1,041.87","2","$80","$6,484.49","$7,022.28","$820.44","$22,040.45","360","73.6%","265","$37,490","$141.47","Summer"
"1,597","2025 Sep 01 12:00:00 AM","2025","FY25-26","September","1","Monday","06:01:54","18:52:25","136","$1,410","2","$80","$4,890.99","$7,977.88","$895.62","$5,951.58","356","78.1%","278","$21,206","$76.28","Fall"
"1,598","2025 Sep 02 12:00:00 AM","2025","FY25-26","September","2","Tuesday","06:02:34","18:51:07","85","$845","1","$40","$3,669.17","$4,101.65","$431.58","$5,815.59","356","68.8%","245","$14,903","$60.83","Fall"
"1,599","2025 Sep 03 12:00:00 AM","2025","FY25-26","September","3","Wednesday","06:03:14","18:49:47","134","$1,248.46","0","$0","$4,282.45","$4,276.04","$1,404.31","$6,589.35","356","67.1%","239","$17,801","$74.48","Fall"
"1,600","2025 Sep 04 12:00:00 AM","2025","FY25-26","September","4","Thursday","06:03:54","18:48:28","112","$101.1","3","$105","$5,339.41","$5,203.5","$567.65","$6,159.41","356","67.4%","240","$17,476","$72.82","Fall"
"1,601","2025 Sep 05 12:00:00 AM","2025","FY25-26","September","5","Friday","06:04:34","18:47:07","118","$1,144","0","$0","$7,370.2","$8,448","$713.41","$5,489.64","352","78.1%","275","$23,165","$84.24","Fall"
"1,602","2025 Sep 06 12:00:00 AM","2025","FY25-26","September","6","Saturday","06:05:14","18:45:47","86","$859.5","3","$45","$10,863.9","$7,298.49","$860.61","$6,839.68","352","86.9%","306","$26,767","$87.47","Fall"
"1,603","2025 Sep 07 12:00:00 AM","2025","FY25-26","September","7","Sunday","06:05:54","18:44:26","61","$610","3","$90","$4,959.12","$8,091","$1,000.64","$5,436.63","352","64.5%","227","$20,187","$88.93","Fall"
"1,604","2025 Sep 08 12:00:00 AM","2025","FY25-26","September","8","Monday","06:06:34","18:43:05","109","$1,093.45","2","$70","$3,388.85","$3,839.91","$405.19","$3,916.63","352","61.1%","215","$12,714","$59.14","Fall"
"1,605","2025 Sep 09 12:00:00 AM","2025","FY25-26","September","9","Tuesday","06:07:14","18:41:43","110","$1,108.59","0","$0","$4,012.61","$4,497.71","$354.27","$4,799.36","348","57.5%","200","$14,773","$73.86","Fall"
"1,606","2025 Sep 10 12:00:00 AM","2025","FY25-26","September","10","Wednesday","06:07:53","18:40:22","119","$1,252.48","4","$160","$4,081.66","$4,553.52","$1,117.94","$5,787.1","348","94%","327","$16,953","$51.84","Fall"
"1,607","2025 Sep 11 12:00:00 AM","2025","FY25-26","September","11","Thursday","06:08:33","18:39:00","132","$1,228.75","1","$40","$6,163.39","$5,303.73","$528.67","$5,072.32","348","72.4%","252","$18,337","$72.77","Fall"
"1,608","2025 Sep 12 12:00:00 AM","2025","FY25-26","September","12","Friday","06:09:13","18:37:37","119","$1,218.85","3","$90","$8,795.38","$7,981.15","$3,773.07","$6,434.26","348","83.3%","290","$28,293","$97.56","Fall"
"1,609","2025 Sep 13 12:00:00 AM","2025","FY25-26","September","13","Saturday","06:09:53","18:36:15","78","$895.86","1","$40","$8,911.69","$7,297.32","$1,313.07","$6,463.16","344","87.8%","302","$24,921","$82.52","Fall"
"1,610","2025 Sep 14 12:00:00 AM","2025","FY25-26","September","14","Sunday","06:10:33","18:34:52","90","$1,003.86","2","$80","$6,492.98","$6,720.32","$737.56","$6,058.44","344","80.5%","277","$21,093","$76.15","Fall"
"1,611","2025 Sep 15 12:00:00 AM","2025","FY25-26","September","15","Monday","06:11:13","18:33:30","99","$1,012","2","$80","$3,434.24","$4,207","$385.97","$4,014.28","344","56.1%","193","$13,133","$68.05","Fall"
"1,612","2025 Sep 16 12:00:00 AM","2025","FY25-26","September","16","Tuesday","06:11:53","18:32:07","103","$1,016","3","$120","$4,715.39","$5,099","$742.91","$5,570.79","344","66%","227","$17,264","$76.05","Fall"
"1,613","2025 Sep 17 12:00:00 AM","2025","FY25-26","September","17","Wednesday","06:12:33","18:30:44","51","$511.99","0","$0","$4,127.21","$11,974.06","$494.02","$4,784.43","340","118.8%","404","$21,892","$54.19","Fall"
"1,614","2025 Sep 18 12:00:00 AM","2025","FY25-26","September","18","Thursday","06:13:13","18:29:21","78","$950","6","$240","$5,310.99","$6,518","$1,486.92","$4,993.79","340","76.8%","261","$19,500","$74.71","Fall"
"1,615","2025 Sep 19 12:00:00 AM","2025","FY25-26","September","19","Friday","06:13:53","18:27:58","171","$1,704","10","$400","$8,636.14","$9,565","$1,047.85","$7,281.8","340","90%","306","$28,635","$93.58","Fall"
"1,616","2025 Sep 20 12:00:00 AM","2025","FY25-26","September","20","Saturday","06:14:33","18:26:35","127","$1,276","6","$470","$9,078.63","$10,500","$1,450.2","$7,186.96","340","87.4%","297","$29,962","$100.88","Fall"
"1,617","2025 Sep 21 12:00:00 AM","2025","FY25-26","September","21","Sunday","06:15:13","18:25:12","114","$1,336.24","1","$40","$6,111.24","$7,396.32","$1,108.3","$4,946.71","336","96.4%","324","$20,939","$64.63","Fall"
"1,618","2025 Sep 22 12:00:00 AM","2025","FY25-26","September","22","Monday","06:15:54","18:23:50","91","$896","2","$80","$3,914.93","$5,403.86","$440.89","$5,523.79","336","75%","252","$16,259","$64.52","Fall"
"1,619","2025 Sep 23 12:00:00 AM","2025","FY25-26","September","23","Tuesday","06:16:34","18:22:27","118","$1,194","2","$80","$5,211.49","$5,213","$1,175.16","$5,409.36","336","64.9%","218","$18,283","$83.87","Fall"
"1,620","2025 Sep 24 12:00:00 AM","2025","FY25-26","September","24","Wednesday","06:17:15","18:21:04","132","$1,398","4","$160","$5,898.39","$4,582","$1,122.77","$5,573.33","336","69%","232","$18,734","$80.75","Fall"
"1,621","2025 Sep 25 12:00:00 AM","2025","FY25-26","September","25","Thursday","06:17:56","18:19:42","140","$1,402","4","$320","$6,508.34","$5,686","$1,212.41","$6,275.07","332","71.7%","238","$21,404","$89.93","Fall"
"1,622","2025 Sep 26 12:00:00 AM","2025","FY25-26","September","26","Friday","06:18:37","18:18:20","19","$202","2","$50","$4,175.59","$9,602","$2,128.67","$4,431.72","332","40.7%","135","$20,590","$152.52","Fall"
"1,623","2025 Sep 27 12:00:00 AM","2025","FY25-26","September","27","Saturday","06:19:18","18:16:58","16","$160","4","$130","$8,002.97","$10,215.52","$1,116.53","$5,794.24","332","67.8%","225","$25,419","$112.97","Fall"
"1,624","2025 Sep 28 12:00:00 AM","2025","FY25-26","September","28","Sunday","06:20:00","18:15:36","104","$1,155.02","2","$35","$7,081","$4,996","$844.88","$7,309.39","328","51.2%","168","$21,421","$127.51","Fall"
"1,625","2025 Sep 29 12:00:00 AM","2025","FY25-26","September","29","Monday","06:20:41","18:14:14","155","$1,558","8","$290","$5,064.51","$6,741","$763.64","$4,330.12","328","81.7%","268","$18,747","$69.95","Fall"
"1,626","2025 Sep 30 12:00:00 AM","2025","FY25-26","September","30","Tuesday","06:21:23","18:12:53","145","$1,524.16","3","$120","$5,274.83","$5,589.17","$615.22","$21,239.76","328","96.6%","317","$34,363","$108.4","Fall"
"1,627","2025 Oct 01 12:00:00 AM","2025","FY25-26","October","1","Wednesday","06:22:05","18:11:32","159","$1,596","1","$10","$6,058.53","$8,894.12","$2,282.63","$6,517.03","328","120.1%","394","$25,358","$64.36","Fall"
"1,628","2025 Oct 02 12:00:00 AM","2025","FY25-26","October","2","Thursday","06:22:48","18:10:11","142","$1,422","3","$120","$7,935.47","$7,056","$916.45","$7,097.12","328","88.4%","290","$24,547","$84.64","Fall"
"1,629","2025 Oct 03 12:00:00 AM","2025","FY25-26","October","3","Friday","06:23:30","18:08:51","161","$1,637.56","16","$610","$12,655.24","$10,504.44","$1,784.84","$7,214.96","324","87.7%","284","$34,407","$121.15","Fall"
"1,630","2025 Oct 04 12:00:00 AM","2025","FY25-26","October","4","Saturday","06:24:13","18:07:31","203","$2,585.32","9","$300","$10,324.02","$8,103.48","$1,249.49","$7,191.94","324","92.6%","300","$29,754","$99.18","Fall"
"1,631","2025 Oct 05 12:00:00 AM","2025","FY25-26","October","5","Sunday","06:24:56","18:06:12","159","$2,102.39","4","$130","$6,853.17","$6,802.76","$866.59","$6,400.55","324","82.4%","267","$23,155","$86.72","Fall"
"1,632","2025 Oct 06 12:00:00 AM","2025","FY25-26","October","6","Monday","06:25:39","18:04:53","0","$0","0","$0","$1,590.42","$0","$121.72","$5,163.59","320","0%","0","$6,876",,"Fall"
"1,633","2025 Oct 07 12:00:00 AM","2025","FY25-26","October","7","Tuesday","06:26:23","18:03:35","0","$0","0","$0","$1,911.04","$0","$477.9","$4,920.76","320","0%","0","$7,310",,"Fall"
"1,634","2025 Oct 08 12:00:00 AM","2025","FY25-26","October","8","Wednesday","06:27:07","18:02:17","0","$0","0","$0","$2,945.81","$0","$380.62","$6,526.77","320","0%","0","$9,853",,"Fall"
"1,635","2025 Oct 09 12:00:00 AM","2025","FY25-26","October","9","Thursday","06:27:51","18:01:00","0","$0","0","$0","$1,386.6","$0","$229.38","$4,279.58","320","0%","0","$5,896",,"Fall"
"1,636","2025 Oct 10 12:00:00 AM","2025","FY25-26","October","10","Friday","06:28:36","17:59:43","0","$0","0","$0","$2,423.71","$0","$338.45","$6,413.64","316","0%","0","$9,176",,"Fall"
"1,637","2025 Oct 11 12:00:00 AM","2025","FY25-26","October","11","Saturday","06:29:21","17:58:27","0","$0","0","$0","$2,847.63","$0","$201.11","$6,357.34","316","0%","0","$9,406",,"Fall"
"1,638","2025 Oct 12 12:00:00 AM","2025","FY25-26","October","12","Sunday","06:30:06","17:57:12","0","$0","0","$0","$711.86","$0","$755.81","$5,204.35","316","0%","0","$6,672",,"Fall"
"1,639","2025 Oct 13 12:00:00 AM","2025","FY25-26","October","13","Monday","06:30:52","17:55:57","0","$0","0","$0","$1,391.23","$0","$562.02","$4,853.27","316","0%","0","$6,807",,"Fall"
"1,640","2025 Oct 14 12:00:00 AM","2025","FY25-26","October","14","Tuesday","06:31:38","17:54:43","0","$0","0","$0","$2,400.14","$0","$696.42","$7,156.08","312","0%","0","$10,253",,"Fall"
"1,641","2025 Oct 15 12:00:00 AM","2025","FY25-26","October","15","Wednesday","06:32:24","17:53:30","0","$0","0","$0","$3,095.14","$0","$417.63","$7,557.52","312","0%","0","$11,070",,"Fall"
"1,642","2025 Oct 16 12:00:00 AM","2025","FY25-26","October","16","Thursday","06:33:11","17:52:17","0","$0","0","$0","$4,142.2","$0","$504","$6,975.83","312","0%","0","$11,622",,"Fall"
"1,643","2025 Oct 17 12:00:00 AM","2025","FY25-26","October","17","Friday","06:33:58","17:51:06","125","$1,262","17","$650","$12,167.46","$15,007","$1,553.65","$8,818.72","312","84.3%","263","$39,459","$150.03","Fall"
"1,644","2025 Oct 18 12:00:00 AM","2025","FY25-26","October","18","Saturday","06:34:45","17:49:55","101","$1,016","5","$110","$10,627.3","$13,928","$1,074.72","$8,485.28","308","86%","265","$35,241","$132.99","Fall"
"1,645","2025 Oct 19 12:00:00 AM","2025","FY25-26","October","19","Sunday","06:35:33","17:48:45","124","$1,258","4","$130","$8,316.19","$14,555","$912.49","$8,647.51","308","93.2%","287","$33,819","$117.84","Fall"
"1,646","2025 Oct 20 12:00:00 AM","2025","FY25-26","October","20","Monday","06:36:21","17:47:36","84","$857","11","$320","$5,671.39","$11,226","$1,171.53","$6,507.63","308","83.4%","257","$25,754","$100.21","Fall"
"1,647","2025 Oct 21 12:00:00 AM","2025","FY25-26","October","21","Tuesday","06:37:10","17:46:28","94","$940","7","$190","$6,754.73","$11,250","$1,007.03","$8,017.67","308","99%","305","$28,159","$92.33","Fall"
"1,648","2025 Oct 22 12:00:00 AM","2025","FY25-26","October","22","Wednesday","06:37:59","17:45:21","88","$872","4","$130","$5,913.71","$9,018","$705.97","$6,249.69","308","70.8%","218","$22,889","$105","Fall"
"1,649","2025 Oct 23 12:00:00 AM","2025","FY25-26","October","23","Thursday","06:38:48","17:44:15","77","$723.19","9","$270","$9,308.35","$12,038.82","$1,472.02","$8,461.66","304","80.9%","246","$32,274","$131.2","Fall"
"1,650","2025 Oct 24 12:00:00 AM","2025","FY25-26","October","24","Friday","06:39:38","17:43:09","37","$408","1","$40","$8,475.17","$17,359","$1,224.71","$9,229.66","304","66.4%","202","$36,737","$181.86","Fall"
"1,651","2025 Oct 25 12:00:00 AM","2025","FY25-26","October","25","Saturday","06:40:28","17:42:05","115","$1,194","6","$195","$10,902.1","$15,840.8","$1,302.73","$9,175.52","304","96.1%","292","$38,610","$132.23","Fall"
"1,652","2025 Oct 26 12:00:00 AM","2025","FY25-26","October","26","Sunday","06:41:19","17:41:03","106","$1,086.56","7","$130","$6,554.06","$13,766.88","$960.66","$7,404.26","304","89.8%","273","$29,902","$109.53","Fall"
"1,653","2025 Oct 27 12:00:00 AM","2025","FY25-26","October","27","Monday","06:42:10","17:40:01","89","$886","5","$140","$4,861.25","$11,401","$1,020.14","$5,831.75","300","96.3%","289","$24,140","$83.53","Fall"
"1,654","2025 Oct 28 12:00:00 AM","2025","FY25-26","October","28","Tuesday","06:43:01","17:39:00","65","$650","0","$0","$5,806.16","$12,607","$460.19","$6,735.16","300","104%","312","$26,259","$84.16","Fall"
"1,655","2025 Oct 29 12:00:00 AM","2025","FY25-26","October","29","Wednesday","06:43:53","17:38:01","90","$900","7","$190","$6,249.16","$9,639","$638.12","$6,429.47","300","90.3%","271","$24,046","$88.73","Fall"
"1,656","2025 Oct 30 12:00:00 AM","2025","FY25-26","October","30","Thursday","06:44:45","17:37:03","94","$946","1","$10","$6,916.23","$10,875","$683.3","$7,766.14","300","81.7%","245","$27,197","$111.01","Fall"
"1,657","2025 Oct 31 12:00:00 AM","2025","FY25-26","October","31","Friday","06:45:37","17:36:06","95","$962","4","$70","$6,654.12","$13,420","$1,077.33","$26,553.47","296","90.2%","267","$48,737","$182.54","Fall"
"1,658","2025 Nov 01 12:00:00 AM","2025","FY25-26","November","1","Saturday","06:46:30","17:35:10","50","$506","0","$0","$9,019","$12,237","$1,334.54","$7,489.76","296","68.9%","204","$30,586","$149.93","Fall"
"1,659","2025 Nov 02 12:00:00 AM","2025","FY25-26","November","2","Sunday","06:47:23","17:34:16","141","$1,884.84","5","$140","$7,465.31","$9,645.04","$640.5","$7,512.43","296","95.9%","284","$27,288","$96.08","Fall"
"1,660","2025 Nov 03 12:00:00 AM","2025","FY25-26","November","3","Monday","06:48:16","17:33:23","89","$854","5","$200","$3,745.71","$10,338","$595.88","$5,190.09","296","80.7%","239","$20,924","$87.55","Fall"
"1,661","2025 Nov 04 12:00:00 AM","2025","FY25-26","November","4","Tuesday","06:49:10","17:32:31","86","$856","2","$20","$4,767.43","$11,751","$926.57","$6,201.84","292","106.2%","310","$24,523","$79.11","Fall"
"1,662","2025 Nov 05 12:00:00 AM","2025","FY25-26","November","5","Wednesday","06:50:04","17:31:41","124","$1,257.61","1","$40","$5,301.46","$11,594.61","$584.23","$6,458.92","292","97.6%","285","$25,237","$88.55","Fall"
"1,663","2025 Nov 06 12:00:00 AM","2025","FY25-26","November","6","Thursday","06:50:58","17:30:52","22","$210","8","$230","$9,373.38","$15,184","$1,357.68","$8,740.62","292","79.1%","231","$35,096","$151.93","Fall"
"1,664","2025 Nov 07 12:00:00 AM","2025","FY25-26","November","7","Friday","06:51:52","17:30:04","0","$0","0","$0","$9,916.49","$17,024","$577.49","$6,427.28","292","34.6%","101","$33,945","$336.09","Fall"
"1,665","2025 Nov 08 12:00:00 AM","2025","FY25-26","November","8","Saturday","06:52:47","17:29:19","0","$0","0","$0","$10,669.5","$17,000","$5,281.77","$7,792","292","34.2%","100","$40,743","$407.43","Fall"
"1,666","2025 Nov 09 12:00:00 AM","2025","FY25-26","November","9","Sunday","06:53:42","17:28:34","139","$1,919.01","5","$140","$8,001.65","$10,307.48","$992.35","$6,871.24","288","113.2%","326","$28,232","$86.6","Fall"
"1,667","2025 Nov 10 12:00:00 AM","2025","FY25-26","November","10","Monday","06:54:37","17:27:51","99","$1,002","3","$120","$3,790.69","$10,492","$807.9","$5,840.3","288","73.6%","212","$22,053","$104.02","Fall"
"1,668","2025 Nov 11 12:00:00 AM","2025","FY25-26","November","11","Tuesday","06:55:32","17:27:10","83","$910.32","1","$10","$6,052.26","$12,658.68","$874.61","$7,499.63","288","107.3%","309","$28,006","$90.63","Fall"
"1,669","2025 Nov 12 12:00:00 AM","2025","FY25-26","November","12","Wednesday","06:56:28","17:26:30","90","$965","6","$150","$4,938.91","$10,445","$771.44","$7,024.62","288","88.5%","255","$24,295","$95.27","Fall"
"1,670","2025 Nov 13 12:00:00 AM","2025","FY25-26","November","13","Thursday","06:57:23","17:25:52","63","$636","1","$40","$7,460.78","$14,103.44","$960.44","$6,477.3","288","87.8%","253","$29,678","$117.3","Fall"
"1,671","2025 Nov 14 12:00:00 AM","2025","FY25-26","November","14","Friday","06:58:19","17:25:16","78","$782","8","$320","$8,617.19","$15,874.55","$1,283.79","$9,156.76","284","83.5%","237","$36,034","$152.04","Fall"
"1,672","2025 Nov 15 12:00:00 AM","2025","FY25-26","November","15","Saturday","06:59:14","17:24:41","35","$356","2","$80","$14,651.03","$16,700.12","$696.99","$9,459.12","284","81%","230","$41,943","$182.36","Fall"
"1,673","2025 Nov 16 12:00:00 AM","2025","FY25-26","November","16","Sunday","07:00:10","17:24:08","34","$1,586","0","$0","$9,381.43","$5,551.04","$439.45","$6,218.81","284","64.4%","183","$23,177","$126.65","Fall"
"1,674","2025 Nov 17 12:00:00 AM","2025","FY25-26","November","17","Monday","07:01:06","17:23:36","64","$652","6","$210","$4,336.32","$13,374","$1,028.82","$5,361.81","284","88%","250","$24,963","$99.85","Fall"
"1,675","2025 Nov 18 12:00:00 AM","2025","FY25-26","November","18","Tuesday","07:02:01","17:23:07","12","$90","5","$200","$5,280.97","$11,284","$1,352.83","$5,420.67","284","62.7%","178","$23,628","$132.74","Fall"
"1,676","2025 Nov 19 12:00:00 AM","2025","FY25-26","November","19","Wednesday","07:02:57","17:22:39","36","$378","2","$20","$2,809.99","$5,291","$101.77","$4,650.09","284","39.1%","111","$13,251","$119.38","Fall"
"1,677","2025 Nov 20 12:00:00 AM","2025","FY25-26","November","20","Thursday","07:03:52","17:22:12","53","$536","6","$105","$9,164.75","$9,711","$1,080.02","$8,699.62","280","68.9%","193","$29,296","$151.79","Fall"
"1,678","2025 Nov 21 12:00:00 AM","2025","FY25-26","November","21","Friday","07:04:47","17:21:48","126","$1,260.46","12","$445","$7,893.99","$14,640.04","$1,001.57","$7,789.76","280","87.1%","244","$33,031","$135.37","Fall"
"1,679","2025 Nov 22 12:00:00 AM","2025","FY25-26","November","22","Saturday","07:05:42","17:21:25","33","$330","2","$50","$9,138.96","$15,109.24","$1,475.37","$5,425.64","280","71.4%","200","$31,529","$157.65","Fall"
"1,680","2025 Nov 23 12:00:00 AM","2025","FY25-26","November","23","Sunday","07:06:37","17:21:04","114","$1,534.37","2","$80","$6,312.03","$8,375.92","$453.75","$6,963.8","280","88.6%","248","$23,720","$95.64","Fall"
"1,681","2025 Nov 24 12:00:00 AM","2025","FY25-26","November","24","Monday","07:07:32","17:20:45","71","$718","1","$10","$4,299.13","$13,578","$561.56","$6,645.87","280","89.3%","250","$25,813","$103.25","Fall"
"1,682","2025 Nov 25 12:00:00 AM","2025","FY25-26","November","25","Tuesday","07:08:26","17:20:28","83","$821","2","$50","$5,517.31","$12,707.56","$865.95","$6,360.33","280","106.1%","297","$26,322","$88.63","Fall"
"1,683","2025 Nov 26 12:00:00 AM","2025","FY25-26","November","26","Wednesday","07:09:20","17:20:12","132","$1,313.98","5","$170","$6,911.8","$14,890.64","$1,374.49","$6,982.99","276","101.1%","279","$31,644","$113.42","Fall"
"1,684","2025 Nov 27 12:00:00 AM","2025","FY25-26","November","27","Thursday","07:10:13","17:19:59","96","$968","7","$265","$3,150.51","$13,151","$760.15","$3,290.39","276","87.3%","241","$21,585","$89.56","Fall"
"1,685","2025 Nov 28 12:00:00 AM","2025","FY25-26","November","28","Friday","07:11:06","17:19:47","127","$1,286","8","$260","$8,188.55","$14,860","$1,522.55","$7,757.78","276","85.5%","236","$33,875","$143.54","Fall"
"1,686","2025 Nov 29 12:00:00 AM","2025","FY25-26","November","29","Saturday","07:11:59","17:19:37","121","$1,250.38","3","$120","$9,375.78","$15,587.62","$688.2","$7,063.22","276","96.4%","266","$34,085","$128.14","Fall"
"1,687","2025 Nov 30 12:00:00 AM","2025","FY25-26","November","30","Sunday","07:12:51","17:19:29","122","$1,658.99","2","$20","$5,941.36","$7,963.4","$1,400.52","$22,910.67","276","89.5%","247","$39,895","$161.52","Fall"
"1,688","2025 Dec 01 12:00:00 AM","2025","FY25-26","December","1","Monday","07:13:42","17:19:23","71","$717","0","$0","$3,960.34","$12,692","$639.56","$4,771.64","276","88.8%","245","$22,781","$92.98","Winter"
"1,689","2025 Dec 02 12:00:00 AM","2025","FY25-26","December","2","Tuesday","07:14:33","17:19:19","75","$740","0","$0","$4,348.62","$10,961.15","$399.83","$7,087.4","276","101.8%","281","$23,537","$83.76","Winter"
"1,690","2025 Dec 03 12:00:00 AM","2025","FY25-26","December","3","Wednesday","07:15:23","17:19:16","91","$888.06","0","$0","$5,231.34","$9,954.66","$2,438.46","$6,164.67","276","80.1%","221","$24,677","$111.66","Winter"
"1,691","2025 Dec 04 12:00:00 AM","2025","FY25-26","December","4","Thursday","07:16:12","17:19:16","59","$560","2","$50","$6,852.06","$13,535.8","$1,465.71","$6,967.69","272","92.3%","251","$29,431","$117.26","Winter"
"1,692","2025 Dec 05 12:00:00 AM","2025","FY25-26","December","5","Friday","07:17:01","17:19:17","120","$1,212","4","$130","$8,155.31","$14,994","$1,549.49","$7,195.43","272","97.1%","264","$33,236","$125.89","Winter"
"1,693","2025 Dec 06 12:00:00 AM","2025","FY25-26","December","6","Saturday","07:17:49","17:19:20","66","$672","3","$90","$10,544.37","$16,073","$1,170.61","$9,522.59","272","90.8%","247","$38,073","$154.14","Winter"
"1,694","2025 Dec 07 12:00:00 AM","2025","FY25-26","December","7","Sunday","07:18:36","17:19:25","130","$1,777","8","$260","$5,683.99","$9,550.6","$1,022.9","$5,670.21","272","94.9%","258","$23,965","$92.89","Winter"
"1,695","2025 Dec 08 12:00:00 AM","2025","FY25-26","December","8","Monday","07:19:22","17:19:32","73","$722","4","$130","$3,817.21","$12,643","$394.6","$4,369.67","272","86.8%","236","$22,076","$93.54","Winter"
"1,696","2025 Dec 09 12:00:00 AM","2025","FY25-26","December","9","Tuesday","07:20:07","17:19:41","62","$592.04","2","$80","$4,998.53","$11,837.96","$1,452.82","$5,976.7","272","99.3%","270","$24,938","$92.36","Winter"
"1,697","2025 Dec 10 12:00:00 AM","2025","FY25-26","December","10","Wednesday","07:20:51","17:19:51","119","$1,140","0","$0","$5,489.77","$10,139.97","$1,690.27","$6,630.33","272","78.3%","213","$25,090","$117.8","Winter"
"1,698","2025 Dec 11 12:00:00 AM","2025","FY25-26","December","11","Thursday","07:21:34","17:20:03","58","$595.85","2","$80","$7,939.89","$13,440","$338.05","$7,604.27","272","96.3%","262","$29,998","$114.5","Winter"
"1,699","2025 Dec 12 12:00:00 AM","2025","FY25-26","December","12","Friday","07:22:16","17:20:17","34","$346","3","$120","$10,778.93","$12,440.26","$1,587.89","$7,942.87","272","80.1%","218","$33,216","$152.37","Winter"
"1,700","2025 Dec 13 12:00:00 AM","2025","FY25-26","December","13","Saturday","07:22:57","17:20:33","140","$1,809.99","5","$200","$8,051.49","$10,293.46","$852.37","$8,214.55","272","87.1%","237","$29,422","$124.14","Winter"
"1,701","2025 Dec 14 12:00:00 AM","2025","FY25-26","December","14","Sunday","07:23:36","17:20:51","124","$1,526.82","3","$60","$6,515.98","$9,036.96","$478.06","$5,926.97","272","84.9%","231","$23,545","$101.93","Winter"
"1,702","2025 Dec 15 12:00:00 AM","2025","FY25-26","December","15","Monday","07:24:15","17:21:10","61","$578","6","$160","$5,393.29","$14,099","$893.97","$5,401.21","272","77.2%","210","$26,525","$126.31","Winter"
"1,703","2025 Dec 16 12:00:00 AM","2025","FY25-26","December","16","Tuesday","07:24:52","17:21:31","97","$963.47","0","$0","$7,464.18","$13,266.03","$1,087.61","$6,294.37","272","93.4%","254","$29,076","$114.47","Winter"
"1,704","2025 Dec 17 12:00:00 AM","2025","FY25-26","December","17","Wednesday","07:25:28","17:21:54","117","$1,163.36","5","$140","$5,841.32","$11,555.14","$1,173.56","$6,227.24","272","94.9%","258","$26,101","$101.17","Winter"
"1,705","2025 Dec 18 12:00:00 AM","2025","FY25-26","December","18","Thursday","07:26:02","17:22:18","102","$959.43","0","$0","$6,367.74","$12,506.57","$1,334.74","$6,484.54","272","96%","261","$27,653","$105.95","Winter"
"1,706","2025 Dec 19 12:00:00 AM","2025","FY25-26","December","19","Friday","07:26:35","17:22:45","132","$1,338","2","$50","$8,754.23","$12,422","$1,578.77","$8,766.07","272","87.5%","238","$32,909","$138.27","Winter"
"1,707","2025 Dec 20 12:00:00 AM","2025","FY25-26","December","20","Saturday","07:27:07","17:23:12","168","$2,227.01","4","$100","$11,724.17","$9,663.8","$1,793.97","$6,875.43","272","93.4%","254","$32,384","$127.5","Winter"
"1,708","2025 Dec 21 12:00:00 AM","2025","FY25-26","December","21","Sunday","07:27:37","17:23:41","104","$1,072.22","7","$190","$7,710.93","$12,685.18","$1,197.51","$7,744.27","272","87.5%","238","$30,600","$128.57","Winter"
"1,709","2025 Dec 22 12:00:00 AM","2025","FY25-26","December","22","Monday","07:28:06","17:24:12","100","$1,006","2","$20","$5,656.85","$14,401.89","$777.16","$5,210.07","272","100.7%","274","$27,072","$98.8","Winter"
"1,710","2025 Dec 23 12:00:00 AM","2025","FY25-26","December","23","Tuesday","07:28:33","17:24:44","84","$852","12","$245","$6,659.74","$13,689","$942.15","$7,952.38","272","99.6%","271","$30,340","$111.96","Winter"
"1,711","2025 Dec 24 12:00:00 AM","2025","FY25-26","December","24","Wednesday","07:28:59","17:25:18","111","$1,072","2","$80","$3,996.87","$12,099","$1,329.07","$4,913.7","272","87.1%","237","$23,491","$99.12","Winter"
"1,712","2025 Dec 25 12:00:00 AM","2025","FY25-26","December","25","Thursday","07:29:23","17:25:53","114","$1,146","5","$200","$5,622.91","$13,084.45","$1,108.14","$4,799.05","272","94.9%","258","$25,961","$100.62","Winter"
"1,713","2025 Dec 26 12:00:00 AM","2025","FY25-26","December","26","Friday","07:29:46","17:26:30","117","$1,169.88","6","$120","$8,347.41","$14,631.12","$631.38","$8,614.58","272","99.3%","270","$33,514","$124.13","Winter"
"1,714","2025 Dec 27 12:00:00 AM","2025","FY25-26","December","27","Saturday","07:30:06","17:27:08","152","$1,968.38","3","$120","$10,288.61","$11,221","$1,212.49","$9,362.54","272","105.9%","288","$34,173","$118.66","Winter"
"1,715","2025 Dec 28 12:00:00 AM","2025","FY25-26","December","28","Sunday","07:30:26","17:27:47","115","$1,136","4","$130","$7,516.37","$13,389.5","$1,179.31","$7,516.33","272","95.2%","259","$30,868","$119.18","Winter"
"1,716","2025 Dec 29 12:00:00 AM","2025","FY25-26","December","29","Monday","07:30:43","17:28:28","94","$885.84","11","$350","$6,184.78","$13,815.17","$618.55","$6,678.41","272","101.8%","277","$28,533","$103.01","Winter"
"1,717","2025 Dec 30 12:00:00 AM","2025","FY25-26","December","30","Tuesday","07:30:59","17:29:10","117","$1,168","7","$345","$7,378.4","$13,996.3","$1,324.25","$9,343.51","272","102.2%","278","$33,555","$120.7","Winter"
"1,718","2025 Dec 31 12:00:00 AM","2025","FY25-26","December","31","Wednesday","07:31:13","17:29:53","96","$962","5","$140","$4,722.04","$12,837","$662.85","$25,068.1","272","94.5%","257","$44,392","$172.73","Winter"
"1,719","2026 Jan 01 12:00:00 AM","2026","FY25-26","January","1","Thursday","07:31:25","17:30:37","102","$991.53","5","$200","$6,216.35","$14,268.19","$832.59","$7,516.07","272","98.5%","268","$30,025","$112.03","Winter"
"1,720","2026 Jan 02 12:00:00 AM","2026","FY25-26","January","2","Friday","07:31:36","17:31:22","102","$1,017.66","0","$0","$8,951.57","$15,124.34","$680.39","$10,866.61","272","105.9%","288","$36,641","$127.22","Winter"
"1,721","2026 Jan 03 12:00:00 AM","2026","FY25-26","January","3","Saturday","07:31:45","17:32:08","148","$1,903.76","4","$100","$8,532.11","$11,218.4","$1,254.13","$9,806.99","272","104.8%","285","$32,815","$115.14","Winter"
"1,722","2026 Jan 04 12:00:00 AM","2026","FY25-26","January","4","Sunday","07:31:52","17:32:56","86","$1,470","1","$10","$5,253.19","$9,153.01","$365.35","$7,887.66","272","87.9%","239","$24,139","$101","Winter"
"1,723","2026 Jan 05 12:00:00 AM","2026","FY25-26","January","5","Monday","07:31:57","17:33:44","84","$810","0","$0","$4,174.84","$13,782","$585.1","$6,602.62","272","99.6%","271","$25,955","$95.77","Winter"
"1,724","2026 Jan 06 12:00:00 AM","2026","FY25-26","January","6","Tuesday","07:32:00","17:34:33","100","$948.04","8","$290","$4,892.4","$13,300.97","$654.44","$7,678.48","272","101.1%","275","$27,764","$100.96","Winter"
"1,725","2026 Jan 07 12:00:00 AM","2026","FY25-26","January","7","Wednesday","07:32:02","17:35:23","90","$876","0","$0","$3,285.58","$9,526","$2,382.4","$5,121.92","272","79.4%","216","$21,192","$98.11","Winter"
"1,726","2026 Jan 08 12:00:00 AM","2026","FY25-26","January","8","Thursday","07:32:01","17:36:14","50","$518","9","$360","$4,987.64","$8,481","$384.91","$5,844.33","276","62%","171","$20,576","$120.33","Winter"
"1,727","2026 Jan 09 12:00:00 AM","2026","FY25-26","January","9","Friday","07:31:59","17:37:06","95","$968","12","$450","$8,523.11","$15,868.34","$1,818.48","$10,008.43","276","92.8%","256","$37,636","$147.02","Winter"
"1,728","2026 Jan 10 12:00:00 AM","2026","FY25-26","January","10","Saturday","07:31:56","17:37:58","36","$376","3","$120","$13,256.81","$15,366.2","$2,065.95","$9,557.68","276","77.2%","213","$40,743","$191.28","Winter"
"1,729","2026 Jan 11 12:00:00 AM","2026","FY25-26","January","11","Sunday","07:31:50","17:38:51","144","$1,877.45","1","$40","$6,957.2","$10,607.8","$806.68","$7,959.81","276","102.9%","284","$28,249","$99.47","Winter"
"1,730","2026 Jan 12 12:00:00 AM","2026","FY25-26","January","12","Monday","07:31:42","17:39:45","67","$672","1","$10","$4,214.19","$13,617.22","$613.01","$6,303.82","276","90.9%","251","$25,430","$101.32","Winter"
"1,731","2026 Jan 13 12:00:00 AM","2026","FY25-26","January","13","Tuesday","07:31:33","17:40:39","78","$792","1","$10","$5,082.04","$12,632.56","$599.21","$6,413.47","276","90.2%","249","$25,529","$102.53","Winter"
"1,732","2026 Jan 14 12:00:00 AM","2026","FY25-26","January","14","Wednesday","07:31:22","17:41:34","102","$1,020","4","$160","$5,975.81","$12,312","$796.45","$7,322.86","276","90.9%","251","$27,587","$109.91","Winter"
"1,733","2026 Jan 15 12:00:00 AM","2026","FY25-26","January","15","Thursday","07:31:09","17:42:30","93","$931.18","1","$40","$8,336.2","$12,399.82","$1,667.78","$7,912.98","276","98.9%","273","$31,288","$114.61","Winter"
"1,734","2026 Jan 16 12:00:00 AM","2026","FY25-26","January","16","Friday","07:30:54","17:43:26","114","$1,143.98","4","$130","$8,639.69","$15,220.52","$1,257.78","$9,297.32","280","95.7%","268","$35,689","$133.17","Winter"
"1,735","2026 Jan 17 12:00:00 AM","2026","FY25-26","January","17","Saturday","07:30:37","17:44:22","92","$982","11","$425","$10,515.83","$17,220.7","$1,681.96","$8,149.32","280","98.6%","276","$38,975","$141.21","Winter"
"1,736","2026 Jan 18 12:00:00 AM","2026","FY25-26","January","18","Sunday","07:30:19","17:45:19","171","$2,251.47","2","$50","$8,041.92","$11,645","$611.71","$7,639.84","280","106.4%","298","$30,240","$101.48","Winter"
"1,737","2026 Jan 19 12:00:00 AM","2026","FY25-26","January","19","Monday","07:29:59","17:46:16","114","$1,088.2","4","$245","$7,002.56","$14,551.3","$1,343.02","$8,789.15","280","103.6%","290","$33,019","$113.86","Winter"
"1,738","2026 Jan 20 12:00:00 AM","2026","FY25-26","January","20","Tuesday","07:29:37","17:47:13","128","$1,256.36","4","$130","$5,022.61","$13,704","$413.21","$6,352.47","280","102.5%","287","$26,879","$93.65","Winter"
"1,739","2026 Jan 21 12:00:00 AM","2026","FY25-26","January","21","Wednesday","07:29:13","17:48:10","106","$1,060","0","$0","$6,386.76","$12,187","$807.18","$6,931.76","280","95.7%","268","$27,373","$102.14","Winter"
"1,740","2026 Jan 22 12:00:00 AM","2026","FY25-26","January","22","Thursday","07:28:48","17:49:08","69","$651.22","2","$50","$6,629.12","$13,870.77","$508.15","$6,934.46","284","93.7%","266","$28,644","$107.68","Winter"
"1,741","2026 Jan 23 12:00:00 AM","2026","FY25-26","January","23","Friday","07:28:20","17:50:06","102","$1,030","7","$220","$8,923.74","$14,941","$1,364.39","$8,864.84","284","94%","267","$35,344","$132.37","Winter"
"1,742","2026 Jan 24 12:00:00 AM","2026","FY25-26","January","24","Saturday","07:27:52","17:51:04","59","$596","5","$200","$11,587.72","$17,590","$1,009.32","$8,942.38","284","82.4%","234","$39,925","$170.62","Winter"
"1,743","2026 Jan 25 12:00:00 AM","2026","FY25-26","January","25","Sunday","07:27:21","17:52:02","137","$1,934.09","1","$40","$6,739.85","$10,083.4","$627.69","$7,418.28","284","94.4%","268","$26,843","$100.16","Winter"
"1,744","2026 Jan 26 12:00:00 AM","2026","FY25-26","January","26","Monday","07:26:49","17:53:01","80","$790","3","$60","$5,507.14","$13,691","$688.81","$6,792.17","284","94%","267","$27,529","$103.11","Winter"
"1,745","2026 Jan 27 12:00:00 AM","2026","FY25-26","January","27","Tuesday","07:26:15","17:53:59","107","$1,070","3","$30","$5,711.98","$13,018","$461.49","$6,850.83","284","102.5%","291","$27,142","$93.27","Winter"
"1,746","2026 Jan 28 12:00:00 AM","2026","FY25-26","January","28","Wednesday","07:25:40","17:54:57","105","$1,040","3","$85","$6,561.89","$12,447","$487.08","$7,019.28","288","95.1%","274","$27,640","$100.88","Winter"
"1,747","2026 Jan 29 12:00:00 AM","2026","FY25-26","January","29","Thursday","07:25:03","17:55:55","105","$1,050","6","$195","$10,501.78","$13,966","$718.58","$6,815.09","288","96.2%","277","$33,246","$120.02","Winter"
"1,748","2026 Jan 30 12:00:00 AM","2026","FY25-26","January","30","Friday","07:24:24","17:56:54","18","$180","2","$80","$12,641.93","$17,778.32","$3,306.39","$7,354.27","288","74%","213","$41,341","$194.09","Winter"
"1,749","2026 Jan 31 12:00:00 AM","2026","FY25-26","January","31","Saturday","07:23:44","17:57:52","40","$400","5","$200","$15,375.75","$17,340","$2,814.51","$29,739.53","288","76.4%","220","$65,870","$299.41","Winter"
"1,750","2026 Feb 01 12:00:00 AM","2026","FY25-26","February","1","Sunday","07:23:02","17:58:50","148","$1,970.39","2","$50","$8,833.39","$10,830.4","$602.48","$8,735.29","288","98.6%","284","$31,022","$109.23","Winter"
"1,751","2026 Feb 02 12:00:00 AM","2026","FY25-26","February","2","Monday","07:22:19","17:59:47","103","$1,016","6","$210","$5,671.37","$14,892","$977.27","$6,288.96","292","101.4%","296","$29,056","$98.16","Winter"
"1,752","2026 Feb 03 12:00:00 AM","2026","FY25-26","February","3","Tuesday","07:21:34","18:00:45","0","$0","0","$0","$16,812.61","$18,000","$8,645.3","$6,489.52","292","41.1%","120","$49,947","$416.23","Winter"
"1,753","2026 Feb 04 12:00:00 AM","2026","FY25-26","February","4","Wednesday","07:20:48","18:01:43","102","$1,030","2","$100","$7,618.45","$14,866","$1,719.69","$7,525.92","292","100.3%","293","$32,860","$112.15","Winter"
"1,754","2026 Feb 05 12:00:00 AM","2026","FY25-26","February","5","Thursday","07:20:00","18:02:40","37","$370","11","$560","$13,031.66","$18,901","$3,053.19","$7,469.587","292","68.8%","201","$43,385","$215.85","Winter"
"1,755","2026 Feb 06 12:00:00 AM","2026","FY25-26","February","6","Friday","07:19:11","18:03:37","89","$920","33","$1,470","$14,044.92","$20,268","$2,598.72","$8,327.44","296","101.4%","300","$47,629","$158.76","Winter"
"1,756","2026 Feb 07 12:00:00 AM","2026","FY25-26","February","7","Saturday","07:18:21","18:04:34","85","$1,069","35","$1,510","$15,656.05","$19,838.9","$2,105.19","$10,192.92","296","88.2%","261","$50,372","$193","Winter"
"1,757","2026 Feb 08 12:00:00 AM","2026","FY25-26","February","8","Sunday","07:17:29","18:05:30","139","$1,902.85","4","$240","$6,326.45","$10,914.55","$1,037.25","$5,248.2","296","91.6%","271","$25,669","$94.72","Winter"
"1,758","2026 Feb 09 12:00:00 AM","2026","FY25-26","February","9","Monday","07:16:36","18:06:27","105","$1,062","6","$200","$6,963.82","$16,359","$607.57","$7,446.67","296","104.4%","309","$32,639","$105.63","Winter"
"1,759","2026 Feb 10 12:00:00 AM","2026","FY25-26","February","10","Tuesday","07:15:42","18:07:23","101","$1,010","4","$130","$5,913.18","$15,506","$495.1","$7,235.79","300","98%","294","$30,290","$103.03","Winter"
"1,760","2026 Feb 11 12:00:00 AM","2026","FY25-26","February","11","Wednesday","07:14:46","18:08:18","124","$1,240","5","$220","$7,158.11","$15,239","$4,406.41","$8,056.11","300","103%","309","$36,320","$117.54","Winter"
"1,761","2026 Feb 12 12:00:00 AM","2026","FY25-26","February","12","Thursday","07:13:49","18:09:14","75","$750","5","$200","$8,664.99","$15,998","$908.61","$7,262.21","300","100.3%","301","$33,784","$112.24","Winter"
"1,762","2026 Feb 13 12:00:00 AM","2026","FY25-26","February","13","Friday","07:12:51","18:10:09","102","$1,032","8","$260","$9,624.84","$16,914","$1,789.74","$7,099.87","300","96%","288","$36,720","$127.5","Winter"
"1,763","2026 Feb 14 12:00:00 AM","2026","FY25-26","February","14","Saturday","07:11:52","18:11:03","80","$806","4","$100","$10,826.69","$18,000","$1,184.29","$8,568.77","304","95.4%","290","$39,486","$136.16","Winter"
"1,764","2026 Feb 15 12:00:00 AM","2026","FY25-26","February","15","Sunday","07:10:52","18:11:58","175","$2,335.4","2","$80","$10,892.67","$12,138.8","$1,491.51","$9,522.13","304","105.6%","321","$36,461","$113.58","Winter"
"1,765","2026 Feb 16 12:00:00 AM","2026","FY25-26","February","16","Monday","07:09:50","18:12:52","122","$1,229.38","3","$60","$7,045.87","$16,503.42","$625.28","$7,980.42","304","107.2%","326","$33,444","$102.59","Winter"
"1,766","2026 Feb 17 12:00:00 AM","2026","FY25-26","February","17","Tuesday","07:08:48","18:13:46","110","$1,200","4","$150","$6,087.3","$13,126","$1,144.49","$7,216.22","304","93.1%","283","$28,924","$102.2","Winter"
"1,767","2026 Feb 18 12:00:00 AM","2026","FY25-26","February","18","Wednesday","07:07:44","18:14:39","144","$1,436","1","$60","$5,444.33","$13,684","$2,294.6","$6,828.33","304","97%","295","$29,747","$100.84","Winter"
"1,768","2026 Feb 19 12:00:00 AM","2026","FY25-26","February","19","Thursday","07:06:40","18:15:32","125","$1,263","4","$150","$7,960.74","$15,550.5","$2,143.45","$7,520.91","308","94.5%","291","$34,589","$118.86","Winter"
"1,769","2026 Feb 20 12:00:00 AM","2026","FY25-26","February","20","Friday","07:05:34","18:16:25","127","$1,288","24","$1,090","$12,117.41","$20,172.3","$2,389.4","$8,844.92","308","102.6%","316","$45,902","$145.26","Winter"
"1,770","2026 Feb 21 12:00:00 AM","2026","FY25-26","February","21","Saturday","07:04:28","18:17:17","186","$2,408.55","1","$40","$13,182.49","$12,377.1","$2,016.1","$9,629.93","308","102.9%","317","$39,654","$125.09","Winter"
"1,771","2026 Feb 22 12:00:00 AM","2026","FY25-26","February","22","Sunday","07:03:20","18:18:09","107","$1,082","7","$300","$10,414.72","$16,979.7","$1,052.28","$8,993.08","308","98.7%","304","$38,822","$127.7","Winter"
"1,772","2026 Feb 23 12:00:00 AM","2026","FY25-26","February","23","Monday","07:02:12","18:19:00","111","$1,120","7","$290","$6,208.55","$17,346","$1,597.12","$7,730.59","312","102.6%","320","$34,292","$107.16","Winter"
"1,773","2026 Feb 24 12:00:00 AM","2026","FY25-26","February","24","Tuesday","07:01:03","18:19:51","126","$1,262","8","$290","$5,849.42","$15,806","$3,905","$7,479.6","312","98.7%","308","$34,592","$112.31","Winter"
"1,774","2026 Feb 25 12:00:00 AM","2026","FY25-26","February","25","Wednesday","06:59:53","18:20:42","143","$1,406.92","2","$80","$7,130.96","$14,485.88","$673.45","$7,216.91","312","99%","309","$30,994","$100.3","Winter"
"1,775","2026 Feb 26 12:00:00 AM","2026","FY25-26","February","26","Thursday","06:58:42","18:21:33","105","$1,050","3","$160","$9,182.79","$17,229.6","$1,166.54","$7,125.36","312","103.2%","322","$35,914","$111.54","Winter"
"1,776","2026 Feb 27 12:00:00 AM","2026","FY25-26","February","27","Friday","06:57:31","18:22:23","112","$1,131","26","$1,350","$14,288.49","$19,572.3","$1,618.19","$8,903.88","316","100.3%","317","$46,864","$147.84","Winter"
"1,777","2026 Feb 28 12:00:00 AM","2026","FY25-26","February","28","Saturday","06:56:19","18:23:13","95","$978","15","$600","$13,704.2","$21,541","$1,453.84","$33,805.15","316","102.5%","324","$72,082","$222.48","Winter"
"1,778","2026 Mar 01 12:00:00 AM","2026","FY25-26","March","1","Sunday","06:55:06","18:24:02","196","$2,627.8","4","$170","$9,470.57","$12,542.6","$1,143.07","$9,738.29","316","107.6%","340","$35,692","$104.98","Spring"
"1,779","2026 Mar 02 12:00:00 AM","2026","FY25-26","March","2","Monday","06:53:52","18:24:51","89","$896","10","$460","$5,931.64","$17,679","$2,211.06","$6,323.05","316","99.7%","315","$33,501","$106.35","Spring"
"1,780","2026 Mar 03 12:00:00 AM","2026","FY25-26","March","3","Tuesday","06:52:38","18:25:40","121","$1,262","4","$120","$6,733.59","$16,085","$1,834.19","$7,701.69","320","95.6%","306","$33,736","$110.25","Spring"
"1,781","2026 Mar 04 12:00:00 AM","2026","FY25-26","March","4","Wednesday","06:51:23","18:26:29","134","$1,352.22","8","$200","$6,418.39","$16,332.78","$931.34","$8,438.97","320","103.1%","330","$33,674","$102.04","Spring"
"1,782","2026 Mar 05 12:00:00 AM","2026","FY25-26","March","5","Thursday","06:50:08","18:27:17","122","$1,226","5","$240","$8,369.25","$16,590","$1,966.93","$8,036.4","320","101.6%","325","$36,429","$112.09","Spring"
"1,783","2026 Mar 06 12:00:00 AM","2026","FY25-26","March","6","Friday","06:48:52","18:28:05","29","$280.38","8","$320","$12,341.53","$20,871.81","$7,401.07","$8,364.85","324","77.8%","252","$49,580","$196.74","Spring"
"1,784","2026 Mar 07 12:00:00 AM","2026","FY25-26","March","7","Saturday","06:47:35","18:28:53","90","$876","9","$400","$12,360.27","$22,528","$3,307.31","$8,521.29","324","84.9%","275","$47,993","$174.52","Spring"
"1,785","2026 Mar 08 12:00:00 AM","2026","FY25-26","March","8","Sunday","06:46:18","18:29:40","180","$2,398.35","5","$180","$9,254.14","$12,806.48","$942.96","$9,386.92","324","105.9%","343","$34,969","$101.95","Spring"
"1,786","2026 Mar 09 12:00:00 AM","2026","FY25-26","March","9","Monday","06:45:01","18:30:27","115","$1,168","6","$260","$5,447.1","$17,745","$783.5","$6,884.46","324","107.4%","348","$32,288","$92.78","Spring"
"1,787","2026 Mar 10 12:00:00 AM","2026","FY25-26","March","10","Tuesday","06:43:43","18:31:14","126","$1,270","8","$200","$5,943","$16,806.05","$2,741.32","$7,336.23","328","100.3%","329","$34,297","$104.24","Spring"
"1,788","2026 Mar 11 12:00:00 AM","2026","FY25-26","March","11","Wednesday","06:42:25","18:32:00","165","$1,650","14","$720","$7,474.17","$16,646","$1,754.1","$7,533.85","328","99.4%","326","$35,778","$109.75","Spring"
"1,789","2026 Mar 12 12:00:00 AM","2026","FY25-26","March","12","Thursday","06:41:06","18:32:47","90","$900","3","$120","$8,629.42","$18,023.6","$1,776.62","$8,581.06","328","101.5%","333","$38,031","$114.21","Spring"
"1,790","2026 Mar 13 12:00:00 AM","2026","FY25-26","March","13","Friday","06:39:47","18:33:33","82","$820","13","$630","$12,629.1","$21,119","$2,206.48","$7,974.15","328","97%","318","$45,379","$142.7","Spring"
"1,791","2026 Mar 14 12:00:00 AM","2026","FY25-26","March","14","Saturday","06:38:28","18:34:19","108","$1,080","10","$410","$12,284.71","$22,704","$1,732.77","$9,821.96","332","97.9%","325","$48,033","$147.8","Spring"
"1,792","2026 Mar 15 12:00:00 AM","2026","FY25-26","March","15","Sunday","06:37:09","18:35:04","226","$2,998.89","3","$160","$8,472.17","$13,154.4","$1,144.85","$8,168.19","332","106.9%","355","$34,099","$96.05","Spring"
"1,793","2026 Mar 16 12:00:00 AM","2026","FY25-26","March","16","Monday","06:35:49","18:35:50","127","$1,470","13","$600","$6,399.99","$16,860.75","$1,103.57","$6,067.82","332","96.1%","319","$32,502","$101.89","Spring"
"1,794","2026 Mar 17 12:00:00 AM","2026","FY25-26","March","17","Tuesday","06:34:29","18:36:35","118","$1,422","11","$340","$6,515.51","$18,622.5","$1,070.74","$6,960.33","332","105.7%","351","$34,931","$99.52","Spring"
"1,795","2026 Mar 18 12:00:00 AM","2026","FY25-26","March","18","Wednesday","06:33:09","18:37:21","151","$1,510","9","$450","$6,075","$16,500","$996.6","$7,060.17","336","92.9%","312","$32,592","$104.46","Spring"
"1,796","2026 Mar 19 12:00:00 AM","2026","FY25-26","March","19","Thursday","06:31:49","18:38:06","127","$1,292","11","$540","$8,599.15","$15,079","$917.36","$7,012.44","336","87.8%","295","$33,440","$113.36","Spring"
"1,797","2026 Mar 20 12:00:00 AM","2026","FY25-26","March","20","Friday","06:30:29","18:38:50","34","$340","12","$520","$17,186.93","$19,570","$1,573.03","$7,326.55","336","70.8%","238","$46,517","$195.45","Spring"
"1,798","2026 Mar 21 12:00:00 AM","2026","FY25-26","March","21","Saturday","06:29:08","18:39:35","41","$932","2","$120","$13,518.04","$18,263","$1,407.99","$8,209.94","336","69.9%","235","$42,451","$180.64","Spring"
"1,799","2026 Mar 22 12:00:00 AM","2026","FY25-26","March","22","Sunday","06:27:48","18:40:20","185","$2,473.96","1","$60","$7,076.56","$11,687.09","$1,440.62","$6,872.6","340","90%","306","$29,611","$96.77","Spring"
"1,800","2026 Mar 23 12:00:00 AM","2026","FY25-26","March","23","Monday","06:26:27","18:41:04","124","$1,226.88","6","$260","$5,341.04","$17,653.12","$1,194.16","$6,197.06","340","94.7%","322","$31,872","$98.98","Spring"
"1,801","2026 Mar 24 12:00:00 AM","2026","FY25-26","March","24","Tuesday","06:25:07","18:41:49","111","$1,096","3","$80","$6,152.14","$15,943.58","$3,337.28","$6,992.31","340","93.5%","318","$33,601","$105.66","Spring"
"1,802","2026 Mar 25 12:00:00 AM","2026","FY25-26","March","25","Wednesday","06:23:46","18:42:33","157","$1,580","8","$390","$6,711.76","$16,561","$1,961.12","$7,161.26","340","94.1%","320","$34,365","$107.39","Spring"
"1,803","2026 Mar 26 12:00:00 AM","2026","FY25-26","March","26","Thursday","06:22:26","18:43:17","146","$1,470","13","$630","$8,765.77","$17,273.89","$1,694.09","$6,327.33","344","95.9%","330","$36,161","$109.58","Spring"
"1,804","2026 Mar 27 12:00:00 AM","2026","FY25-26","March","27","Friday","06:21:05","18:44:01","45","$460","8","$420","$12,194.71","$19,615","$1,232.14","$7,643.02","344","69.2%","238","$41,565","$174.64","Spring"
"1,805","2026 Mar 28 12:00:00 AM","2026","FY25-26","March","28","Saturday","06:19:45","18:44:46","196","$2,603.95","4","$200","$12,230.88","$12,902.2","$1,303.62","$9,644","344","96.2%","331","$38,885","$117.48","Spring"
"1,806","2026 Mar 29 12:00:00 AM","2026","FY25-26","March","29","Sunday","06:18:25","18:45:30","181","$2,446.1","3","$110","$9,213.64","$12,718.1","$820.27","$7,351.82","344","90.4%","311","$32,660","$105.02","Spring"
"1,807","2026 Mar 30 12:00:00 AM","2026","FY25-26","March","30","Monday","06:17:05","18:46:14","114","$1,103.46","8","$330","$5,528.24","$16,789.8","$1,130.46","$5,550.84","348","92.2%","321","$30,433","$94.81","Spring"
"1,808","2026 Mar 31 12:00:00 AM","2026","FY25-26","March","31","Tuesday","06:15:45","18:46:58","125","$1,272.17","4","$120","$5,985.53","$15,749.33","$592.87","$30,106.61","348","89.7%","312","$53,827","$172.52","Spring"
"1,809","2026 Apr 01 12:00:00 AM","2026","FY25-26","April","1","Wednesday","06:14:25","18:47:42","175","$1,750","3","$180","$5,316.58","$17,145","$928.91","$7,960.97","348","101.1%","352","$33,281","$94.55","Spring"
"1,810","2026 Apr 02 12:00:00 AM","2026","FY25-26","April","2","Thursday","06:13:06","18:48:26","118","$1,186","9","$340","$5,729.44","$18,910","$2,064.59","$8,324.22","348","100.9%","351","$36,554","$104.14","Spring"
"1,811","2026 Apr 03 12:00:00 AM","2026","FY25-26","April","3","Friday","06:11:47","18:49:10","154","$1,499.45","4","$130","$8,285.04","$19,546.05","$3,394.97","$9,191.18","352","99.7%","351","$42,047","$119.79","Spring"
"1,812","2026 Apr 04 12:00:00 AM","2026","FY25-26","April","4","Saturday","06:10:28","18:49:54","112","$1,212","4","$200","$11,210.78","$18,400","$1,457.49","$7,986.62","352","95.5%","336","$40,467","$120.44","Spring"
"1,813","2026 Apr 05 12:00:00 AM","2026","FY25-26","April","5","Sunday","06:09:10","18:50:38","162","$1,983.9","0","$0","$10,581.32","$11,837.6","$1,199.25","$5,427.53","352","87.5%","308","$31,030","$100.75","Spring"
"1,814","2026 Apr 06 12:00:00 AM","2026","FY25-26","April","6","Monday","06:07:52","18:51:22","114","$1,184","5","$130","$8,266.51","$15,382","$1,180.9","$7,278.99","356","92.7%","330","$33,422","$101.28","Spring"
"1,815","2026 Apr 07 12:00:00 AM","2026","FY25-26","April","7","Tuesday","06:06:34","18:52:06","137","$1,488","4","$70","$4,785.17","$15,092","$1,450.95","$8,097.01","356","97.5%","347","$30,983","$89.29","Spring"
"1,816","2026 Apr 08 12:00:00 AM","2026","FY25-26","April","8","Wednesday","06:05:17","18:52:50","160","$1,618","0","$0","$4,788.25","$15,549","$1,679.39","$7,373.88","356","96.6%","344","$31,009","$90.14","Spring"
"1,817","2026 Apr 09 12:00:00 AM","2026","FY25-26","April","9","Thursday","06:04:00","18:53:34","90","$912","19","$900","$6,339.24","$19,924.12","$1,647","$8,218.45","356","96.6%","344","$37,941","$110.29","Spring"
"1,818","2026 Apr 10 12:00:00 AM","2026","FY25-26","April","10","Friday","06:02:44","18:54:19","56","$537.82","0","$0","$14,608.17","$19,419.18","$816.67","$12,613.41","360","63.1%","227","$47,995","$211.43","Spring"
"1,819","2026 Apr 11 12:00:00 AM","2026","FY25-26","April","11","Saturday","06:01:28","18:55:03","41","$416","3","$180","$16,243.76","$20,517","$2,007.86","$9,999.45","360","63.9%","230","$49,364","$214.63","Spring"
"1,820","2026 Apr 12 12:00:00 AM","2026","FY25-26","April","12","Sunday","06:00:13","18:55:47","200","$2,645.18","3","$130","$8,734.65","$13,659.6","$1,059.37","$8,656.34","360","96.1%","346","$34,885","$100.82","Spring"
"1,821","2026 Apr 13 12:00:00 AM","2026","FY25-26","April","13","Monday","05:58:58","18:56:32","103","$1,048","3","$140","$7,640.52","$16,440","$2,116.74","$7,629","360","93.1%","335","$35,014","$104.52","Spring"
"1,822","2026 Apr 14 12:00:00 AM","2026","FY25-26","April","14","Tuesday","05:57:44","18:57:16","87","$860","3","$130","$6,518.09","$17,065.5","$913.09","$7,598.97","364","93.4%","340","$33,086","$97.31","Spring"
"1,823","2026 Apr 15 12:00:00 AM","2026","FY25-26","April","15","Wednesday","05:56:31","18:58:01","136","$1,366","3","$160","$8,412.24","$16,738.79","$1,080.38","$8,998.36","364","95.6%","348","$36,756","$105.62","Spring"
"1,824","2026 Apr 16 12:00:00 AM","2026","FY25-26","April","16","Thursday","05:55:18","18:58:46","46","$478","0","$0","$13,177.73","$19,148.5","$963.18","$7,537.28","364","66.2%","241","$41,305","$171.39","Spring"
"1,825","2026 Apr 17 12:00:00 AM","2026","FY25-26","April","17","Friday","05:54:06","18:59:30","153","$1,548","6","$340","$12,137.19","$19,804.35","$1,990.1","$635.94","364","100.3%","365","$36,456","$99.88","Spring"
"1,826","2026 Apr 18 12:00:00 AM","2026","FY25-26","April","18","Saturday","05:52:54","19:00:15","73","$752","17","$665","$13,350.43","$24,001","$1,970.66","$11,210.95","368","98.4%","362","$51,950","$143.51","Spring"
"1,827","2026 Apr 19 12:00:00 AM","2026","FY25-26","April","19","Sunday","05:51:44","19:01:00","172","$2,231.39","3","$120","$9,007.2","$14,338.8","$1,151.61","$7,740.82","368","99.2%","365","$34,590","$94.77","Spring"
"1,828","2026 Apr 20 12:00:00 AM","2026","FY25-26","April","20","Monday","05:50:34","19:01:45","134","$1,507","8","$470","$7,238.97","$17,828","$831.11","$6,192.04","368","94%","346","$34,067","$98.46","Spring"
"1,829","2026 Apr 21 12:00:00 AM","2026","FY25-26","April","21","Tuesday","05:49:24","19:02:30","123","$1,210","2","$100","$7,116.01","$14,883","$889.32","$6,605.56","368","87.5%","322","$30,804","$95.66","Spring"
"1,830","2026 Apr 22 12:00:00 AM","2026","FY25-26","April","22","Wednesday","05:48:16","19:03:15","155","$1,550","3","$140","$6,727.94","$13,961","$1,442.69","$6,803.61","368","88.3%","325","$30,625","$94.23","Spring"
"1,831","2026 Apr 23 12:00:00 AM","2026","FY25-26","April","23","Thursday","05:47:08","19:04:01","96","$972","5","$190","$8,984.95","$13,544","$1,962.04","$8,537.16","372","83.1%","309","$34,190","$110.65","Spring"
"1,832","2026 Apr 24 12:00:00 AM","2026","FY25-26","April","24","Friday","05:46:02","19:04:46","37","$390","27","$1,130","$15,679.2","$20,354","$3,605.71","$8,036.27","372","76.9%","286","$49,195","$172.01","Spring"
"1,833","2026 Apr 25 12:00:00 AM","2026","FY25-26","April","25","Saturday","05:44:56","19:05:31","43","$0","0","$0","$10,700.46","$20,325","$1,652.33","$9,421.11","372","68%","253","$42,099","$166.4","Spring"
"1,834","2026 Apr 26 12:00:00 AM","2026","FY25-26","April","26","Sunday","05:43:51","19:06:17","184","$2,491.18","3","$110","$8,786.02","$13,846.4","$1,063.06","$8,751.34","372","94.4%","351","$35,048","$99.85","Spring"
"1,835","2026 Apr 27 12:00:00 AM","2026","FY25-26","April","27","Monday","05:42:47","19:07:02","87","$880","6","$260","$5,048.14","$13,670.4","$1,494.62","$6,769.25","376","84.8%","319","$28,122","$88.16","Spring"
"1,836","2026 Apr 28 12:00:00 AM","2026","FY25-26","April","28","Tuesday","05:41:44","19:07:48","112","$1,242.92","3","$130","$7,816.7","$12,181","$774.89","$6,807.26","376","87.8%","330","$28,953","$87.74","Spring"
"1,837","2026 Apr 29 12:00:00 AM","2026","FY25-26","April","29","Wednesday","05:40:42","19:08:33","103","$1,036","4","$140","$8,279.57","$12,827","$2,502.95","$7,848.26","376","79.3%","298","$32,634","$109.51","Spring"
"1,838","2026 Apr 30 12:00:00 AM","2026","FY25-26","April","30","Thursday","05:39:41","19:09:19","121","$1,210","6","$360","$8,586.19","$13,916.15","$972.18","$30,090.41","376","92.3%","347","$55,135","$158.89","Spring"
